kmer_id	canonical_kmer	reverse_complement	target_family	categories	target_count	other_family_count	family_count_fraction	family_log2_enrichment	background_count	family_background_log2_enrichment	union_background_log2_enrichment	target_prevalence_haps	union_prevalence_haps	GC_percent	max_homopolymer	base_entropy_bits	self_complementary_stem_proxy	sequence_quality_score	target_score	family_score	background_enrichment_score	hap_coverage_score	background_absolute_score	quality_score	exact_composite_score	shortlist_category	category_rank
k16_360e8560	ATCGAATGGACCCGAA	TTCGGGTCCATTCGAT	HSat2	chromosome_HSat2_chr1	3791799	3	0.9999992088194478	18.19642817645111	13030	15.025071392012512	14.075286427574351	573	573	50.0	3	1.9056390622295665	3	0.9500000000000001	0.9817778701586641	0.9936950045035682	0.9609921707198781	0.9508071779948729	0.018568558165315597	0.8814522275341232	0.863988775722303	chromosome_HSat2_chr1	1
k16_6214f638	CGAGACCATTCGATGA	TCATCGAATGGTCTCG	HSat2	chromosome_HSat2_chr1;pan_HSat2	6719254	1	0.9999998511739768	19.29079125622206	22035	15.142119929015827	14.192332585788932	573	573	50.0	2	1.9772170014624826	3	1.0	0.9950807177994873	0.9999307143352041	0.9767200166285596	0.8096722788055152	0.0048499965357167605	0.9418000415713988	0.8575521374627589	chromosome_HSat2_chr1	2
k16_238f53da	AGATGATTCCATTCGG	CCGAATGGAATCATCT	HSat2	chromosome_HSat2_chr1	3616944	0	1.0	18.55322087905636	12915	14.968687993352303	14.01890204860871	573	573	43.75	2	1.9772170014624826	3	0.9125	0.9810157278459087	0.9961200027714265	0.9548257465530382	0.9513614633132405	0.019330700478071085	0.7995565717453059	0.8509630707406639	chromosome_HSat2_chr1	3
k16_a0d364c8	GGAATCATCGCATAGA	TCTATGCGATGATTCC	HSat2	chromosome_HSat2_chr1;pan_HSat2	4678591	1	0.9999997862604818	18.768565183585004	14788	15.159923458830065	14.210137029603713	573	573	43.75	2	1.936278124459133	2	0.9624999999999999	0.9906464352525463	0.9990992863576525	0.9794914432203977	0.8071087092080649	0.013649275964802882	0.8960022171412735	0.8506789995150004	chromosome_HSat2_chr1	4
k16_4f6fd4d6	CATTCGTTTCCATCCG	CGGATGGAAACGAATG	HSat2	chromosome_HSat2_chr1;pan_HSat2	2272644	2	0.9999991199685301	17.58613478295675	6000	15.27196360317245	14.322180994773813	572	572	50.0	3	1.811278124459133	2	1.0	0.9597450287535509	0.9741564470311093	0.9899535786045867	0.7548673179519158	0.07475923231483406	0.9413843275826231	0.8466846809395135	chromosome_HSat2_chr1	5
k16_60e836d1	CGAATGGAATCGTCAC	GTGACGATTCCATTCG	HSat2	chromosome_HSat2_chr10	176537	0	1.0	14.196565199864043	134	14.040694515506251	13.09097665762826	573	573	50.0	2	1.9772170014624826	3	1.0	0.6718630915263631	0.7520958913600776	0.7577773158733458	0.9768585879581515	0.7360909027922123	0.9530243192683434	0.7994387861151528	chromosome_HSat2_chr10	1
k16_ae3d4f60	GGTGATTCCATTCGAA	TTCGAATGGAATCACC	HSat2	chromosome_HSat2_chr10	176591	2	0.9999886745227727	13.900317644429984	127	14.04887449951796	13.099172957374874	573	573	43.75	2	1.9772170014624826	3	0.9125	0.6719323771911592	0.7293701933070048	0.7586780295156932	0.9766507309637636	0.7478694658075244	0.8116122774198018	0.7750225178410587	chromosome_HSat2_chr10	2
k16_6834d350	CGGAATCATCATCCAA	TTGGATGATGATTCCG	HSat2	chromosome_HSat2_chr10;pan_HSat2	216651	0	1.0	14.4919532818896	175	14.29157062019427	13.341839509609073	573	573	43.75	2	1.8828560636920488	3	0.9125	0.6904316496916788	0.772535162474884	0.7982401441141828	0.872722233769833	0.6935495046074968	0.7905494353218319	0.7710870920806485	chromosome_HSat2_chr10	3
k16_34d83a51	ATCATCGAATGGCCAC	GTGGCCATTCGATGAT	HSat2	chromosome_HSat2_chr10;pan_HSat2	147739	0	1.0	13.9396603088268	137	13.780485671614155	12.830781765323335	573	573	50.0	2	1.954434002924965	3	1.0	0.6521859627243123	0.7323494768932308	0.7210559135314903	0.8880343656897388	0.7319337629044551	0.9434628975265018	0.7690362364026884	chromosome_HSat2_chr10	4
k16_3dbf535a	ATTCGTTTCCATCCGG	CCGGATGGAAACGAAT	HSat2	chromosome_HSat2_chr10;pan_HSat2	193556	0	1.0	14.329338887187053	145	14.161390522760158	13.211666371364808	566	566	50.0	3	1.8828560636920488	2	1.0	0.6803159426314696	0.7613801704427354	0.7755837317259059	0.6654888103651354	0.7194623432411834	0.9431857548673179	0.7567033880690085	chromosome_HSat2_chr10	5
k16_6f83a0d8	CGTTGAATGGAATCGA	TCGATTCCATTCAACG	HSat2	chromosome_HSat2_chr16	647310	0	1.0	16.070995520646665	1888	14.688311480690158	13.73854156487649	573	573	43.75	2	1.9237949406953985	2	0.9624999999999999	0.8896972216448417	0.9440864685096654	0.9093050647820966	0.9557264601953855	0.25767338737615186	0.9021686413081134	0.8530693549504608	chromosome_HSat2_chr16	1
k16_8760ea34	GACTCGAATGGGATCA	TGATCCCATTCGAGTC	HSat2	chromosome_HSat2_chr16	570771	0	1.0	15.889453574846895	1656	14.620423521475947	13.67065622357667	573	573	50.0	3	1.954434002924965	2	1.0	0.8475715374489018	0.917550058892815	0.890667220951985	0.9589828864407954	0.30063049954964316	0.9482436083974226	0.8473047876394374	chromosome_HSat2_chr16	2
k16_61d4f638	CGACTCCATTCGATGA	TCATCGAATGGAGTCG	HSat2	chromosome_HSat2_chr16;pan_HSat2	1039193	0	1.0	16.753922539027958	3125	14.881775706082976	13.931998428206903	573	573	50.0	2	1.9772170014624826	3	1.0	0.9143629183122012	0.9569043164969168	0.9408993279290515	0.8347536894616504	0.14556918173629876	0.9422157555601746	0.8435356474745375	chromosome_HSat2_chr16	3
k16_5318e3d4	CCATACGATGATTCCA	TGGAATCATCGTATGG	HSat2	chromosome_HSat2_chr16	1089284	0	1.0	16.821838465829146	3174	14.93334258918758	13.983564752097918	573	573	43.75	2	1.9237949406953985	3	0.9125	0.9184507725351625	0.9589136007759994	0.950599321000485	0.9519157486316081	0.14196632716690916	0.7996258574101018	0.8425206124852769	chromosome_HSat2_chr16	4
k16_d8b53d84	TCGAGTCCATTCGACA	TGTCGAATGGACTCGA	HSat2	chromosome_HSat2_chr16	611038	0	1.0	15.987802076040836	1812	14.641372489426256	13.691603732492753	573	573	50.0	2	1.9772170014624826	4	0.95	0.8707129494907504	0.9321000484999653	0.8971800734428047	0.958151458463244	0.26952123605625994	0.8700893785075868	0.8411868634379547	chromosome_HSat2_chr16	5
k16_b4d83a11	GTCATCGAATGGACAC	GTGTCCATTCGATGAC	HSat2	chromosome_HSat2_chr2	65854	0	1.0	12.774066731908992	9	12.763053481264388	11.813455906548404	573	573	50.0	2	1.9772170014624826	3	1.0	0.5302431926834338	0.6056259959814314	0.6112381348299037	0.9891914362918313	0.9438786115152775	0.9575278874800803	0.7358172244162683	chromosome_HSat2_chr2	1
k16_13d4f63a	ACATTCCATTCGATGG	CCATCGAATGGAATGT	HSat2	chromosome_HSat2_chr2	68521	0	1.0	12.831333848476639	0	12.831333848476639	11.881728807458916	560	560	43.75	2	1.9772170014624826	4	0.8624999999999999	0.5393889004364997	0.6156031317120487	0.6194138432758263	0.6293909790064436	0.9751264463382526	0.6522552483891083	0.644640753828033	chromosome_HSat2_chr2	2
k16_a7e2e834	GGCTTGAGTGGAATCA	TGATTCCACTCAAGCC	HSat2	chromosome_HSat2_chr2	42996	0	1.0	12.159107602403028	3	12.155427169502927	11.205931562937504	566	566	50.0	2	1.9056390622295665	3	1.0	0.43109540636042404	0.49913392919005056	0.528441765398739	0.672140234185547	0.9594678860943671	0.961061456384674	0.6326612623848126	chromosome_HSat2_chr2	3
k16_d8aa0d34	TCGAGGGGAATCATCA	TGATGATTCCCCTCGA	HSat2	chromosome_HSat2_chr2	41139	0	1.0	12.095426117352565	4	12.090520956996158	11.141038609469968	572	572	50.0	4	1.954434002924965	2	0.95	0.41723827340123326	0.4859696528788194	0.5188110579921015	0.7793251576248874	0.9573200304856925	0.8740386614009561	0.6281403727568766	chromosome_HSat2_chr2	4
k16_8f5fdbb5	GATTCCTTTCGTGTCC	GGACACGAAAGGAATC	HSat2	chromosome_HSat2_chr2	37354	0	1.0	11.956215537146736	7	11.947642420239358	10.998191178125003	571	571	50.0	3	1.7489992230622806	2	0.9929165587586501	0.3819025843552969	0.4481396799002286	0.4974710732349477	0.7502251784105869	0.9500450356821174	0.938612900990785	0.6138328829765122	chromosome_HSat2_chr2	5
k16_51d8e3d4	CCACTCGATGATTCCA	TGGAATCATCGAGTGG	HSat2	pan_HSat2	3178691	0	1.0	18.36688291393905	9394	15.1972007573929	14.247415294372848	573	573	50.0	2	1.9056390622295665	2	1.05	0.9783135869188665	0.9950807177994873	0.983648583108155	0.8033672833090834	0.032702833783690155	0.9815007274994804	0.8624090625649554	pan_HSat2	1
k16_60e83458	CGAATGGAATCACCGA	TCGGTGATTCCATTCG	HSat2	pan_HSat2	2564087	0	1.0	18.056896371458205	7349	15.197467876745872	14.247683366690275	573	573	50.0	2	1.9056390622295665	2	1.05	0.9706228781265156	0.9919628628836694	0.9837178687729509	0.8032979976442874	0.05321139056329245	0.9814314418346844	0.8622912769348022	pan_HSat2	2
k16_6214f638	CGAGACCATTCGATGA	TCATCGAATGGTCTCG	HSat2	chromosome_HSat2_chr1;pan_HSat2	6719254	1	0.9999998511739768	19.29079125622206	22035	15.142119929015827	14.192332585788932	573	573	50.0	2	1.9772170014624826	3	1.0	0.9950807177994873	0.9999307143352041	0.9767200166285596	0.8096722788055152	0.0048499965357167605	0.9418000415713988	0.8575521374627589	pan_HSat2	3
k16_63d47638	CGATTCCACTCGATGA	TCATCGAGTGGAATCG	HSat2	pan_HSat2	3033109	0	1.0	18.299247684246563	8876	15.202069074267245	14.252283802071679	573	573	50.0	2	1.9772170014624826	3	1.0	0.9770664449525394	0.9947342894755076	0.9842721540913185	0.8028822836555116	0.03616711702348784	0.9414536132474192	0.8564816739416615	pan_HSat2	4
k16_4d83a118	CATCGAATGGACACGA	TCGTGTCCATTCGATG	HSat2	pan_HSat2	1186154	0	1.0	16.944748632859515	2456	15.316604149145817	14.366825364591184	573	573	50.0	2	1.9056390622295665	3	1.0	0.9217071987805723	0.9606457423958983	0.9928635765260168	0.7952608605279567	0.19302986212152706	0.9412457562530312	0.8548222822697984	pan_HSat2	5
k16_a0d364c8	GGAATCATCGCATAGA	TCTATGCGATGATTCC	HSat2	chromosome_HSat2_chr1;pan_HSat2	4678591	1	0.9999997862604818	18.768565183585004	14788	15.159923458830065	14.210137029603713	573	573	43.75	2	1.936278124459133	2	0.9624999999999999	0.9906464352525463	0.9990992863576525	0.9794914432203977	0.8071087092080649	0.013649275964802882	0.8960022171412735	0.8506789995150004	pan_HSat2	6
k16_4f6fd4d6	CATTCGTTTCCATCCG	CGGATGGAAACGAATG	HSat2	chromosome_HSat2_chr1;pan_HSat2	2272644	2	0.9999991199685301	17.58613478295675	6000	15.27196360317245	14.322180994773813	572	572	50.0	3	1.811278124459133	2	1.0	0.9597450287535509	0.9741564470311093	0.9899535786045867	0.7548673179519158	0.07475923231483406	0.9413843275826231	0.8466846809395135	pan_HSat2	7
k16_4f62d4e8	CATTCGAGTCCATGGA	TCCATGGACTCGAATG	HSat2	chromosome_HSat2_chr1;pan_HSat2	3756467	1	0.9999997337924881	18.451868209250737	11637	15.160474318558672	14.210688628095498	573	573	50.0	2	2.0	4	0.95	0.9815700131642763	0.995496431788263	0.9797685858795815	0.806900852213677	0.02348784036582831	0.8686343795468717	0.8450460749670894	pan_HSat2	8
k16_3dab53d8	ATTCGGGTCCATTCGA	TCGAATGGACCCGAAT	HSat2	chromosome_HSat2_chr1;pan_HSat2	3798421	3	0.9999992101987561	18.19894549619	13026	15.027995033977819	14.078210061739377	573	573	50.0	3	1.9772170014624826	3	0.9500000000000001	0.981985727153052	0.9938335758331601	0.9612693133790619	0.8223515554631746	0.01863784383011155	0.8804822282269799	0.8447065752095892	pan_HSat2	9
k16_583a0d74	CCGAATGGAATCCTCA	TGAGGATTCCATTCGG	HSat2	chromosome_HSat2_chr1;pan_HSat2	2223319	0	1.0	17.85116692855113	6599	15.12462053496862	14.174836780328448	572	572	50.0	2	1.954434002924965	3	1.0	0.956557888172937	0.9862814383704012	0.9737407330423336	0.7557680315942632	0.06609852421533985	0.9420078985657867	0.8445922538626758	pan_HSat2	10
k16_638e2d4d	CGATGATGAGTCCATC	GATGGACTCATCATCG	HSat2	chromosome_HSat2_chr1;pan_HSat2	2133767	2	0.999999062691416	17.49516610907286	5692	15.244298556101896	14.294516392255801	573	573	50.0	2	2.0	4	0.95	0.9533707475923231	0.9711078777800873	0.9882907226494838	0.7990715720917342	0.07960922885055081	0.8684958082172799	0.8406498995357861	pan_HSat2	11
k16_40683406	CAAACGGAATCAAACG	CGTTTGATTCCGTTTG	HSat2	pan_HSat2	599676	0	1.0	15.960723628684992	506	15.443869587056469	14.494101221970146	572	572	43.75	3	1.7028195311147831	2	0.899002712654831	0.8626758123744197	0.9268343379754729	0.9979907157209174	0.754590175292732	0.5614910275064089	0.7417030416406846	0.8380932585048153	pan_HSat2	12
k16_608834d8	CGAAGAGAATCATCGA	TCGATGATTCTCTTCG	HSat2	pan_HSat2	3104899	1	0.9999996779284357	18.177038878059648	8668	15.265988612420093	14.316203708536365	573	573	43.75	2	1.8496017527145814	3	0.9125	0.9776207302709069	0.9933485761795885	0.9893992932862191	0.7980322871197949	0.038799972285734084	0.7818887272223377	0.8329418693272362	pan_HSat2	13
k16_8f77d8f5	GATTCTCTTCGATTCC	GGAATCGAAGAGAATC	HSat2	chromosome_HSat2_chr1;pan_HSat2	4687467	65	0.9999861334279958	15.85335760021623	14970	15.146301703518267	14.196534966113196	573	573	43.75	2	1.7961796919474975	2	0.9619694016593745	0.9907850065821382	0.9094436361116885	0.9774821589413151	0.8090487078223516	0.012748562322455484	0.8928843622254555	0.832106977066445	pan_HSat2	14
k16_a0d3e068	GGAATCATTGAACGGA	TCCGTTCAATGATTCC	HSat2	pan_HSat2	2836646	1	0.9999996474711165	18.046679072124853	9039	15.082248032947115	14.132463557909361	573	573	43.75	2	1.8828560636920488	3	0.9125	0.9745028753550891	0.9916857202244855	0.9676435945402896	0.8165315596203145	0.03491997505716067	0.7849372964733596	0.8304787639437401	pan_HSat2	15
k16_63dcf6b8	CGATTCTATTCGGTGA	TCACCGAATAGAATCG	HSat2	chromosome_HSat2_chr1;pan_HSat2	2312152	0	1.0	17.907687977388196	7127	15.086333531899704	14.136549558877203	573	573	43.75	2	1.936278124459133	3	0.9125	0.9612693133790619	0.9878750086607081	0.968475022517841	0.815769417307559	0.05667567380309014	0.7845908681493798	0.829245479110372	pan_HSat2	16
k16_42e8362e	CAAGTGGAATCGAGTG	CACTCGATTCCACTTG	HSat2	chromosome_HSat2_chr16;pan_HSat2	552530	0	1.0	15.842595122685667	1650	14.57662652219659	13.626859955227951	573	573	50.0	2	1.8828560636920488	2	1.05	0.830942977897873	0.9048014965703596	0.8776415159703458	0.859142243469826	0.30243192683433795	0.9817778701586641	0.8290584078154231	pan_HSat2	17
k16_53d8e38d	CCATTCGATGATGATC	GATCATCATCGAATGG	HSat2	chromosome_HSat2_chr1;pan_HSat2	2275863	1	0.9999995606064335	17.728907844593653	6855	15.111573146788306	14.16178989482311	573	573	43.75	2	1.9772170014624826	3	0.9125	0.9600221714127347	0.9833021547841752	0.9723550197464145	0.8124437053973533	0.06166424166839881	0.7841751541606041	0.8287951222891983	pan_HSat2	18
k16_760e434d	CTCGAATGCAATCATC	GATGATTGCATTCGAG	HSat2	pan_HSat2	4575339	2	0.9999995628741115	18.59563870975623	18922	14.79546989308979	13.845683847097721	573	573	43.75	2	1.9237949406953985	3	0.9125	0.989607150280607	0.9964664310954063	0.9273886232938405	0.8426522552483892	0.006512852490819649	0.7877087230651978	0.8278978729300908	pan_HSat2	19
k16_60e83608	CGAATGGAATCGAAGA	TCTTCGATTCCATTCG	HSat2	chromosome_HSat2_chr1;pan_HSat2	4331211	3	0.9999993073535502	18.388315697340264	14102	15.111992720235756	14.162207198566216	573	573	43.75	2	1.7961796919474975	3	0.9119694016593746	0.9873900090071365	0.9953578604586711	0.9724243054112104	0.8123744197325573	0.015450703249497679	0.7507794637289544	0.82705258781958	pan_HSat2	20
k16_0534d0fa	AACCATCATCAATTGG	CCAATTGATGATGGTT	HSat2	chromosome_HSat2_chr1;pan_HSat2;regional_HSat2_G1_group_enriched_exact	2018194	0	1.0	17.71151744972873	6793	14.949408132312227	13.999624955388663	567	567	37.5	2	1.9056390622295665	3	0.8250000000000001	0.9501836070117092	0.9826092981362157	0.9524700339499758	0.6792073719947342	0.06284209796993002	0.535924617196702	0.7656065959952887	regional_HSat2_G1_group_enriched_exact	1
k16_d34583a0	TCATCACCGAATGGAA	TTCCATTCGGTGATGA	HSat2	regional_HSat2_G1_group_enriched_exact	115975	0	1.0	13.590448584348902	569	13.0204978647181	12.070817381837998	573	573	43.75	2	1.936278124459133	3	0.9125	0.6276588373865447	0.7071987805722996	0.6406845423681841	0.9485207510566064	0.5332224762696598	0.7970622878126515	0.7102681355227602	regional_HSat2_G1_group_enriched_exact	2
k16_43143e38	CAATACCAATTGATGA	TCATCAATTGGTATTG	HSat2	chromosome_HSat2_chr1;pan_HSat2;regional_HSat2_G1_group_enriched_exact	2196179	0	1.0	17.833447690304073	8234	14.831499989172205	13.881716304774786	567	567	31.25	2	1.8496017527145814	4	0.6875	0.9548950322178341	0.9855192960576457	0.9320307628351694	0.6794845146539181	0.04267996951430749	0.18450772535162474	0.708355851174392	regional_HSat2_G1_group_enriched_exact	3
k16_b60e8760	GTCGAATGGACTCGAA	TTCGAGTCCATTCGAC	HSat2	regional_HSat2_G1_group_enriched_exact;regional_HSat2_G2_group_enriched_exact	654475	2891	0.9956021455323214	7.716017474144106	1922	14.688263799266295	13.744852249196178	573	573	50.0	2	1.954434002924965	4	0.95	0.8905979352871891	0.0010392849719393059	0.9092357791173006	0.9478278944086469	0.2526848195108432	0.8693272361948313	0.6580163514168919	regional_HSat2_G1_group_enriched_exact	4
k16_00c14d34	AAAATAACCATCATCA	TGATGATGGTTATTTT	HSat2	chromosome_HSat2_chr1;pan_HSat2;regional_HSat2_G1_group_enriched_exact	2068135	0	1.0	17.74678278883764	12057	14.252893878287304	13.303110550155246	567	567	25.0	4	1.4197367178034825	2	0.5471856552504837	0.9514307489780365	0.9834407261137671	0.7912422919697915	0.6805237996258574	0.022448555393889003	0.03214854846532252	0.6543684611653849	regional_HSat2_G1_group_enriched_exact	5
k16_8320d364	GAATAGAATCATCGCA	TGCGATGATTCTATTC	HSat2	chromosome_HSat2_chr16;regional_HSat2_G1_group_specific_exact	570745	0	1.0	15.88938785618309	1689	14.603634960821998	13.65386766393131	563	563	37.5	2	1.8802408149441479	2	0.875	0.84743296611931	0.9174114875632232	0.8864407953994319	0.6438023972840019	0.29328621908127206	0.7016559273886233	0.761404420425414	regional_HSat2_G1_group_specific_exact	1
k16_8b53d0e1	GAGTCCATTCAATGAC	GTCATTGAATGGACTC	HSat2	chromosome_HSat2_chr16;regional_HSat2_G1_group_specific_exact	517632	1	0.9999980681293503	15.592513089031694	2545	14.085385595547196	13.135623357524704	573	573	43.75	2	1.9772170014624826	4	0.8624999999999999	0.7935980045728539	0.8436222545555324	0.7631815977274302	0.9487978937157902	0.18540843899397214	0.6378438301115499	0.7366174738446616	regional_HSat2_G1_group_specific_exact	2
k16_0d340683	AATCATCAAACGGAAT	ATTCCGTTTGATGATT	HSat2	chromosome_HSat2_chr16;regional_HSat2_G1_group_specific_exact	302184	0	1.0	14.971989938507305	1115	14.008987569273286	13.05923994969021	573	573	31.25	3	1.7806390622295665	2	0.7348109808652175	0.7152359176886303	0.797963001454999	0.7534123189912008	0.9480357514030348	0.40933970761449456	0.28448693965218597	0.6791346220466985	regional_HSat2_G1_group_specific_exact	3
k16_63f4f630	CGATTTCATTCGATAA	TTATCGAATGAAATCG	HSat2	chromosome_HSat2_chr1;regional_HSat2_G1_group_specific_exact	88534	0	1.0	13.200974499273975	171	13.004874511159622	12.055227793754108	573	573	31.25	3	1.8828560636920488	3	0.6875	0.5810295849788679	0.6581445298967643	0.6379824014411418	0.9487286080509942	0.6959052172105591	0.1949005750710178	0.6165662024527125	regional_HSat2_G1_group_specific_exact	4
k16_d34483a0	TCATCACAGAATGGAA	TTCCATTCTGTGATGA	HSat2	chromosome_HSat2_chr16;regional_HSat2_G1_group_specific_exact;regional_HSat2_G2_group_enriched_exact	598586	274	0.9995424640149617	10.945525434210753	2659	14.251459980005333	13.302378367924767	573	573	37.5	2	1.8802408149441479	3	0.8250000000000001	0.8620522413912561	0.17501558927457908	0.7908265779810157	0.9481743227326266	0.1748770179449872	0.5513060347814037	0.6079886371509735	regional_HSat2_G1_group_specific_exact	5
k16_3a0d34da	ATGGAATCATCATCGG	CCGATGATGATTCCAT	HSat2	chromosome_HSat2_chr1;regional_HSat2_G2_group_enriched_exact	3877846	44	0.9999886536234911	16.063202695932493	12595	15.102316298460432	14.152549836276904	573	573	43.75	2	1.9772170014624826	3	0.9125	0.9821935841474398	0.9424236125545624	0.9709693064504954	0.94914432203977	0.020647128109194206	0.7972008591422435	0.8431337906187211	regional_HSat2_G2_group_enriched_exact	1
k16_d34da3a0	TCATCATCGGATGGAA	TTCCATCCGATGATGA	HSat2	chromosome_HSat2_chr1;regional_HSat2_G2_group_enriched_exact	4045585	1	0.9999997528170208	18.558839857151025	12929	15.128831847284058	14.179045888950569	572	572	43.75	2	1.9772170014624826	4	0.8624999999999999	0.9837871544377468	0.9963278597658145	0.9743643040254971	0.760548742465184	0.019261414813275132	0.6379131157763459	0.8025912838633686	regional_HSat2_G2_group_enriched_exact	2
k16_b60e8760	GTCGAATGGACTCGAA	TTCGAGTCCATTCGAC	HSat2	regional_HSat2_G1_group_enriched_exact;regional_HSat2_G2_group_enriched_exact	654475	2891	0.9956021455323214	7.716017474144106	1922	14.688263799266295	13.744852249196178	573	573	50.0	2	1.954434002924965	4	0.95	0.8905979352871891	0.0010392849719393059	0.9092357791173006	0.9478278944086469	0.2526848195108432	0.8693272361948313	0.6580163514168919	regional_HSat2_G2_group_enriched_exact	3
k16_2d4f438c	AGTCCATTCAATGATA	TATCATTGAATGGACT	HSat2	pan_HSat2;regional_HSat2_G1_group_enriched_exact;regional_HSat2_G2_group_enriched_exact	109027	0	1.0	13.501327647343453	378	13.098772834275143	12.149099293984182	573	573	31.25	2	1.8828560636920488	4	0.6875	0.618235986974295	0.6969445021824985	0.6517009630707407	0.902653640961685	0.6115845631538834	0.19032772119448485	0.6184819510843207	regional_HSat2_G2_group_enriched_exact	4
k16_d34483a0	TCATCACAGAATGGAA	TTCCATTCTGTGATGA	HSat2	chromosome_HSat2_chr16;regional_HSat2_G1_group_specific_exact;regional_HSat2_G2_group_enriched_exact	598586	274	0.9995424640149617	10.945525434210753	2659	14.251459980005333	13.302378367924767	573	573	37.5	2	1.8802408149441479	3	0.8250000000000001	0.8620522413912561	0.17501558927457908	0.7908265779810157	0.9481743227326266	0.1748770179449872	0.5513060347814037	0.6079886371509735	regional_HSat2_G2_group_enriched_exact	5
k16_80a0d3cd	GAAAGGAATCATTATC	GATAATGATTCCTTTC	HSat2	regional_HSat2_G2_group_specific_exact	51967	0	1.0	12.432446473909858	1646	11.1685224571524	10.218976140144447	572	572	31.25	3	1.8496017527145814	3	0.6875	0.4665003810711564	0.5407053280676228	0.29917550058892817	0.7606180281299799	0.3037483544654611	0.19496986073581377	0.43498926072195665	regional_HSat2_G2_group_specific_exact	1
k16_8d53d8b5	GATCCCATTCGAGTCC	GGACTCGAATGGGATC	HSat2	chromosome_HSat2_chr16;regional_HSat2_G3_group_enriched_exact	565030	0	1.0	15.874869249550429	1648	14.609922578729837	13.660155505787639	573	573	56.25	3	1.936278124459133	2	0.9124999999999999	0.8431372549019608	0.9142936326474053	0.8879650800249428	0.9498371786877295	0.30319406914709346	0.7599251714820203	0.8158629529550336	regional_HSat2_G3_group_enriched_exact	1
k16_760ec14d	CTCGAATGTAACCATC	GATGGTTACATTCGAG	HSat2	chromosome_HSat2_chr10;regional_HSat2_G3_group_enriched_exact	75698	0	1.0	12.97502405763809	36	12.931466682974513	11.981844162213921	573	573	43.75	2	1.9237949406953985	3	0.9125	0.561283170512021	0.6382595441003256	0.6284209796993002	0.9502528926765053	0.884847225109125	0.7990022864269383	0.7164657382387585	regional_HSat2_G3_group_enriched_exact	2
k16_7406834d	CTCAAACGGAATCATC	GATGATTCCGTTTGAG	HSat2	regional_HSat2_G3_group_enriched_exact	72408	0	1.0	12.910926117993757	51	12.849600935670775	11.89998599771401	573	573	43.75	3	1.8828560636920488	2	0.9124999999999999	0.5509596064574239	0.6267581237441974	0.6216309845492968	0.9501836070117092	0.8539458186101295	0.7599944571468163	0.7017910344349754	regional_HSat2_G3_group_enriched_exact	3
k16_2e0e836d	AGTGAATGGAATCGTC	GACGATTCCATTCACT	HSat2	chromosome_HSat2_chr10;regional_HSat2_G3_group_enriched_exact	87728	0	1.0	13.187781681152087	89	13.082400341149405	12.132754934788604	569	569	43.75	2	1.9237949406953985	2	0.9624999999999999	0.5797824430125407	0.6573131019192129	0.6495531074620661	0.7160673456661817	0.7925587196009146	0.9012679276657659	0.6991858934386475	regional_HSat2_G3_group_enriched_exact	4
k16_ad4f638c	GGTCCATTCGATGATA	TATCATCGAATGGACC	HSat2	regional_HSat2_G3_group_enriched_exact	78849	0	1.0	13.033854171529489	51	12.972528989206507	12.022899799158415	569	569	43.75	2	1.9772170014624826	3	0.9125	0.5673110233492691	0.6456731102334927	0.6325781195870575	0.7157209173422019	0.8538765329453336	0.7988637150973463	0.6816877987944294	regional_HSat2_G3_group_enriched_exact	5
k16_4f63853d	CATTCGATGACCATTC	GAATGGTCATCGAATG	HSat2	chromosome_HSat2_chr1;regional_HSat2_G3_group_specific_exact	171157	4	0.9999766301902887	13.609269070935035	271	13.852389071662847	12.902707175939424	568	568	43.75	2	1.9237949406953985	3	0.9125	0.6699923785768724	0.7090002078569944	0.7306866209381279	0.7022794983717868	0.6458809672278806	0.7982401441141828	0.7116018845700824	regional_HSat2_G3_group_specific_exact	1
k16_083a0d36	AAGAATGGAATCATCG	CGATGATTCCATTCTT	HSat2	regional_HSat2_G3_group_specific_exact	66176	2	0.9999697784762308	12.484413984358948	201	12.553188364915448	11.60363344595745	573	573	37.5	2	1.8496017527145814	3	0.8250000000000001	0.5312824776553731	0.5486038938543615	0.5866417238273401	0.9496293216933417	0.6787223723411626	0.5543546040324256	0.6267754451603964	regional_HSat2_G3_group_specific_exact	2
k16_b8f53d88	GTGATTCCATTCGAGA	TCTCGAATGGAATCAC	HSat2	regional_HSat2_G3_group_specific_exact	46966	0	1.0	12.286495216155707	158	12.104402374876136	11.154881938188238	572	572	43.75	2	1.9772170014624826	2	0.9624999999999999	0.4494561075313518	0.5192960576456731	0.521028199265572	0.7611030277835515	0.705120210628421	0.90119864200097	0.6178133444190397	regional_HSat2_G3_group_specific_exact	3
k16_2cd360e8	AGTATCATCGAATGGA	TCCATTCGATGATACT	HSat2	regional_HSat2_G3_group_specific_exact	53904	0	1.0	12.485233652576074	48	12.42744456904787	11.47788951787499	569	569	37.5	2	1.9056390622295665	3	0.8250000000000001	0.4750918035058546	0.5490196078431373	0.5681424513268205	0.7151666320238342	0.8581029584978868	0.5537310330492621	0.5945957181459156	regional_HSat2_G3_group_specific_exact	4
k16_14d343e7	ACCATCATCAATTGCT	AGCAATTGATGATGGT	HSat2	regional_HSat2_G3_group_specific_exact	61514	0	1.0	12.675724981828418	39	12.628596496657712	11.679012455500926	545	545	37.5	2	1.8231924110430977	3	0.8250000000000001	0.5133374904732211	0.5878888657936673	0.5953717175916303	0.5390424721125199	0.8794429432550406	0.5532460333956905	0.5911071849234394	regional_HSat2_G3_group_specific_exact	5
k16_476afbf4	CACTCGGGTTGTTTCA	TGAAACAACCCGAGTG	HSat3	chromosome_HSat3_chr1	40739	0	1.0	12.183574661256332	174	11.984261476682079	10.932540678523559	568	568	50.0	3	1.9056390622295665	2	1.0	0.5933136094674556	0.6497041420118344	0.6632544378698225	0.6435502958579882	0.4604733727810651	0.9132544378698225	0.6608224852071006	chromosome_HSat3_chr1	1
k16_411b0a0e	CAACACGTAAGGAATG	CATTCCTTACGTGTTG	HSat3	chromosome_HSat3_chr1	27030	0	1.0	11.591882891183328	128	11.442642898945886	10.39109084940099	233	233	43.75	2	1.8496017527145814	2	0.9624999999999999	0.43538461538461537	0.489112426035503	0.5250887573964497	0.0004142011834319527	0.4681065088757396	0.8292307692307692	0.4611745562130178	chromosome_HSat3_chr1	2
k16_7c6efbf4	CTTACGTGTTGTTTCA	TGAAACAACACGTAAG	HSat3	chromosome_HSat3_chr1	29863	0	1.0	11.735636144012133	143	11.569876214215506	10.518276597677152	233	233	37.5	3	1.7806390622295665	2	0.8223109808652176	0.47940828402366864	0.53301775147929	0.563905325443787	0.0	0.46514792899408286	0.32254437869822483	0.4101627218934911	chromosome_HSat3_chr1	3
k16_62e83f06	CGAGTGGAATTTAACG	CGTTAAATTCCACTCG	HSat3	chromosome_HSat3_chr1	22956	0	1.0	11.356275602337949	104	11.233867396140361	10.18240431965051	241	241	43.75	3	1.9237949406953985	2	0.9124999999999999	0.3632544378698225	0.4149112426035503	0.46349112426035505	0.00757396449704142	0.4719526627218935	0.6342603550295858	0.391801775147929	chromosome_HSat3_chr1	4
k16_1d1f53d4	ACTCACTTCCATTCCA	TGGAATGGAAGTGAGT	HSat3	chromosome_HSat3_chr1	15805	0	1.0	10.81803431816195	456	10.344757104993906	9.293561023000919	558	558	43.75	2	1.5461796919474975	1	0.9772471794371524	0.19562130177514792	0.23047337278106508	0.14017751479289942	0.5889940828402367	0.36668639053254437	0.8537869822485207	0.3663402366863905	chromosome_HSat3_chr1	5
k16_6f12d4f5	CGTTACAGTCCATTCC	GGAATGGACTGTAACG	HSat3	chromosome_HSat3_chr10;pan_HSat3	14163	0	1.0	10.65987281748078	22	10.633098510328242	9.582001760905921	568	568	50.0	2	1.8828560636920488	2	1.05	0.1498224852071006	0.17899408284023668	0.2537869822485207	0.6397633136094675	0.5357396449704142	0.9718934911242604	0.4118431952662722	chromosome_HSat3_chr10	1
k16_90ec3acc	GCAATGTAATGGTATA	TATACCATTACATTGC	HSat3	chromosome_HSat3_chr10;pan_HSat3	20427	0	1.0	11.18794979035949	57	11.119578306035237	10.068188302706808	566	566	31.25	2	1.8050365325772657	2	0.7875000000000001	0.31029585798816567	0.35781065088757397	0.42627218934911243	0.6220710059171598	0.49236686390532547	0.25189349112426035	0.39920710059171605	chromosome_HSat3_chr10	2
k16_53d43eac	CCATTCCAATTGGGTA	TACCCAATTGGAATGG	HSat3	chromosome_HSat3_chr10	21912	0	1.0	11.289151712574784	514	10.765445921937715	9.714010967791966	571	571	43.75	3	1.9772170014624826	4	0.8124999999999999	0.3415384615384615	0.39171597633136096	0.3040828402366864	0.7099408284023668	0.34094674556213017	0.2873372781065089	0.3911538461538462	chromosome_HSat3_chr10	3
k16_6e14f53d	CGTGACCATTCCATTC	GAATGGAATGGTCACG	HSat3	chromosome_HSat3_chr10;pan_HSat3	11348	0	1.0	10.340405171049245	20	10.31604446272292	9.265184810805229	564	564	50.0	2	1.8828560636920488	2	1.05	0.06562130177514792	0.08331360946745563	0.12751479289940829	0.6113609467455622	0.539526627218935	0.9727218934911243	0.34685502958579884	chromosome_HSat3_chr10	4
k16_1ec1a4e8	ACTGTAACGGCATGGA	TCCATGCCGTTACAGT	HSat3	chromosome_HSat3_chr10	10720	0	1.0	10.25833720758977	16	10.238815844499427	9.188026053821632	566	566	50.0	2	1.954434002924965	2	1.05	0.05005917159763314	0.06384615384615384	0.09680473372781065	0.6278698224852071	0.5511834319526627	0.9944970414201183	0.3406153846153846	chromosome_HSat3_chr10	5
k16_4d62e83a	CATCCGAGTGGAATGG	CCATTCCACTCGGATG	HSat3	chromosome_HSat3_chr17	52126	0	1.0	12.539099498137904	76	12.448639092655483	11.396845593646951	566	566	56.25	2	1.936278124459133	3	0.9125	0.6626627218934911	0.7201183431952662	0.7477514792899408	0.6245562130177514	0.4793491124260355	0.6758579881656804	0.669103550295858	chromosome_HSat3_chr17	1
k16_4be3d0f5	CAGTTGATTCAATTCC	GGAATTGAATCAACTG	HSat3	chromosome_HSat3_chr17	123403	0	1.0	13.782261889919788	1859	12.413304507055757	11.36136074218406	572	572	37.5	2	1.9056390622295665	4	0.775	0.8276331360946746	0.8721301775147929	0.7430769230769231	0.7420710059171598	0.10650887573964497	0.20863905325443788	0.6418254437869824	chromosome_HSat3_chr17	2
k16_d0766e80	TCAACTCGCGTGGAAA	TTTCCACGCGAGTTGA	HSat3	chromosome_HSat3_chr17	34638	0	1.0	11.94957435002443	52	11.887072391508223	10.835410203951607	554	554	50.0	3	1.9772170014624826	2	1.0	0.5357988165680473	0.5928994082840237	0.6420118343195266	0.5688757396449704	0.49911242603550293	0.9136686390532545	0.6264349112426035	chromosome_HSat3_chr17	3
k16_4f5fd466	CATTCCTTTCCACGCG	CGCGTGGAAAGGAATG	HSat3	chromosome_HSat3_chr17	34509	0	1.0	11.944192750370634	51	11.882867568047653	10.831206843398853	558	558	56.25	3	1.7961796919474975	1	0.9619694016593746	0.5345562130177515	0.5914792899408284	0.6411242603550296	0.58698224852071	0.5012426035502958	0.7983431952662722	0.6113550295857988	chromosome_HSat3_chr17	4
k16_4f52f8f4	CATTCCAGTTGATTCA	TGAATCAACTGGAATG	HSat3	chromosome_HSat3_chr17	113402	21	0.9998148523668039	11.967319966836119	1685	12.376603359373513	11.324936380816094	570	570	37.5	2	1.9056390622295665	3	0.8250000000000001	0.8158579881656804	0.5984023668639054	0.737396449704142	0.6890532544378698	0.12076923076923077	0.3642011834319527	0.600396449704142	chromosome_HSat3_chr17	5
k16_56ee83b0	CCCGTGTGGAATGTAA	TTACATTCCACACGGG	HSat3	chromosome_HSat3_chr20;pan_HSat3	63756	0	1.0	12.829613243327579	2	12.82715857845841	11.775317627837302	573	573	50.0	3	1.9772170014624826	2	1.0	0.7111834319526628	0.7675739644970414	0.7968047337278107	0.8387573964497042	0.6255621301775148	0.8873372781065089	0.7765828402366864	chromosome_HSat3_chr20	1
k16_2d0560e8	AGTCAACCCGAATGGA	TCCATTCGGGTTGACT	HSat3	chromosome_HSat3_chr20;pan_HSat3	71526	0	1.0	12.99549835796687	1	12.994270503472986	11.942406447469876	569	569	50.0	3	1.9056390622295665	2	1.0	0.7375147928994082	0.7923668639053254	0.8154437869822485	0.648698224852071	0.652189349112426	0.8865680473372781	0.7645739644970413	chromosome_HSat3_chr20	2
k16_3a0f1562	ATGGAATTACCCCGAG	CTCGGGGTAATTCCAT	HSat3	chromosome_HSat3_chr20;pan_HSat3	79173	0	1.0	13.142022050620701	7	13.133448933713323	12.081566565319891	571	571	50.0	4	1.9772170014624826	2	0.95	0.7579881656804733	0.8120118343195266	0.8310059171597634	0.6947337278106509	0.5803550295857988	0.7374556213017751	0.7530650887573964	chromosome_HSat3_chr20	3
k16_6f5fd4e5	CGTTCCTTTCCATGCC	GGCATGGAAAGGAACG	HSat3	chromosome_HSat3_chr20;pan_HSat3	77936	0	1.0	13.119305953476662	0	13.119305953476662	12.067426303751342	555	555	56.25	3	1.6774212838293647	1	0.945475178309634	0.7550295857988165	0.8090532544378698	0.829585798816568	0.5713609467455621	0.7182840236686391	0.7292899408284024	0.7456597633136094	chromosome_HSat3_chr20	4
k16_058ba2e8	AACCGAGTGGAGTGGA	TCCACTCCACTCGGTT	HSat3	chromosome_HSat3_chr20;pan_HSat3	60867	0	1.0	12.762721791764763	3	12.759041358864662	11.707210503268758	569	569	56.25	2	1.7961796919474975	2	0.9619694016593745	0.7006508875739645	0.7571597633136095	0.7884615384615384	0.6497633136094675	0.6083431952662722	0.7882248520710059	0.7257869822485207	chromosome_HSat3_chr20	5
k16_5314f514	CCATACCATTCCACCA	TGGTGGAATGGTATGG	HSat3	chromosome_HSat3_chr4	16456	0	1.0	10.87623536762318	385	10.467190155116786	9.41596017404109	431	431	50.0	2	1.4772170014624826	2	1.0051690279809002	0.21343195266272189	0.25059171597633134	0.19159763313609468	0.034556213017751476	0.41775147928994083	0.9410650887573965	0.3192426035502959	chromosome_HSat3_chr4	1
k16_0e8300a9	AATGGAATAAAAGGGC	GCCCTTTTATTCCATT	HSat3	chromosome_HSat3_chr4	12618	0	1.0	10.493338367501643	0	10.493338367501643	9.442358664370861	565	565	37.5	4	1.6493974703476992	2	0.7540829819927359	0.10485207100591716	0.1289940828402367	0.20071005917159762	0.6207100591715976	0.9384023668639053	0.1640828402366864	0.2984704142011835	chromosome_HSat3_chr4	2
k16_341feba0	ATCAACTTTGGTGGAA	TTCCACCAAAGTTGAT	HSat3	chromosome_HSat3_chr4	15641	0	1.0	10.802994415690943	1	10.80176656119706	9.750579463666046	430	430	37.5	3	1.9237949406953985	3	0.775	0.19112426035502958	0.22556213017751478	0.31810650887573966	0.034023668639053255	0.6988165680473373	0.22538461538461538	0.25575147928994085	chromosome_HSat3_chr4	3
k16_5f6af8f5	CCTTCGGGTTGATTCC	GGAATCAACCCGAAGG	HSat3	chromosome_HSat3_chr4	8993	0	1.0	10.005132859168059	2	10.002678194298891	8.952130756962685	557	557	56.25	3	1.8050365325772657	2	0.9124999999999999	0.001183431952662722	0.004260355029585799	0.00136094674556213	0.584792899408284	0.6511834319526627	0.6499408284023669	0.251689349112426	chromosome_HSat3_chr4	4
k16_194c63d4	ACGCCATACGATTCCA	TGGAATCGTATGGCGT	HSat3	chromosome_HSat3_chr5;pan_HSat3	75623	0	1.0	13.075846107000768	0	13.075846107000768	12.023971779361103	569	569	50.0	2	1.8828560636920488	2	1.05	0.749112426035503	0.8033727810650888	0.8246745562130178	0.6484023668639053	0.7185798816568048	0.9649704142011835	0.7892958579881657	chromosome_HSat3_chr5	1
k16_3b158ba0	ATGTACCCGAGTGGAA	TTCCACTCGGGTACAT	HSat3	chromosome_HSat3_chr5;pan_HSat3	59003	8	0.9998644320550406	11.829714125779834	0	12.71785639961268	11.66622811822656	569	569	50.0	3	1.954434002924965	2	1.0	0.6916568047337278	0.5592307692307692	0.782189349112426	0.6499408284023669	0.7205917159763313	0.8880473372781065	0.7093727810650887	chromosome_HSat3_chr5	2
k16_8f4be4f5	GATTCAGTTGCATTCC	GGAATGCAACTGAATC	HSat3	chromosome_HSat3_chr5;pan_HSat3	34601	0	1.0	11.94803284253115	0	11.94803284253115	10.896371073453034	569	569	43.75	2	1.936278124459133	2	0.9624999999999999	0.535207100591716	0.5923076923076923	0.6544378698224852	0.6520118343195266	0.724319526627219	0.8072781065088758	0.6477159763313609	chromosome_HSat3_chr5	3
k16_58ba0e02	CCGAGTGGAATGAAAG	CTTTCATTCCACTCGG	HSat3	chromosome_HSat3_chr5	29790	0	1.0	11.732106200177943	2	11.729651535308776	10.678053030956763	570	570	50.0	3	1.811278124459133	2	1.0	0.4780473372781065	0.531775147928994	0.6059171597633136	0.6901183431952663	0.6399408284023669	0.9150887573964497	0.627923076923077	chromosome_HSat3_chr5	4
k16_7dabe3d4	CTTCGGGTTGATTCCA	TGGAATCAACCCGAAG	HSat3	chromosome_HSat3_chr5;regional_HSat3_G6_group_enriched_exact;regional_HSat3_G7_group_enriched_exact	28085	0	1.0	11.647103625209159	0	11.647103625209159	10.595532740985984	572	572	50.0	3	1.9056390622295665	2	1.0	0.4517751479289941	0.5054437869822486	0.5845562130177515	0.733905325443787	0.7445562130177514	0.9001775147928994	0.6279230769230769	chromosome_HSat3_chr5	5
k16_34178ba4	ATCAACCTGAGTGGCA	TGCCACTCAGGTTGAT	HSat3	chromosome_HSat3_chr7	25353	0	1.0	11.499508764570304	5	11.493379915566994	10.441861029606425	551	551	50.0	2	1.9772170014624826	3	1.0	0.4071597633136095	0.4594082840236686	0.542189349112426	0.5568047337278107	0.5962130177514793	0.9172781065088758	0.5624852071005917	chromosome_HSat3_chr7	1
k16_4f539474	CATTCCATGCCACTCA	TGAGTGGCATGGAATG	HSat3	chromosome_HSat3_chr7	23020	0	1.0	11.360290626366373	499	10.849458675510586	9.797993957975601	570	570	50.0	2	1.771782221599798	3	0.9960808641110831	0.36414201183431955	0.41597633136094675	0.3344378698224852	0.691715976331361	0.34668639053254435	0.8776331360946745	0.49298224852071004	chromosome_HSat3_chr7	2
k16_39474ef8	ATGCCACTCATGTTGA	TCAACATGAGTGGCAT	HSat3	chromosome_HSat3_chr7	18879	0	1.0	11.074305505034799	0	11.074305505034799	10.022969882093818	479	479	43.75	2	1.9772170014624826	3	0.9125	0.27384615384615385	0.3181656804733728	0.41218934911242605	0.4073372781065089	0.8649704142011835	0.6880473372781065	0.4516449704142012	chromosome_HSat3_chr7	3
k16_4f5b1476	CATTCCGTACCACTCG	CGAGTGGTACGGAATG	HSat3	chromosome_HSat3_chr7	15652	0	1.0	10.804008109909269	0	10.804008109909269	9.752820403876324	477	477	56.25	2	1.8496017527145814	2	0.9624999999999999	0.19159763313609468	0.2259171597633136	0.31893491124260354	0.40526627218934913	0.8984023668639053	0.8375739644970415	0.4235562130177515	chromosome_HSat3_chr7	4
k16_148b60e8	ACCAGAGTCGAATGGA	TCCATTCGACTCTGGT	HSat3	chromosome_HSat3_chr7	13826	2	0.9998553659242118	10.346931364512677	1	10.623923640144254	9.573266971038809	560	560	50.0	2	1.8828560636920488	3	1.0	0.14029585798816568	0.08514792899408284	0.2505325443786982	0.5953846153846154	0.7023076923076923	0.9297633136094674	0.394198224852071	chromosome_HSat3_chr7	5
k16_18ba0e93	ACGAGTGGAATGGCAT	ATGCCATTCCACTCGT	HSat3	chromosome_HSat3_chr9;regional_HSat3_G7_group_enriched_exact	2230219	0	1.0	17.957901164722763	18	17.935958099890925	16.88391049758932	573	573	50.0	2	1.8828560636920488	3	1.0	0.9771597633136094	0.9869230769230769	0.9879289940828402	0.9775739644970414	0.5442011834319527	0.9005917159763314	0.9265473372781066	chromosome_HSat3_chr9	1
k16_435394f5	CAATCCATGCCATTCC	GGAATGGCATGGATTG	HSat3	chromosome_HSat3_chr9	2119360	0	1.0	17.88434474467685	21	17.85877673219989	16.806729448071692	573	573	50.0	2	1.771782221599798	3	0.9960808641110831	0.976508875739645	0.9866863905325444	0.9873372781065088	0.9787573964497042	0.5374556213017752	0.8768047337278106	0.9221863905325444	chromosome_HSat3_chr9	2
k16_0d0561e4	AATCAACCCGACTGCA	TGCAGTCGGGTTGATT	HSat3	chromosome_HSat3_chr9	969205	0	1.0	16.75559690484895	14	16.738501315394338	15.686461627140039	573	573	50.0	3	1.811278124459133	2	1.0	0.9590532544378698	0.9730769230769231	0.9697633136094674	0.9798816568047337	0.5568047337278107	0.9020118343195266	0.9183431952662722	chromosome_HSat3_chr9	3
k16_6f53c4f5	CGTTCCATTACATTCC	GGAATGTAATGGAACG	HSat3	chromosome_HSat3_chr9	1891208	1	0.9999994712377109	17.57421838388848	23	17.692045244908382	16.639999495807164	573	573	43.75	2	1.764097655573916	2	0.9575135632741549	0.9744378698224853	0.9837278106508875	0.9856804733727811	0.9789940828402367	0.5339644970414201	0.7760946745562131	0.9054289940828404	chromosome_HSat3_chr9	4
k16_53d4f911	CCATTCCATTGCACAC	GTGTGCAATGGAATGG	HSat3	chromosome_HSat3_chr9	671349	0	1.0	16.225863787026856	464	15.745525222779097	14.693491744332695	573	573	50.0	2	1.771782221599798	2	1.046080864111083	0.9525443786982248	0.9680473372781065	0.9571597633136094	0.9805325443786982	0.3603550295857988	0.9598816568047337	0.9026479289940827	chromosome_HSat3_chr9	5
k16_3d4f91da	ATTCCATTGCACTCGG	CCGAGTGCAATGGAAT	HSat3	chromosome_HSat3_chr9;pan_HSat3	5607061	0	1.0	19.287957132407982	127	19.13982522443104	18.087773958809674	573	573	50.0	2	1.954434002924965	2	1.05	0.9956804733727811	0.998698224852071	0.9979289940828402	0.7504142011834319	0.4683431952662722	0.9607100591715977	0.9019644970414201	pan_HSat3	1
k16_6c53d4f5	CGTACCATTCCATTCC	GGAATGGAATGGTACG	HSat3	chromosome_HSat3_chr9;pan_HSat3	2909525	1	0.9999996563014044	18.19569164424339	28	18.307507128912068	17.255458602285053	573	573	50.0	2	1.7489992230622806	2	1.04291655875865	0.9862721893491124	0.9896449704142012	0.9926627218934911	0.7520710059171598	0.5243195266272189	0.9514201183431953	0.9016715976331362	pan_HSat3	2
k16_3a0d0662	ATGGAATCAACGCGAG	CTCGCGTTGATTCCAT	HSat3	chromosome_HSat3_chr9;pan_HSat3	4122063	0	1.0	18.844079733825428	74	18.75592861562566	17.703878221617988	573	573	50.0	2	1.8828560636920488	2	1.05	0.9903550295857988	0.9959171597633136	0.995621301775148	0.7510059171597633	0.4800591715976331	0.960828402366864	0.9011597633136095	pan_HSat3	3
k16_3e476af8	ATTGCACTCGGGTTGA	TCAACCCGAGTGCAAT	HSat3	chromosome_HSat3_chr9;pan_HSat3	6951775	0	1.0	19.59809332014774	124	19.453290780609894	18.401239046986646	573	573	50.0	3	1.954434002924965	2	1.0	0.9971597633136094	0.999112426035503	0.9990532544378699	0.7498816568047337	0.468698224852071	0.8784023668639053	0.8901775147928994	pan_HSat3	4
k16_4f5be4f5	CATTCCGTTGCATTCC	GGAATGCAACGGAATG	HSat3	chromosome_HSat3_chr9;pan_HSat3	1498524	0	1.0	17.384260736490223	213	17.143814471704374	16.09176983944685	573	573	50.0	2	1.811278124459133	2	1.05	0.9694674556213018	0.9806508875739645	0.9779289940828403	0.7578106508875739	0.4578698224852071	0.9611834319526628	0.8892455621301776	pan_HSat3	5
k16_a0d0562c	GGAATCAACCCGAGTA	TACTCGGGTTGATTCC	HSat3	chromosome_HSat3_chr9;pan_HSat3	4087595	0	1.0	18.8319654657923	98	18.716343910786037	17.664293544529535	573	573	50.0	3	1.9056390622295665	2	1.0	0.9901775147928994	0.9957396449704142	0.9951479289940829	0.751301775147929	0.472603550295858	0.8785207100591717	0.8879467455621302	pan_HSat3	6
k16_62e83a02	CGAGTGGAATGGAAAG	CTTTCCATTCCACTCG	HSat3	pan_HSat3	1862299	13	0.9999930194296123	16.445303626532777	140	17.535330580703825	16.483294250887813	573	573	50.0	3	1.6774212838293647	1	1.0329751783096341	0.9741420118343195	0.9693491124260355	0.9840236686390532	0.7550295857988165	0.46568047337278107	0.9498816568047337	0.8878076923076923	pan_HSat3	7
k16_4118ba0e	CAACACGAGTGGAATG	CATTCCACTCGTGTTG	HSat3	pan_HSat3	3295722	0	1.0	18.521308501646395	329	18.165022925342793	17.112973356501374	573	573	50.0	2	1.8828560636920488	3	1.0	0.9884615384615385	0.9943195266272189	0.9905325443786982	0.7527810650887574	0.44443786982248523	0.8788165680473373	0.883846153846154	pan_HSat3	8
k16_53d4f6ac	CCATTCCATTCGGGTA	TACCCGAATGGAATGG	HSat3	chromosome_HSat3_chr9;pan_HSat3	1772216	0	1.0	17.626271696386002	12	17.61160596617754	16.559559935862325	572	572	50.0	3	1.954434002924965	2	1.0	0.9730769230769231	0.9842011834319526	0.9850887573964497	0.7107100591715977	0.5605325443786983	0.8792307692307693	0.8830177514792901	pan_HSat3	9
k16_51debe3d	CCACTCTGGTTGATTC	GAATCAACCAGAGTGG	HSat3	pan_HSat3	1645078	0	1.0	17.518873785079943	246	17.24451579326053	16.192470354528634	573	573	50.0	2	1.8828560636920488	3	1.0	0.9716568047337278	0.9830177514792899	0.9797633136094674	0.7566272189349112	0.45585798816568046	0.8792899408284024	0.8778609467455623	pan_HSat3	10
k16_0562ec3a	AACCCGAGTGTAATGG	CCATTACACTCGGGTT	HSat3	chromosome_HSat3_chr9;pan_HSat3	468406	0	1.0	15.706568553814446	11	15.693119289638236	14.641094565717813	573	573	50.0	3	1.954434002924965	2	1.0	0.9420710059171598	0.9619526627218935	0.9559171597633136	0.7685798816568047	0.5640236686390533	0.8802366863905325	0.8757130177514793	pan_HSat3	11
k16_4178b90e	CAACCTGAGTGCAATG	CATTGCACTCAGGTTG	HSat3	pan_HSat3	252441	0	1.0	14.814778321849317	8	14.804984622176708	13.752984673386068	573	573	50.0	2	1.9772170014624826	2	1.05	0.907396449704142	0.9352662721893491	0.9354437869822485	0.7784615384615384	0.5762130177514793	0.9621301775147929	0.8743313609467456	pan_HSat3	12
k16_53e4f5bd	CCATTGCATTCCGTTC	GAACGGAATGCAATGG	HSat3	chromosome_HSat3_chr9;pan_HSat3	2071351	47	0.9999773100099546	15.266710703579266	514	17.327582469403424	16.27556806845308	573	573	50.0	2	1.811278124459133	2	1.05	0.9756804733727811	0.9502958579881656	0.9807692307692307	0.7560355029585799	0.3406508875739645	0.9611242603550296	0.8729881656804733	pan_HSat3	13
k16_6ef8f53d	CGTGTTGATTCCATTC	GAATGGAATCAACACG	HSat3	chromosome_HSat3_chr9;pan_HSat3	4520641	7	0.9999984515494239	18.1744742624065	298	18.651012476945663	17.59896402670672	573	573	43.75	2	1.8496017527145814	2	0.9624999999999999	0.9923076923076923	0.9895266272189349	0.9944378698224852	0.7514792899408284	0.451301775147929	0.7988165680473372	0.8729289940828402	pan_HSat3	14
k16_58ba0c82	CCGAGTGGAATAGAAG	CTTCTATTCCACTCGG	HSat3	pan_HSat3	240238	0	1.0	14.743298990630977	0	14.743298990630977	13.691301771245877	570	570	50.0	2	1.811278124459133	2	1.05	0.9030769230769231	0.932189349112426	0.9337869822485207	0.6750887573964497	0.7166272189349112	0.9622485207100592	0.8710739644970416	pan_HSat3	15
k16_4f53d6f9	CATTCCATTCCGTTGC	GCAACGGAATGGAATG	HSat3	pan_HSat3	1397333	6	0.9999957061242833	16.571377301440776	654	16.64476898500613	15.592731203007089	573	573	50.0	2	1.811278124459133	2	1.05	0.9681656804733728	0.9709467455621302	0.9683431952662722	0.7624260355029586	0.2786390532544379	0.9615384615384616	0.8679497041420119	pan_HSat3	16
k16_834118b9	GAATCAACACGAGTGC	GCACTCGTGTTGATTC	HSat3	pan_HSat3	530107	0	1.0	15.885089448965461	139	15.723716372635623	14.671688277913146	573	573	50.0	2	1.9056390622295665	3	1.0	0.9469822485207101	0.965207100591716	0.9564497041420118	0.7683431952662721	0.46585798816568047	0.8801775147928994	0.8675917159763313	pan_HSat3	17
k16_4f73d6c5	CATTCTATTCCGTACC	GGTACGGAATAGAATG	HSat3	chromosome_HSat3_chr9;pan_HSat3	2875959	0	1.0	18.324757616241627	18	18.302814551409785	17.250765583351363	570	570	43.75	2	1.764097655573916	2	0.9575135632741549	0.9859171597633136	0.9927218934911243	0.9925443786982249	0.6747337278106509	0.5426035502958579	0.7702958579881657	0.8652514792899408	pan_HSat3	18
k16_af4f53d4	GGTTCATTCCATTCCA	TGGAATGGAATGAACC	HSat3	pan_HSat3	1045582	0	1.0	16.865028409848744	73	16.77803332292887	15.725992612258253	573	573	43.75	2	1.8828560636920488	2	0.9624999999999999	0.9614792899408284	0.9750887573964497	0.9705325443786982	0.7615384615384615	0.4807692307692308	0.7996449704142011	0.8636745562130177	pan_HSat3	19
k16_a0eb1a0c	GGAATGGTACGGAATA	TATTCCGTACCATTCC	HSat3	chromosome_HSat3_chr9;pan_HSat3	2876523	3	0.9999989570753054	17.925544801120314	21	18.299472499922402	17.24742503555269	570	570	43.75	2	1.764097655573916	2	0.9575135632741549	0.9859763313609468	0.9867455621301775	0.9924260355029586	0.674792899408284	0.536508875739645	0.770414201183432	0.8634615384615385	pan_HSat3	20
k16_69f8f53d	CGGCTTGATTCCATTC	GAATGGAATCAAGCCG	HSat3	pan_HSat3;regional_HSat3_G1_group_enriched_exact	87616	0	1.0	13.288192504049608	9	13.277179253405004	12.225280378843655	573	573	50.0	2	1.8828560636920488	2	1.05	0.7771005917159763	0.8289349112426035	0.846094674556213	0.8184615384615385	0.5723668639053254	0.9642603550295858	0.8150710059171598	regional_HSat3_G1_group_enriched_exact	1
k16_390e83a8	ATGCAATGGAATGGGA	TCCCATTCCATTGCAT	HSat3	chromosome_HSat3_chr9;regional_HSat3_G1_group_enriched_exact;regional_HSat3_G5_group_enriched_exact	236451	0	1.0	14.720376706852553	1138	13.742953363952495	12.690957048870313	573	573	43.75	3	1.764097655573916	2	0.9075135632741549	0.9014201183431952	0.931301775147929	0.8794674556213018	0.9739644970414201	0.18668639053254438	0.5797041420118343	0.7941568047337279	regional_HSat3_G1_group_enriched_exact	2
k16_51da7e3d	CCACTCGGCTTGATTC	GAATCAAGCCGAGTGG	HSat3	pan_HSat3;regional_HSat3_G1_group_enriched_exact	58272	0	1.0	12.69987360348436	78	12.607107601233416	11.555286666507051	573	573	56.25	2	1.8828560636920488	2	0.9624999999999999	0.6877514792899408	0.7451479289940829	0.7653846153846153	0.8500591715976331	0.47810650887573963	0.8052662721893491	0.7357662721893492	regional_HSat3_G1_group_enriched_exact	3
k16_43a0e814	CAATGGAATGGAACCA	TGGTTCCATTCCATTG	HSat3	pan_HSat3;regional_HSat3_G1_group_enriched_exact	99237	8	0.9999193914051085	12.57971711183351	863	12.673091674015222	11.621290950088541	566	566	43.75	2	1.8496017527145814	3	0.9125	0.7959171597633136	0.7264497041420118	0.7744970414201183	0.6214792899408283	0.24763313609467455	0.6548520710059171	0.6755857988165681	regional_HSat3_G1_group_enriched_exact	4
k16_8ba0e809	GAGTGGAATGGAAAGC	GCTTTCCATTCCACTC	HSat3	pan_HSat3;regional_HSat3_G1_group_enriched_exact;regional_HSat3_G5_group_enriched_exact	41843	0	1.0	12.222142202455267	839	11.44446931090136	10.392739732565783	573	573	50.0	3	1.6774212838293647	1	1.0329751783096341	0.6015976331360947	0.6581656804733728	0.5258579881656805	0.9097041420118344	0.25189349112426035	0.9502958579881656	0.6613136094674557	regional_HSat3_G1_group_enriched_exact	5
k16_66fbf53d	CGCGTTGTTTCCATTC	GAATGGAAACAACGCG	HSat3	regional_HSat3_G1_group_specific_exact;regional_HSat3_G5_group_specific_exact	39033	0	1.0	12.12187199835022	2	12.119417333481053	11.067711079663779	563	563	50.0	3	1.7489992230622806	2	0.9929165587586501	0.5802958579881656	0.6370414201183432	0.6886390532544379	0.6071597633136094	0.6279881656804733	0.8655029585798817	0.6648934911242603	regional_HSat3_G1_group_specific_exact	1
k16_3a0e80c1	ATGGAATGGAAATAAC	GTTATTTCCATTCCAT	HSat3	regional_HSat3_G1_group_specific_exact	60394	0	1.0	12.75146838565026	2110	11.2678195450992	10.215990434293326	573	573	31.25	3	1.7028195311147831	2	0.724002712654831	0.6976331360946746	0.7544970414201183	0.4746153846153846	0.9738461538461538	0.08863905325443787	0.10662721893491124	0.556284023668639	regional_HSat3_G1_group_specific_exact	2
k16_281a0283	AGGAACGGAAAGGAAT	ATTCCTTTCCGTTCCT	HSat3	regional_HSat3_G1_group_specific_exact;regional_HSat3_G5_group_specific_exact	28482	0	1.0	11.667348007887815	313	11.326497916062447	10.274920305436995	571	571	43.75	3	1.5306390622295665	1	0.9250887586429953	0.45727810650887574	0.5110650887573964	0.4927218934911243	0.7026627218934911	0.44733727810650886	0.7124852071005917	0.5492189349112426	regional_HSat3_G1_group_specific_exact	3
k16_4e73d4f5	CATGCTATTCCATTCC	GGAATGGAATAGCATG	HSat3	regional_HSat3_G1_group_specific_exact	20531	1	0.9999512955386713	11.0494667620511	860	10.402631313220706	9.351308155498392	573	573	43.75	2	1.764097655573916	3	0.907513563274155	0.3127218934911243	0.3106508875739645	0.16372781065088757	0.9753846153846154	0.24816568047337279	0.5852662721893491	0.41633431952662725	regional_HSat3_G1_group_specific_exact	4
k16_50d4fd1d	CCAATCCATTTCACTC	GAGTGAAATGGATTGG	HSat3	regional_HSat3_G1_group_specific_exact;regional_HSat3_G5_group_specific_exact	19170	0	1.0	11.096363336686421	449	10.629293285319859	9.577946769866696	573	573	43.75	3	1.5461796919474975	3	0.8272471794371524	0.2815384615384615	0.3261538461538461	0.2524852071005917	0.973491124260355	0.3747337278106509	0.38893491124260354	0.41387278106508874	regional_HSat3_G1_group_specific_exact	5
k16_8341d8f9	GAATCAACTCGATTGC	GCAATCGAGTTGATTC	HSat3	chromosome_HSat3_chr9;regional_HSat3_G2_group_enriched_exact	4917421	0	1.0	19.098614558639376	41	19.049110234577565	17.99705930826731	570	570	43.75	2	1.9772170014624826	4	0.8624999999999999	0.9941420118343195	0.9979289940828402	0.9975147928994083	0.6829585798816568	0.5115384615384615	0.43893491124260353	0.8173550295857988	regional_HSat3_G2_group_enriched_exact	1
k16_58b90e80	CCGAGTGCAATGGAAA	TTTCCATTGCACTCGG	HSat3	chromosome_HSat3_chr9;regional_HSat3_G2_group_enriched_exact;regional_HSat3_G3_group_enriched_exact	70751	0	1.0	12.979783069431674	517	12.45351623916608	11.401654259947211	565	565	50.0	3	1.8828560636920488	2	1.0	0.7352662721893491	0.7905325443786982	0.748284023668639	0.6164497041420118	0.3394082840236686	0.8992307692307693	0.7161094674556213	regional_HSat3_G2_group_enriched_exact	2
k16_2f8f53d6	AGTTGATTCCATTCCG	CGGAATGGAATCAACT	HSat3	regional_HSat3_G2_group_enriched_exact;regional_HSat3_G3_group_enriched_exact	42196	4	0.9999052132701421	11.72289716878352	5	12.22813077988538	11.176535187017889	573	573	43.75	2	1.936278124459133	2	0.9624999999999999	0.6043195266272189	0.5294674556213018	0.7097041420118343	0.9759171597633136	0.5923076923076923	0.8167455621301775	0.6968284023668639	regional_HSat3_G2_group_enriched_exact	3
k16_4e13d476	CATGACATTCCACTCG	CGAGTGGAATGTCATG	HSat3	regional_HSat3_G2_group_enriched_exact;regional_HSat3_G3_group_enriched_exact	26005	0	1.0	11.536128839140444	1	11.534900984646562	10.48336869708561	569	569	50.0	2	1.9056390622295665	3	1.0	0.4175739644970414	0.47035502958579883	0.5544378698224852	0.6568047337278107	0.6583431952662722	0.8991715976331361	0.5877041420118344	regional_HSat3_G2_group_enriched_exact	4
k16_53d477bd	CCATTCCACTCTGTTC	GAACAGAGTGGAATGG	HSat3	regional_HSat3_G2_group_enriched_exact	41995	78	0.9981460794333659	9.010884023794786	1557	11.009706343522959	9.960685835628901	573	573	50.0	2	1.6774212838293647	2	1.032975178309634	0.6030769230769231	0.00136094674556213	0.3906508875739645	0.9758579881656805	0.1332544378698225	0.9478698224852071	0.5009023668639053	regional_HSat3_G2_group_enriched_exact	5
k16_58b90e80	CCGAGTGCAATGGAAA	TTTCCATTGCACTCGG	HSat3	chromosome_HSat3_chr9;regional_HSat3_G2_group_enriched_exact;regional_HSat3_G3_group_enriched_exact	70751	0	1.0	12.979783069431674	517	12.45351623916608	11.401654259947211	565	565	50.0	3	1.8828560636920488	2	1.0	0.7352662721893491	0.7905325443786982	0.748284023668639	0.6164497041420118	0.3394082840236686	0.8992307692307693	0.7161094674556213	regional_HSat3_G3_group_enriched_exact	1
k16_2f8f53d6	AGTTGATTCCATTCCG	CGGAATGGAATCAACT	HSat3	regional_HSat3_G2_group_enriched_exact;regional_HSat3_G3_group_enriched_exact	42196	4	0.9999052132701421	11.72289716878352	5	12.22813077988538	11.176535187017889	573	573	43.75	2	1.936278124459133	2	0.9624999999999999	0.6043195266272189	0.5294674556213018	0.7097041420118343	0.9759171597633136	0.5923076923076923	0.8167455621301775	0.6968284023668639	regional_HSat3_G3_group_enriched_exact	2
k16_4e13d476	CATGACATTCCACTCG	CGAGTGGAATGTCATG	HSat3	regional_HSat3_G2_group_enriched_exact;regional_HSat3_G3_group_enriched_exact	26005	0	1.0	11.536128839140444	1	11.534900984646562	10.48336869708561	569	569	50.0	2	1.9056390622295665	3	1.0	0.4175739644970414	0.47035502958579883	0.5544378698224852	0.6568047337278107	0.6583431952662722	0.8991715976331361	0.5877041420118344	regional_HSat3_G3_group_enriched_exact	3
k16_1d7ba0e8	ACTCCTGTGGAATGGA	TCCATTCCACAGGAGT	HSat3	regional_HSat3_G1_group_enriched_exact;regional_HSat3_G2_group_enriched_exact;regional_HSat3_G3_group_enriched_exact	16367	0	1.0	10.868415748663352	2	10.865961083794184	9.814735578151607	572	572	50.0	2	1.9772170014624826	3	1.0	0.21035502958579883	0.24715976331360948	0.34076923076923077	0.7332544378698225	0.6281656804733727	0.8989940828402367	0.46731065088757406	regional_HSat3_G3_group_enriched_exact	4
k16_5128be3d	CCACAGGAGTTGATTC	GAATCAACTCCTGTGG	HSat3	regional_HSat3_G2_group_enriched_exact;regional_HSat3_G3_group_enriched_exact	15628	0	1.0	10.801795494421459	364	10.41230973961514	9.361123362326206	569	569	50.0	2	2.0	2	1.05	0.19076923076923077	0.22520710059171598	0.16816568047337277	0.6571597633136095	0.42355029585798815	0.9738461538461538	0.4038343195266272	regional_HSat3_G3_group_enriched_exact	5
k16_158310e8	ACCCGAATACAATGGA	TCCATTGTATTCGGGT	HSat3	chromosome_HSat3_chr9;regional_HSat3_G5_group_enriched_exact;regional_HSat3_G6_group_enriched_exact;regional_HSat3_G7_group_enriched_exact	864394	0	1.0	16.590485696452497	18	16.56854263162066	15.51650464050462	526	526	43.75	3	1.8496017527145814	2	0.9124999999999999	0.9565088757396449	0.971301775147929	0.9674556213017751	0.5020710059171598	0.5441420118343195	0.6181656804733728	0.8015029585798816	regional_HSat3_G5_group_enriched_exact	1
k16_390e83a8	ATGCAATGGAATGGGA	TCCCATTCCATTGCAT	HSat3	chromosome_HSat3_chr9;regional_HSat3_G1_group_enriched_exact;regional_HSat3_G5_group_enriched_exact	236451	0	1.0	14.720376706852553	1138	13.742953363952495	12.690957048870313	573	573	43.75	3	1.764097655573916	2	0.9075135632741549	0.9014201183431952	0.931301775147929	0.8794674556213018	0.9739644970414201	0.18668639053254438	0.5797041420118343	0.7941568047337279	regional_HSat3_G5_group_enriched_exact	2
k16_0d3562e4	AATCATCCCGAGTGCA	TGCACTCGGGATGATT	HSat3	regional_HSat3_G5_group_enriched_exact;regional_HSat3_G6_group_enriched_exact;regional_HSat3_G7_group_enriched_exact	74410	0	1.0	13.052520266916602	0	13.052520266916602	12.00064886255604	570	570	50.0	3	1.954434002924965	2	1.0	0.7460355029585799	0.8004733727810651	0.8224260355029586	0.6835502958579882	0.7433136094674556	0.8998224852071006	0.7856242603550296	regional_HSat3_G5_group_enriched_exact	3
k16_476af8d5	CACTCGGGTTGATCCC	GGGATCAACCCGAGTG	HSat3	regional_HSat3_G5_group_enriched_exact;regional_HSat3_G6_group_enriched_exact;regional_HSat3_G7_group_enriched_exact	207490	0	1.0	14.531884730489999	7	14.52331161358262	13.471323305556592	573	573	62.5	3	1.9056390622295665	3	0.775	0.8904733727810651	0.9233727810650888	0.9240828402366864	0.9761538461538461	0.581715976331361	0.20005917159763315	0.7821893491124261	regional_HSat3_G5_group_enriched_exact	4
k16_4f93e476	CATTGCATTGCACTCG	CGAGTGCAATGCAATG	HSat3	regional_HSat3_G5_group_enriched_exact;regional_HSat3_G6_group_enriched_exact;regional_HSat3_G7_group_enriched_exact	100780	3	0.9999702330750225	13.090621058867924	7	13.481543653239594	12.429667497349046	572	572	50.0	2	1.954434002924965	4	0.95	0.798284023668639	0.805680473372781	0.8608284023668639	0.7334319526627219	0.5816568047337278	0.7403550295857988	0.7721923076923076	regional_HSat3_G5_group_enriched_exact	5
k16_66fbf53d	CGCGTTGTTTCCATTC	GAATGGAAACAACGCG	HSat3	regional_HSat3_G1_group_specific_exact;regional_HSat3_G5_group_specific_exact	39033	0	1.0	12.12187199835022	2	12.119417333481053	11.067711079663779	563	563	50.0	3	1.7489992230622806	2	0.9929165587586501	0.5802958579881656	0.6370414201183432	0.6886390532544379	0.6071597633136094	0.6279881656804733	0.8655029585798817	0.6648934911242603	regional_HSat3_G5_group_specific_exact	1
k16_281a0283	AGGAACGGAAAGGAAT	ATTCCTTTCCGTTCCT	HSat3	regional_HSat3_G1_group_specific_exact;regional_HSat3_G5_group_specific_exact	28482	0	1.0	11.667348007887815	313	11.326497916062447	10.274920305436995	571	571	43.75	3	1.5306390622295665	1	0.9250887586429953	0.45727810650887574	0.5110650887573964	0.4927218934911243	0.7026627218934911	0.44733727810650886	0.7124852071005917	0.5492189349112426	regional_HSat3_G5_group_specific_exact	2
k16_50d4fd1d	CCAATCCATTTCACTC	GAGTGAAATGGATTGG	HSat3	regional_HSat3_G1_group_specific_exact;regional_HSat3_G5_group_specific_exact	19170	0	1.0	11.096363336686421	449	10.629293285319859	9.577946769866696	573	573	43.75	3	1.5461796919474975	3	0.8272471794371524	0.2815384615384615	0.3261538461538461	0.2524852071005917	0.973491124260355	0.3747337278106509	0.38893491124260354	0.41387278106508874	regional_HSat3_G5_group_specific_exact	3
k16_3d4f5fe5	ATTCCATTCCTTTGCC	GGCAAAGGAATGGAAT	HSat3	regional_HSat3_G1_group_specific_exact;regional_HSat3_G5_group_specific_exact	32148	0	1.0	11.841975956958827	2952	10.029079766886374	8.977447889793156	570	570	43.75	3	1.6774212838293647	2	0.895475178309634	0.5060355029585799	0.5618343195266272	0.012781065088757397	0.6825443786982248	0.049289940828402365	0.5572781065088758	0.4070325443786983	regional_HSat3_G5_group_specific_exact	4
k16_4d53d4b5	CATCCCATTCCAGTCC	GGACTGGAATGGGATG	HSat3	regional_HSat3_G1_group_specific_exact;regional_HSat3_G5_group_specific_exact	13566	2	0.9998525943396226	10.31956043837178	6	10.590429067895695	9.539586781421873	573	573	56.25	3	1.7028195311147831	2	0.899002712654831	0.13248520710059172	0.07816568047337279	0.23881656804733728	0.9735502958579881	0.5865088757396449	0.5641420118343196	0.379198224852071	regional_HSat3_G5_group_specific_exact	5
k16_158310e8	ACCCGAATACAATGGA	TCCATTGTATTCGGGT	HSat3	chromosome_HSat3_chr9;regional_HSat3_G5_group_enriched_exact;regional_HSat3_G6_group_enriched_exact;regional_HSat3_G7_group_enriched_exact	864394	0	1.0	16.590485696452497	18	16.56854263162066	15.51650464050462	526	526	43.75	3	1.8496017527145814	2	0.9124999999999999	0.9565088757396449	0.971301775147929	0.9674556213017751	0.5020710059171598	0.5441420118343195	0.6181656804733728	0.8015029585798816	regional_HSat3_G6_group_enriched_exact	1
k16_0d3562e4	AATCATCCCGAGTGCA	TGCACTCGGGATGATT	HSat3	regional_HSat3_G5_group_enriched_exact;regional_HSat3_G6_group_enriched_exact;regional_HSat3_G7_group_enriched_exact	74410	0	1.0	13.052520266916602	0	13.052520266916602	12.00064886255604	570	570	50.0	3	1.954434002924965	2	1.0	0.7460355029585799	0.8004733727810651	0.8224260355029586	0.6835502958579882	0.7433136094674556	0.8998224852071006	0.7856242603550296	regional_HSat3_G6_group_enriched_exact	2
k16_476af8d5	CACTCGGGTTGATCCC	GGGATCAACCCGAGTG	HSat3	regional_HSat3_G5_group_enriched_exact;regional_HSat3_G6_group_enriched_exact;regional_HSat3_G7_group_enriched_exact	207490	0	1.0	14.531884730489999	7	14.52331161358262	13.471323305556592	573	573	62.5	3	1.9056390622295665	3	0.775	0.8904733727810651	0.9233727810650888	0.9240828402366864	0.9761538461538461	0.581715976331361	0.20005917159763315	0.7821893491124261	regional_HSat3_G6_group_enriched_exact	3
k16_4f93e476	CATTGCATTGCACTCG	CGAGTGCAATGCAATG	HSat3	regional_HSat3_G5_group_enriched_exact;regional_HSat3_G6_group_enriched_exact;regional_HSat3_G7_group_enriched_exact	100780	3	0.9999702330750225	13.090621058867924	7	13.481543653239594	12.429667497349046	572	572	50.0	2	1.954434002924965	4	0.95	0.798284023668639	0.805680473372781	0.8608284023668639	0.7334319526627219	0.5816568047337278	0.7403550295857988	0.7721923076923076	regional_HSat3_G6_group_enriched_exact	4
k16_0560883a	AACCCGAAGAGAATGG	CCATTCTCTTCGGGTT	HSat3	regional_HSat3_G6_group_enriched_exact;regional_HSat3_G7_group_enriched_exact	59030	0	1.0	12.718516333462585	0	12.718516333462585	11.66669241068727	569	569	50.0	3	1.7489992230622806	2	0.9929165587586501	0.6918934911242604	0.7484615384615385	0.7823076923076923	0.6588757396449704	0.7444378698224852	0.8657396449704142	0.7476686390532544	regional_HSat3_G6_group_enriched_exact	5
k16_18ba0e93	ACGAGTGGAATGGCAT	ATGCCATTCCACTCGT	HSat3	chromosome_HSat3_chr9;regional_HSat3_G7_group_enriched_exact	2230219	0	1.0	17.957901164722763	18	17.935958099890925	16.88391049758932	573	573	50.0	2	1.8828560636920488	3	1.0	0.9771597633136094	0.9869230769230769	0.9879289940828402	0.9775739644970414	0.5442011834319527	0.9005917159763314	0.9265473372781066	regional_HSat3_G7_group_enriched_exact	1
k16_158310e8	ACCCGAATACAATGGA	TCCATTGTATTCGGGT	HSat3	chromosome_HSat3_chr9;regional_HSat3_G5_group_enriched_exact;regional_HSat3_G6_group_enriched_exact;regional_HSat3_G7_group_enriched_exact	864394	0	1.0	16.590485696452497	18	16.56854263162066	15.51650464050462	526	526	43.75	3	1.8496017527145814	2	0.9124999999999999	0.9565088757396449	0.971301775147929	0.9674556213017751	0.5020710059171598	0.5441420118343195	0.6181656804733728	0.8015029585798816	regional_HSat3_G7_group_enriched_exact	2
k16_0d3562e4	AATCATCCCGAGTGCA	TGCACTCGGGATGATT	HSat3	regional_HSat3_G5_group_enriched_exact;regional_HSat3_G6_group_enriched_exact;regional_HSat3_G7_group_enriched_exact	74410	0	1.0	13.052520266916602	0	13.052520266916602	12.00064886255604	570	570	50.0	3	1.954434002924965	2	1.0	0.7460355029585799	0.8004733727810651	0.8224260355029586	0.6835502958579882	0.7433136094674556	0.8998224852071006	0.7856242603550296	regional_HSat3_G7_group_enriched_exact	3
k16_476af8d5	CACTCGGGTTGATCCC	GGGATCAACCCGAGTG	HSat3	regional_HSat3_G5_group_enriched_exact;regional_HSat3_G6_group_enriched_exact;regional_HSat3_G7_group_enriched_exact	207490	0	1.0	14.531884730489999	7	14.52331161358262	13.471323305556592	573	573	62.5	3	1.9056390622295665	3	0.775	0.8904733727810651	0.9233727810650888	0.9240828402366864	0.9761538461538461	0.581715976331361	0.20005917159763315	0.7821893491124261	regional_HSat3_G7_group_enriched_exact	4
k16_2e4390e8	AGTGCAATGCAATGGA	TCCATTGCATTGCACT	HSat3	regional_HSat3_G7_group_enriched_exact	117039	3	0.9999743681755268	13.306383626977619	14	13.688783748802052	12.636882933799518	573	573	43.75	2	1.8828560636920488	4	0.8624999999999999	0.8201775147928994	0.8308875739644971	0.8757988165680474	0.9773372781065088	0.5564497041420118	0.4407100591715976	0.7737248520710059	regional_HSat3_G7_group_enriched_exact	5
