kmer_id	canonical_target_5to3	reverse_complement_target_5to3	aso_5to3_if_canonical_target_is_transcribed	aso_5to3_if_reverse_complement_target_is_transcribed	target_family	candidate_type	query_category	query_origin	sequence_class	final_score	exact_composite_score	mismatch_score	strict_pan_robustness_tier	category_robustness_tier	category_interpretation	passes_category_0mm	passes_category_le1mm	passes_category_le2mm	target_vs_background_E_le2mm	target_vs_other_family_E_le2mm	target_family_fraction_le2mm	strict_passing_haps_le2mm	GC_percent	max_homopolymer	self_complementary_stem_proxy	rank_within_family_and_type
k16_0534d0fa	AACCATCATCAATTGG	CCAATTGATGATGGTT	CCAATTGATGATGGTT	AACCATCATCAATTGG	HSat2	regional_group	regional_HSat2_G1_group_enriched_exact	STEP4	SC003	0.7975445034754356	0.7656065959952887	0.9898882162229334	B_le1mm	C_exact	G1 core enriched	1	0	0	11.728963104886665	12.10539618982339	0.9997890693517768	496	37.5	2	3	1
k16_d34583a0	TCATCACCGAATGGAA	TTCCATTCGGTGATGA	TTCCATTCGGTGATGA	TCATCACCGAATGGAA	HSat2	regional_group	regional_HSat2_G1_group_enriched_exact	STEP4	SC055	0.7597442512220731	0.7102681355227602	0.9688479333844424	C_exact	C_exact	G1 core enriched	1	0	0	14.032981825611946	11.531895096796646	0.9996855945991979	453	43.75	2	3	2
k16_0d340683	AATCATCAAACGGAAT	ATTCCGTTTGATGATT	ATTCCGTTTGATGATT	AATCATCAAACGGAAT	HSat2	regional_group	regional_HSat2_G1_group_specific_exact	STEP4	SC006	0.7376224179986082	0.6791346220466985	0.9545667882083541	C_exact	C_exact	G1 core specific	1	0	0	12.98491662704123	11.080651034895013	0.9995702158096034	424	31.25	3	2	3
k16_8320d364	GAATAGAATCATCGCA	TGCGATGATTCTATTC	TGCGATGATTCTATTC	GAATAGAATCATCGCA	HSat2	regional_group	regional_HSat2_G1_group_specific_exact	STEP4	SC049	0.6860783500083508	0.761404420425414	0.6780169107839231	B_le1mm	C_exact	G1 core specific	1	0	0	12.891273403287798	7.523628166603928	0.9949631033094125	0	37.5	2	2	4
k16_8b53d0e1	GAGTCCATTCAATGAC	GTCATTGAATGGACTC	GTCATTGAATGGACTC	GAGTCCATTCAATGAC	HSat2	regional_group	regional_HSat2_G1_group_specific_exact	STEP4	SC050	0.6715097802924453	0.7366174738446616	0.6753433419368042	C_exact	C_exact	G1 core specific	1	0	0	13.345832954683436	7.440472363731889	0.9946657664217535	0	43.75	2	4	5
k16_43143e38	CAATACCAATTGATGA	TCATCAATTGGTATTG	TCATCAATTGGTATTG	CAATACCAATTGATGA	HSat2	regional_group	regional_HSat2_G1_group_enriched_exact	STEP4	SC028	0.6703695871671578	0.708355851174392	0.7164967686321202	D_fails_exact_strict	C_exact	G1 core enriched	1	0	0	8.909619801869264	11.191467155050505	0.9996040872880212	0	31.25	2	4	6
k16_0b34d83a	AAGTATCATCGAATGG	CCATTCGATGATACTT	CCATTCGATGATACTT	AAGTATCATCGAATGG	HSat2	regional_group	G3_specific	STEP3	SC005	0.6383582703813612	0.5122878126515624	0.9331427812085765	D_fails_exact_strict	C_exact	G3 core specific	1	0	0	13.652692218924763	10.91245865790051	0.9995171270383968	380	37.5	2	3	7
k16_00c14d34	AAAATAACCATCATCA	TGATGATGGTTATTTT	TGATGATGGTTATTTT	AAAATAACCATCATCA	HSat2	regional_group	regional_HSat2_G1_group_enriched_exact	STEP4	SC001	0.6177274909509287	0.6543684611653849	0.6509281065999057	D_fails_exact_strict	C_exact	G1 core enriched	1	0	0	6.697603553330193	18.249995550746853	1.0	0	25.0	4	2	8
k16_80a0d3cd	GAAAGGAATCATTATC	GATAATGATTCCTTTC	GATAATGATTCCTTTC	GAAAGGAATCATTATC	HSat2	regional_group	G2_specific	STEP3	SC048	0.6103985995826373	0.43498926072195665	0.9747271605301748	D_fails_exact_strict	C_exact	G2 core specific	1	0	0	11.895639020382418	11.689584061557968	0.9997182314278781	465	31.25	3	3	9
k16_b60e8760	GTCGAATGGACTCGAA	TTCGAGTCCATTCGAC	TTCGAGTCCATTCGAC	GTCGAATGGACTCGAA	HSat2	regional_group	regional_HSat2_G1_group_enriched_exact	STEP4	SC019	0.5692888169047237	0.6580163514168919	0.5067994960726658	D_fails_exact_strict	C_exact	G1 core enriched	1	0	0	14.893426614956969	4.180696855642138	0.9511410373408062	0	50.0	2	4	10
k16_0d83a0b3	AATCGAATGGAAGTAT	ATACTTCCATTCGATT	ATACTTCCATTCGATT	AATCGAATGGAAGTAT	HSat2	regional_group	G3_specific	STEP3	SC008	0.5533850415779251	0.5277073373519019	0.6661314458125115	D_fails_exact_strict	C_exact	G3 core specific	1	0	0	13.483895035448608	7.162201144355044	0.9935382086018177	0	31.25	2	2	11
k16_93d803d4	GCATTCGAAAATTCCA	TGGAATTTTCGAATGC	TGGAATTTTCGAATGC	GCATTCGAAAATTCCA	HSat2	regional_group	G1_specific	STEP3	SC052	0.4650412464004142	0.20667220951985038	0.9182043747557042	B_le1mm	C_exact	G1 core specific	1	0	0	10.60356541739791	12.174708362946527	0.9997998617964567	348	37.5	4	3	12
k16_63e4f600	CGATTGCATTCGAAAA	TTTTCGAATGCAATCG	TTTTCGAATGCAATCG	CGATTGCATTCGAAAA	HSat2	regional_group	G1_specific	STEP3	SC041	0.38258214705575866	0.20858795815145847	0.6795964859213042	B_le1mm	C_exact	G1 core specific	1	0	0	13.080663929085116	7.542737288459566	0.9950295307308765	2	37.5	4	3	13
