hap	is_reference	HSat2_group	HSat2_status	HSat3_group	HSat3_status
chm13v2.0	1	NA	reference_projection_only	NA	reference_projection_only
HG00096_hap1	0	NA	incomplete_core_regions	NA	incomplete_core_regions
HG00096_hap2	0	G1	stable_partition	G2	stable_partition
HG00097_hap1	0	G1	stable_partition	G3	stable_partition
HG00097_hap2	0	G2	stable_partition	G4	stable_partition
HG00099_hap1	0	G2	stable_partition	G3	stable_partition
HG00099_hap2	0	G1	stable_partition	G7	stable_partition
HG00126_hap2	0	G3	stable_partition	G7	stable_partition
HG00128_hap1	0	G3	stable_partition	G4	stable_partition
HG00128_hap2	0	G3	stable_partition	G3	stable_partition
HG00133_hap1	0	NA	incomplete_core_regions	NA	incomplete_core_regions
HG00133_hap2	0	G3	stable_partition	G7	stable_partition
HG00140_hap1	0	G3	stable_partition	NA	incomplete_core_regions
HG00140_hap2	0	G3	stable_partition	G7	stable_partition
HG00146_hap1	0	G3	stable_partition	G7	stable_partition
HG00146_hap2	0	G3	stable_partition	G3	stable_partition
HG00171_hap1	0	G2	stable_partition	G3	stable_partition
HG00171_hap2	0	G1	stable_partition	G7	stable_partition
hg002v1.1_hap1	0	G1	stable_partition	G7	stable_partition
hg002v1.1_hap2	0	G3	stable_partition	G5	stable_partition
HG00232_hap1	0	G1	stable_partition	G7	stable_partition
HG00232_hap2	0	G1	stable_partition	G2	stable_partition
HG00235_hap1	0	G3	stable_partition	G2	stable_partition
HG00235_hap2	0	G3	stable_partition	G7	stable_partition
HG00253_hap1	0	G1	stable_partition	NA	incomplete_core_regions
HG00253_hap2	0	G1	stable_partition	NA	incomplete_core_regions
HG00268_hap1	0	G1	stable_partition	NA	incomplete_core_regions
HG00268_hap2	0	G1	stable_partition	G7	stable_partition
HG00272_hap1	0	G1	stable_partition	G6	stable_partition
HG00280_hap1	0	G1	stable_partition	G7	stable_partition
HG00280_hap2	0	G3	stable_partition	G2	stable_partition
HG00290_hap1	0	G1	stable_partition	G7	stable_partition
HG00290_hap2	0	G1	stable_partition	G7	stable_partition
HG00320_hap1	0	G2	stable_partition	G3	stable_partition
HG00320_hap2	0	G1	stable_partition	G6	stable_partition
HG00321_hap1	0	G3	stable_partition	G6	stable_partition
HG00321_hap2	0	G3	stable_partition	G5	stable_partition
HG00323_hap1	0	G1	stable_partition	G5	stable_partition
HG00323_hap2	0	G3	stable_partition	G3	stable_partition
HG00329_hap1	0	G1	stable_partition	G7	stable_partition
HG00329_hap2	0	G3	stable_partition	G2	stable_partition
HG00344_hap1	0	G1	stable_partition	G6	stable_partition
HG00344_hap2	0	G1	stable_partition	G3	stable_partition
HG00350_hap1	0	G3	stable_partition	G7	stable_partition
HG00350_hap2	0	G3	stable_partition	G4	stable_partition
HG00358_hap1	0	G1	stable_partition	G6	stable_partition
HG00358_hap2	0	G3	stable_partition	G3	stable_partition
HG00408_hap1	0	NA	incomplete_core_regions	NA	incomplete_core_regions
HG00408_hap2	0	NA	incomplete_core_regions	NA	incomplete_core_regions
HG00423_hap1	0	G3	stable_partition	G3	stable_partition
HG00423_hap2	0	G1	stable_partition	G3	stable_partition
HG00438_hap1	0	G3	stable_partition	G2	stable_partition
HG00438_hap2	0	G1	stable_partition	G2	stable_partition
HG00512_hap1	0	NA	incomplete_core_regions	NA	incomplete_core_regions
HG00512_hap2	0	G1	stable_partition	NA	incomplete_core_regions
HG00513_hap1	0	G3	stable_partition	NA	incomplete_core_regions
HG00513_hap2	0	G3	stable_partition	NA	incomplete_core_regions
HG00514_hap1	0	NA	incomplete_core_regions	NA	incomplete_core_regions
HG00514_hap2	0	NA	incomplete_core_regions	NA	incomplete_core_regions
HG00544_hap1	0	G3	stable_partition	NA	incomplete_core_regions
HG00544_hap2	0	G3	stable_partition	NA	incomplete_core_regions
HG00558_hap1	0	G3	stable_partition	G7	stable_partition
HG00558_hap2	0	G3	stable_partition	NA	incomplete_core_regions
HG00597_hap1	0	G3	stable_partition	G7	stable_partition
HG00597_hap2	0	G3	stable_partition	G2	stable_partition
HG00609_hap1	0	G1	stable_partition	G7	stable_partition
HG00609_hap2	0	G1	stable_partition	G2	stable_partition
HG00621_hap1	0	NA	incomplete_core_regions	NA	incomplete_core_regions
HG00621_hap2	0	G3	stable_partition	G2	stable_partition
HG00639_hap1	0	G2	stable_partition	G7	stable_partition
HG00639_hap2	0	G1	stable_partition	NA	incomplete_core_regions
HG00642_hap1	0	G2	stable_partition	G3	stable_partition
HG00642_hap2	0	G1	stable_partition	G4	stable_partition
HG00658_hap1	0	G3	stable_partition	G7	stable_partition
HG00658_hap2	0	G3	stable_partition	NA	incomplete_core_regions
HG00673_hap1	0	G1	stable_partition	G7	stable_partition
HG00673_hap2	0	G3	stable_partition	G3	stable_partition
HG00706_hap1	0	G3	stable_partition	G6	stable_partition
HG00706_hap2	0	G3	stable_partition	G7	stable_partition
HG00731_hap1	0	G1	stable_partition	G4	stable_partition
HG00731_hap2	0	G3	stable_partition	G3	stable_partition
HG00732_hap1	0	NA	incomplete_core_regions	NA	incomplete_core_regions
HG00732_hap2	0	NA	incomplete_core_regions	NA	incomplete_core_regions
HG00733_hap1	0	G3	stable_partition	G4	stable_partition
HG00733_hap2	0	NA	incomplete_core_regions	NA	incomplete_core_regions
HG00735_hap1	0	NA	incomplete_core_regions	NA	incomplete_core_regions
HG00735_hap2	0	NA	incomplete_core_regions	NA	incomplete_core_regions
HG00738_hap1	0	G1	stable_partition	G5	stable_partition
HG00738_hap2	0	G1	stable_partition	G2	stable_partition
HG00741_hap1	0	G3	stable_partition	G3	stable_partition
HG00741_hap2	0	G3	stable_partition	G7	stable_partition
HG00864_hap1	0	G1	stable_partition	G7	stable_partition
HG00864_hap2	0	NA	incomplete_core_regions	NA	incomplete_core_regions
HG01071_hap1	0	NA	incomplete_core_regions	NA	incomplete_core_regions
HG01071_hap2	0	NA	incomplete_core_regions	NA	incomplete_core_regions
HG01074_hap1	0	G3	stable_partition	G4	stable_partition
HG01074_hap2	0	G2	stable_partition	G6	stable_partition
HG01081_hap1	0	G3	stable_partition	G6	stable_partition
HG01081_hap2	0	G3	stable_partition	G3	stable_partition
HG01099_hap1	0	G3	stable_partition	G7	stable_partition
HG01099_hap2	0	G3	stable_partition	G7	stable_partition
HG01106_hap1	0	G1	stable_partition	G7	stable_partition
HG01106_hap2	0	G3	stable_partition	G7	stable_partition
HG01109_hap1	0	G2	stable_partition	G1	stable_partition
HG01109_hap2	0	G1	stable_partition	G7	stable_partition
HG01114_hap1	0	NA	incomplete_core_regions	NA	incomplete_core_regions
HG01114_hap2	0	G1	stable_partition	NA	incomplete_core_regions
HG01123_hap1	0	G1	stable_partition	G5	stable_partition
HG01123_hap2	0	G3	stable_partition	G7	stable_partition
HG01150_hap1	0	G3	stable_partition	G7	stable_partition
HG01150_hap2	0	G3	stable_partition	G2	stable_partition
HG01167_hap1	0	G1	stable_partition	G5	stable_partition
HG01167_hap2	0	G3	stable_partition	G1	stable_partition
HG01175_hap1	0	G1	stable_partition	G7	stable_partition
HG01175_hap2	0	G3	stable_partition	G6	stable_partition
HG01192_hap1	0	NA	incomplete_core_regions	NA	incomplete_core_regions
HG01192_hap2	0	G2	stable_partition	G2	stable_partition
HG01243_hap1	0	G1	stable_partition	G3	stable_partition
HG01243_hap2	0	G3	stable_partition	G5	stable_partition
HG01252_hap1	0	G3	stable_partition	G4	stable_partition
HG01252_hap2	0	G3	stable_partition	G6	stable_partition
HG01255_hap1	0	G1	stable_partition	G6	stable_partition
HG01255_hap2	0	G3	stable_partition	G7	stable_partition
HG01258_hap1	0	G3	stable_partition	G7	stable_partition
HG01258_hap2	0	G3	stable_partition	G7	stable_partition
HG01261_hap1	0	G3	stable_partition	NA	incomplete_core_regions
HG01261_hap2	0	G3	stable_partition	NA	incomplete_core_regions
HG01346_hap1	0	G3	stable_partition	G7	stable_partition
HG01346_hap2	0	NA	incomplete_core_regions	NA	incomplete_core_regions
HG01352_hap1	0	G3	stable_partition	G7	stable_partition
HG01352_hap2	0	G1	stable_partition	G7	stable_partition
HG01358_hap1	0	G3	stable_partition	G6	stable_partition
HG01358_hap2	0	G1	stable_partition	G3	stable_partition
HG01361_hap1	0	NA	incomplete_core_regions	NA	incomplete_core_regions
HG01361_hap2	0	NA	incomplete_core_regions	NA	incomplete_core_regions
HG01433_hap1	0	G3	stable_partition	G7	stable_partition
HG01433_hap2	0	G1	stable_partition	G1	stable_partition
HG01457_hap1	0	G1	stable_partition	G4	stable_partition
HG01457_hap2	0	G3	stable_partition	G4	stable_partition
HG01496_hap1	0	G3	stable_partition	G2	stable_partition
HG01496_hap2	0	G3	stable_partition	G3	stable_partition
HG01505_hap1	0	G3	stable_partition	NA	incomplete_core_regions
HG01505_hap2	0	G3	stable_partition	G6	stable_partition
HG01530_hap1	0	NA	incomplete_core_regions	NA	incomplete_core_regions
HG01530_hap2	0	NA	incomplete_core_regions	NA	incomplete_core_regions
HG01573_hap1	0	G3	stable_partition	G7	stable_partition
HG01573_hap2	0	G3	stable_partition	G3	stable_partition
HG01596_hap1	0	G3	stable_partition	G3	stable_partition
HG01596_hap2	0	NA	incomplete_core_regions	NA	incomplete_core_regions
HG01784_hap1	0	G1	stable_partition	G7	stable_partition
HG01784_hap2	0	G2	stable_partition	G3	stable_partition
HG01786_hap1	0	G2	stable_partition	G7	stable_partition
HG01884_hap1	0	G2	stable_partition	G1	stable_partition
HG01884_hap2	0	G1	stable_partition	G5	stable_partition
HG01890_hap1	0	NA	incomplete_core_regions	NA	incomplete_core_regions
HG01890_hap2	0	G3	stable_partition	G7	stable_partition
HG01891_hap1	0	NA	incomplete_core_regions	NA	incomplete_core_regions
HG01891_hap2	0	NA	incomplete_core_regions	NA	incomplete_core_regions
HG01928_hap1	0	G1	stable_partition	G2	stable_partition
HG01928_hap2	0	G3	stable_partition	G3	stable_partition
HG01934_hap1	0	G3	stable_partition	G7	stable_partition
HG01934_hap2	0	G3	stable_partition	G6	stable_partition
HG01940_hap1	0	NA	incomplete_core_regions	NA	incomplete_core_regions
HG01940_hap2	0	NA	incomplete_core_regions	NA	incomplete_core_regions
HG01943_hap1	0	NA	incomplete_core_regions	NA	incomplete_core_regions
HG01943_hap2	0	NA	incomplete_core_regions	NA	incomplete_core_regions
HG01952_hap1	0	G3	stable_partition	G3	stable_partition
HG01952_hap2	0	G1	stable_partition	G7	stable_partition
HG01960_hap1	0	G3	stable_partition	G5	stable_partition
HG01960_hap2	0	G2	stable_partition	G7	stable_partition
HG01969_hap1	0	G1	stable_partition	G7	stable_partition
HG01969_hap2	0	G3	stable_partition	G3	stable_partition
HG01975_hap1	0	G3	stable_partition	G2	stable_partition
HG01975_hap2	0	G3	stable_partition	G7	stable_partition
HG01978_hap1	0	NA	incomplete_core_regions	NA	incomplete_core_regions
HG01978_hap2	0	NA	incomplete_core_regions	NA	incomplete_core_regions
HG01981_hap1	0	G3	stable_partition	G7	stable_partition
HG01981_hap2	0	G3	stable_partition	G7	stable_partition
HG01993_hap1	0	G3	stable_partition	G7	stable_partition
HG01993_hap2	0	G3	stable_partition	G7	stable_partition
HG02004_hap1	0	G3	stable_partition	G7	stable_partition
HG02004_hap2	0	G1	stable_partition	G7	stable_partition
HG02011_hap1	0	G1	stable_partition	NA	incomplete_core_regions
HG02011_hap2	0	G1	stable_partition	G2	stable_partition
HG02015_hap1	0	NA	incomplete_core_regions	NA	incomplete_core_regions
HG02015_hap2	0	NA	incomplete_core_regions	NA	incomplete_core_regions
HG02018_hap1	0	G1	stable_partition	G7	stable_partition
HG02018_hap2	0	G1	stable_partition	G7	stable_partition
HG02027_hap1	0	G3	stable_partition	G3	stable_partition
HG02027_hap2	0	G3	stable_partition	G7	stable_partition
HG02040_hap1	0	NA	incomplete_core_regions	NA	incomplete_core_regions
HG02040_hap2	0	G2	stable_partition	G3	stable_partition
HG02055_hap1	0	G3	stable_partition	G4	stable_partition
HG02055_hap2	0	G1	stable_partition	G1	stable_partition
HG02056_hap1	0	G3	stable_partition	G6	stable_partition
HG02056_hap2	0	G3	stable_partition	G3	stable_partition
HG02059_hap1	0	G3	stable_partition	G3	stable_partition
HG02059_hap2	0	G2	stable_partition	G2	stable_partition
HG02071_hap1	0	G3	stable_partition	G6	stable_partition
HG02071_hap2	0	G1	stable_partition	G7	stable_partition
HG02074_hap1	0	NA	incomplete_core_regions	NA	incomplete_core_regions
HG02074_hap2	0	NA	incomplete_core_regions	NA	incomplete_core_regions
HG02080_hap1	0	G1	stable_partition	G3	stable_partition
HG02080_hap2	0	G3	stable_partition	G3	stable_partition
HG02083_hap1	0	G3	stable_partition	G7	stable_partition
HG02083_hap2	0	G1	stable_partition	G7	stable_partition
HG02106_hap1	0	G3	stable_partition	G7	stable_partition
HG02106_hap2	0	G1	stable_partition	G7	stable_partition
HG02109_hap1	0	G3	stable_partition	G4	stable_partition
HG02109_hap2	0	G3	stable_partition	G4	stable_partition
HG02129_hap1	0	G1	stable_partition	NA	incomplete_core_regions
HG02129_hap2	0	G3	stable_partition	NA	incomplete_core_regions
HG02132_hap1	0	G1	stable_partition	G3	stable_partition
HG02132_hap2	0	G1	stable_partition	G7	stable_partition
HG02135_hap1	0	G3	stable_partition	G7	stable_partition
HG02135_hap2	0	G3	stable_partition	G7	stable_partition
HG02145_hap1	0	G3	stable_partition	G4	stable_partition
HG02145_hap2	0	G3	stable_partition	G1	stable_partition
HG02148_hap1	0	G1	stable_partition	G7	stable_partition
HG02148_hap2	0	G3	stable_partition	G7	stable_partition
HG02155_hap1	0	G3	stable_partition	G6	stable_partition
HG02155_hap2	0	G1	stable_partition	G3	stable_partition
HG02165_hap1	0	G1	stable_partition	G3	stable_partition
HG02165_hap2	0	G3	stable_partition	G6	stable_partition
HG02178_hap1	0	NA	incomplete_core_regions	NA	incomplete_core_regions
HG02178_hap2	0	NA	incomplete_core_regions	NA	incomplete_core_regions
HG02257_hap1	0	G3	stable_partition	G3	stable_partition
HG02257_hap2	0	G3	stable_partition	G1	stable_partition
HG02258_hap1	0	G3	stable_partition	G1	stable_partition
HG02258_hap2	0	G3	stable_partition	G1	stable_partition
HG02273_hap1	0	NA	incomplete_core_regions	NA	incomplete_core_regions
HG02273_hap2	0	NA	incomplete_core_regions	NA	incomplete_core_regions
HG02280_hap2	0	G3	stable_partition	G1	stable_partition
HG02282_hap1	0	NA	incomplete_core_regions	NA	incomplete_core_regions
HG02282_hap2	0	G1	stable_partition	G1	stable_partition
HG02293_hap1	0	G3	stable_partition	G7	stable_partition
HG02293_hap2	0	NA	incomplete_core_regions	NA	incomplete_core_regions
HG02300_hap1	0	NA	incomplete_core_regions	NA	incomplete_core_regions
HG02300_hap2	0	NA	incomplete_core_regions	NA	incomplete_core_regions
HG02391_hap1	0	G1	stable_partition	G3	stable_partition
HG02391_hap2	0	G3	stable_partition	G6	stable_partition
HG02392_hap1	0	NA	incomplete_core_regions	NA	incomplete_core_regions
HG02392_hap2	0	NA	incomplete_core_regions	NA	incomplete_core_regions
HG02451_hap1	0	G1	stable_partition	NA	incomplete_core_regions
HG02451_hap2	0	G3	stable_partition	G5	stable_partition
HG02486_hap1	0	G1	stable_partition	G1	stable_partition
HG02486_hap2	0	G3	stable_partition	G2	stable_partition
HG02492_hap1	0	G3	stable_partition	G5	stable_partition
HG02492_hap2	0	G1	stable_partition	NA	incomplete_core_regions
HG02514_hap1	0	G3	stable_partition	G7	stable_partition
HG02514_hap2	0	G2	stable_partition	G7	stable_partition
HG02523_hap1	0	G1	stable_partition	G1	stable_partition
HG02523_hap2	0	G3	stable_partition	G3	stable_partition
HG02554_hap1	0	G3	stable_partition	G2	stable_partition
HG02554_hap2	0	NA	incomplete_core_regions	NA	incomplete_core_regions
HG02559_hap1	0	G3	stable_partition	G3	stable_partition
HG02559_hap2	0	G3	stable_partition	G5	stable_partition
HG02572_hap1	0	G2	stable_partition	G5	stable_partition
HG02572_hap2	0	G3	stable_partition	G7	stable_partition
HG02583_hap1	0	G1	stable_partition	G3	stable_partition
HG02583_hap2	0	G2	stable_partition	G1	stable_partition
HG02587_hap1	0	NA	incomplete_core_regions	NA	incomplete_core_regions
HG02587_hap2	0	G3	stable_partition	G5	stable_partition
HG02602_hap1	0	NA	incomplete_core_regions	NA	incomplete_core_regions
HG02602_hap2	0	NA	incomplete_core_regions	NA	incomplete_core_regions
HG02615_hap1	0	G3	stable_partition	G5	stable_partition
HG02615_hap2	0	G3	stable_partition	G4	stable_partition
HG02622_hap1	0	NA	incomplete_core_regions	NA	incomplete_core_regions
HG02622_hap2	0	NA	incomplete_core_regions	NA	incomplete_core_regions
HG02630_hap1	0	G2	stable_partition	G5	stable_partition
HG02630_hap2	0	G1	stable_partition	G6	stable_partition
HG02647_hap1	0	NA	incomplete_core_regions	NA	incomplete_core_regions
HG02647_hap2	0	NA	incomplete_core_regions	NA	incomplete_core_regions
HG02666_hap1	0	G3	stable_partition	G5	stable_partition
HG02666_hap2	0	G3	stable_partition	G5	stable_partition
HG02668_hap1	0	G3	stable_partition	G5	stable_partition
HG02668_hap2	0	G3	stable_partition	G5	stable_partition
HG02698_hap1	0	G1	stable_partition	NA	incomplete_core_regions
HG02698_hap2	0	G1	stable_partition	NA	incomplete_core_regions
HG02717_hap1	0	G3	stable_partition	G2	stable_partition
HG02717_hap2	0	G1	stable_partition	G7	stable_partition
HG02723_hap1	0	G3	stable_partition	G5	stable_partition
HG02723_hap2	0	G1	stable_partition	G3	stable_partition
HG02735_hap1	0	G3	stable_partition	G7	stable_partition
HG02735_hap2	0	G3	stable_partition	G7	stable_partition
HG02738_hap1	0	G3	stable_partition	G7	stable_partition
HG02738_hap2	0	G1	stable_partition	G2	stable_partition
HG02769_hap1	0	NA	incomplete_core_regions	NA	incomplete_core_regions
HG02769_hap2	0	G3	stable_partition	G6	stable_partition
HG02809_hap1	0	G1	stable_partition	G3	stable_partition
HG02809_hap2	0	NA	incomplete_core_regions	NA	incomplete_core_regions
HG02818_hap1	0	G2	stable_partition	G5	stable_partition
HG02818_hap2	0	G3	stable_partition	NA	incomplete_core_regions
HG02841_hap1	0	G3	stable_partition	G1	stable_partition
HG02841_hap2	0	G1	stable_partition	G1	stable_partition
HG02886_hap1	0	G3	stable_partition	G2	stable_partition
HG02886_hap2	0	G3	stable_partition	G3	stable_partition
HG02922_hap1	0	G1	stable_partition	G1	stable_partition
HG02922_hap2	0	G1	stable_partition	G4	stable_partition
HG02953_hap1	0	G3	stable_partition	G7	stable_partition
HG02953_hap2	0	G1	stable_partition	G4	stable_partition
HG02965_hap1	0	G2	stable_partition	G5	stable_partition
HG02965_hap2	0	G1	stable_partition	G5	stable_partition
HG02976_hap1	0	G3	stable_partition	G1	stable_partition
HG02976_hap2	0	G3	stable_partition	G1	stable_partition
HG02984_hap1	0	G3	stable_partition	G1	stable_partition
HG02984_hap2	0	G1	stable_partition	G1	stable_partition
HG03009_hap1	0	G3	stable_partition	G7	stable_partition
HG03009_hap2	0	G3	stable_partition	G7	stable_partition
HG03017_hap1	0	G1	stable_partition	G7	stable_partition
HG03017_hap2	0	G1	stable_partition	G7	stable_partition
HG03041_hap1	0	G2	stable_partition	G4	stable_partition
HG03041_hap2	0	G3	stable_partition	G4	stable_partition
HG03050_hap1	0	G3	stable_partition	G2	stable_partition
HG03050_hap2	0	G3	stable_partition	G1	stable_partition
HG03065_hap1	0	G1	stable_partition	G4	stable_partition
HG03065_hap2	0	G1	stable_partition	G4	stable_partition
HG03098_hap1	0	G1	stable_partition	G1	stable_partition
HG03098_hap2	0	G1	stable_partition	G1	stable_partition
HG03130_hap1	0	G2	stable_partition	G6	stable_partition
HG03130_hap2	0	G3	stable_partition	NA	incomplete_core_regions
HG03139_hap1	0	G3	stable_partition	G4	stable_partition
HG03139_hap2	0	G2	stable_partition	G5	stable_partition
HG03195_hap1	0	G3	stable_partition	NA	incomplete_core_regions
HG03195_hap2	0	G1	stable_partition	G1	stable_partition
HG03209_hap1	0	G1	stable_partition	G5	stable_partition
HG03209_hap2	0	G3	stable_partition	G1	stable_partition
HG03225_hap1	0	G3	stable_partition	G4	stable_partition
HG03225_hap2	0	G3	stable_partition	G6	stable_partition
HG03239_hap1	0	G3	stable_partition	G3	stable_partition
HG03239_hap2	0	G3	stable_partition	G3	stable_partition
HG03248_hap1	0	G3	stable_partition	G1	stable_partition
HG03248_hap2	0	G3	stable_partition	G5	stable_partition
HG03270_hap1	0	G2	stable_partition	G5	stable_partition
HG03270_hap2	0	G3	stable_partition	G1	stable_partition
HG03369_hap1	0	G1	stable_partition	G6	stable_partition
HG03369_hap2	0	G2	stable_partition	G2	stable_partition
HG03371_hap1	0	G3	stable_partition	G1	stable_partition
HG03371_hap2	0	G2	stable_partition	G2	stable_partition
HG03452_hap1	0	G3	stable_partition	G4	stable_partition
HG03452_hap2	0	NA	incomplete_core_regions	NA	incomplete_core_regions
HG03453_hap1	0	G3	stable_partition	NA	incomplete_core_regions
HG03453_hap2	0	G1	stable_partition	G1	stable_partition
HG03456_hap1	0	G1	stable_partition	G5	stable_partition
HG03456_hap2	0	G1	stable_partition	G4	stable_partition
HG03470_hap1	0	G3	stable_partition	G3	stable_partition
HG03470_hap2	0	G1	stable_partition	G1	stable_partition
HG03471_hap1	0	NA	incomplete_core_regions	NA	incomplete_core_regions
HG03471_hap2	0	NA	incomplete_core_regions	NA	incomplete_core_regions
HG03486_hap1	0	G1	stable_partition	G5	stable_partition
HG03486_hap2	0	G3	stable_partition	G5	stable_partition
HG03516_hap1	0	G3	stable_partition	G7	stable_partition
HG03516_hap2	0	G1	stable_partition	G1	stable_partition
HG03520_hap1	0	G3	stable_partition	NA	incomplete_core_regions
HG03520_hap2	0	NA	incomplete_core_regions	NA	incomplete_core_regions
HG03521_hap1	0	G1	stable_partition	G5	stable_partition
HG03521_hap2	0	G3	stable_partition	G1	stable_partition
HG03540_hap1	0	G3	stable_partition	NA	incomplete_core_regions
HG03540_hap2	0	G3	stable_partition	NA	incomplete_core_regions
HG03579_hap1	0	G3	stable_partition	G1	stable_partition
HG03579_hap2	0	G1	stable_partition	G1	stable_partition
HG03583_hap1	0	G1	stable_partition	G2	stable_partition
HG03583_hap2	0	G2	stable_partition	G5	stable_partition
HG03654_hap1	0	G3	stable_partition	G4	stable_partition
HG03654_hap2	0	G2	stable_partition	G7	stable_partition
HG03669_hap1	0	G3	stable_partition	G1	stable_partition
HG03669_hap2	0	G3	stable_partition	G7	stable_partition
HG03683_hap1	0	NA	incomplete_core_regions	NA	incomplete_core_regions
HG03683_hap2	0	G3	stable_partition	G7	stable_partition
HG03688_hap1	0	G3	stable_partition	G3	stable_partition
HG03688_hap2	0	G3	stable_partition	G3	stable_partition
HG03704_hap1	0	G3	stable_partition	G7	stable_partition
HG03704_hap2	0	G1	stable_partition	G3	stable_partition
HG03710_hap1	0	NA	incomplete_core_regions	NA	incomplete_core_regions
HG03710_hap2	0	NA	incomplete_core_regions	NA	incomplete_core_regions
HG03732_hap2	0	G1	stable_partition	G6	stable_partition
HG03742_hap1	0	G3	stable_partition	G4	stable_partition
HG03742_hap2	0	G3	stable_partition	G6	stable_partition
HG03784_hap1	0	G3	stable_partition	G7	stable_partition
HG03784_hap2	0	G3	stable_partition	NA	incomplete_core_regions
HG03804_hap1	0	G3	stable_partition	G3	stable_partition
HG03804_hap2	0	G3	stable_partition	G7	stable_partition
HG03807_hap1	0	G3	stable_partition	G7	stable_partition
HG03807_hap2	0	G3	stable_partition	G7	stable_partition
HG03816_hap1	0	G3	stable_partition	G3	stable_partition
HG03816_hap2	0	G3	stable_partition	G7	stable_partition
HG03831_hap1	0	G3	stable_partition	G3	stable_partition
HG03831_hap2	0	G3	stable_partition	G3	stable_partition
HG03834_hap1	0	G3	stable_partition	G6	stable_partition
HG03834_hap2	0	G1	stable_partition	G7	stable_partition
HG03874_hap1	0	G1	stable_partition	G3	stable_partition
HG03874_hap2	0	G3	stable_partition	G4	stable_partition
HG03927_hap1	0	G3	stable_partition	G3	stable_partition
HG03927_hap2	0	G1	stable_partition	G7	stable_partition
HG03942_hap1	0	G3	stable_partition	NA	incomplete_core_regions
HG03942_hap2	0	G3	stable_partition	NA	incomplete_core_regions
HG04036_hap1	0	G1	stable_partition	G2	stable_partition
HG04036_hap2	0	G3	stable_partition	G7	stable_partition
HG04115_hap1	0	G3	stable_partition	NA	incomplete_core_regions
HG04115_hap2	0	G1	stable_partition	NA	incomplete_core_regions
HG04157_hap1	0	G3	stable_partition	G5	stable_partition
HG04157_hap2	0	G3	stable_partition	G6	stable_partition
HG04160_hap1	0	G3	stable_partition	G1	stable_partition
HG04160_hap2	0	G3	stable_partition	G2	stable_partition
HG04184_hap1	0	G3	stable_partition	G3	stable_partition
HG04184_hap2	0	G1	stable_partition	G2	stable_partition
HG04187_hap1	0	G3	stable_partition	G6	stable_partition
HG04187_hap2	0	G1	stable_partition	G1	stable_partition
HG04199_hap1	0	G3	stable_partition	G3	stable_partition
HG04199_hap2	0	G1	stable_partition	G5	stable_partition
HG04204_hap1	0	G3	stable_partition	G6	stable_partition
HG04204_hap2	0	G1	stable_partition	G7	stable_partition
HG04217_hap1	0	G3	stable_partition	G6	stable_partition
HG04217_hap2	0	G3	stable_partition	G5	stable_partition
HG04228_hap1	0	G3	stable_partition	G7	stable_partition
HG04228_hap2	0	G2	stable_partition	G6	stable_partition
HG06807_hap1	0	G3	stable_partition	G1	stable_partition
HG06807_hap2	0	G3	stable_partition	G6	stable_partition
NA12329_hap1	0	G3	stable_partition	G6	stable_partition
NA12329_hap2	0	G3	stable_partition	G3	stable_partition
NA18505_hap1	0	G1	stable_partition	G2	stable_partition
NA18505_hap2	0	G1	stable_partition	G6	stable_partition
NA18508_hap1	0	G3	stable_partition	NA	incomplete_core_regions
NA18508_hap2	0	G3	stable_partition	G1	stable_partition
NA18522_hap1	0	G3	stable_partition	G1	stable_partition
NA18522_hap2	0	G1	stable_partition	G1	stable_partition
NA18534_hap1	0	G3	stable_partition	G7	stable_partition
NA18534_hap2	0	G3	stable_partition	G3	stable_partition
NA18565_hap1	0	NA	incomplete_core_regions	NA	incomplete_core_regions
NA18565_hap2	0	NA	incomplete_core_regions	NA	incomplete_core_regions
NA18570_hap1	0	G1	stable_partition	G2	stable_partition
NA18570_hap2	0	G3	stable_partition	G7	stable_partition
NA18608_hap1	0	G3	stable_partition	G3	stable_partition
NA18608_hap2	0	G3	stable_partition	G2	stable_partition
NA18620_hap1	0	G3	stable_partition	NA	incomplete_core_regions
NA18620_hap2	0	G1	stable_partition	NA	incomplete_core_regions
NA18747_hap1	0	G2	stable_partition	G7	stable_partition
NA18747_hap2	0	G3	stable_partition	NA	incomplete_core_regions
NA18879_hap1	0	G1	stable_partition	G1	stable_partition
NA18879_hap2	0	G3	stable_partition	G2	stable_partition
NA18906_hap1	0	G3	stable_partition	G5	stable_partition
NA18906_hap2	0	G2	stable_partition	G1	stable_partition
NA18939_hap1	0	NA	incomplete_core_regions	NA	incomplete_core_regions
NA18939_hap2	0	G3	stable_partition	G7	stable_partition
NA18940_hap1	0	G1	stable_partition	G2	stable_partition
NA18940_hap2	0	G3	stable_partition	G6	stable_partition
NA18943_hap1	0	G1	stable_partition	G7	stable_partition
NA18943_hap2	0	G3	stable_partition	G2	stable_partition
NA18944_hap1	0	G3	stable_partition	G3	stable_partition
NA18944_hap2	0	G1	stable_partition	G7	stable_partition
NA18945_hap1	0	G3	stable_partition	G6	stable_partition
NA18945_hap2	0	G3	stable_partition	G2	stable_partition
NA18948_hap1	0	G1	stable_partition	G7	stable_partition
NA18948_hap2	0	G3	stable_partition	G7	stable_partition
NA18952_hap1	0	G3	stable_partition	G6	stable_partition
NA18952_hap2	0	NA	incomplete_core_regions	NA	incomplete_core_regions
NA18959_hap1	0	G3	stable_partition	G2	stable_partition
NA18959_hap2	0	G3	stable_partition	G7	stable_partition
NA18960_hap1	0	G1	stable_partition	G7	stable_partition
NA18960_hap2	0	G3	stable_partition	G7	stable_partition
NA18967_hap1	0	G3	stable_partition	G7	stable_partition
NA18967_hap2	0	G3	stable_partition	G7	stable_partition
NA18970_hap1	0	G1	stable_partition	G7	stable_partition
NA18970_hap2	0	G1	stable_partition	G6	stable_partition
NA18971_hap1	0	G3	stable_partition	G7	stable_partition
NA18971_hap2	0	G3	stable_partition	G3	stable_partition
NA18974_hap1	0	G3	stable_partition	G7	stable_partition
NA18974_hap2	0	G3	stable_partition	G2	stable_partition
NA18976_hap1	0	G1	stable_partition	NA	incomplete_core_regions
NA18976_hap2	0	G1	stable_partition	NA	incomplete_core_regions
NA18982_hap1	0	G3	stable_partition	G3	stable_partition
NA18982_hap2	0	G3	stable_partition	G2	stable_partition
NA18983_hap2	0	G3	stable_partition	NA	incomplete_core_regions
NA18989_hap1	0	G1	stable_partition	G7	stable_partition
NA18989_hap2	0	G3	stable_partition	G2	stable_partition
NA19036_hap2	0	G3	stable_partition	G1	stable_partition
NA19043_hap1	0	G1	stable_partition	G1	stable_partition
NA19043_hap2	0	G2	stable_partition	G2	stable_partition
NA19087_hap1	0	G3	stable_partition	G7	stable_partition
NA19087_hap2	0	G1	stable_partition	G2	stable_partition
NA19129_hap1	0	NA	incomplete_core_regions	NA	incomplete_core_regions
NA19129_hap2	0	G2	stable_partition	G1	stable_partition
NA19159_hap1	0	G1	stable_partition	G1	stable_partition
NA19159_hap2	0	G3	stable_partition	G1	stable_partition
NA19185_hap1	0	G3	stable_partition	G3	stable_partition
NA19185_hap2	0	G3	stable_partition	G1	stable_partition
NA19238_hap1	0	G3	stable_partition	G5	stable_partition
NA19238_hap2	0	G3	stable_partition	G4	stable_partition
NA19239_hap1	0	G1	stable_partition	G2	stable_partition
NA19239_hap2	0	G1	stable_partition	G2	stable_partition
NA19240_hap1	0	G1	stable_partition	G1	stable_partition
NA19240_hap2	0	G3	stable_partition	G4	stable_partition
NA19317_hap1	0	G3	stable_partition	G5	stable_partition
NA19317_hap2	0	G1	stable_partition	G4	stable_partition
NA19331_hap1	0	NA	incomplete_core_regions	NA	incomplete_core_regions
NA19331_hap2	0	NA	incomplete_core_regions	NA	incomplete_core_regions
NA19338_hap1	0	NA	incomplete_core_regions	NA	incomplete_core_regions
NA19338_hap2	0	G2	stable_partition	G1	stable_partition
NA19347_hap1	0	G1	stable_partition	G6	stable_partition
NA19347_hap2	0	G3	stable_partition	G3	stable_partition
NA19384_hap1	0	G1	stable_partition	G6	stable_partition
NA19384_hap2	0	G3	stable_partition	G5	stable_partition
NA19391_hap1	0	G3	stable_partition	G1	stable_partition
NA19391_hap2	0	G3	stable_partition	G5	stable_partition
NA19434_hap1	0	NA	incomplete_core_regions	NA	incomplete_core_regions
NA19434_hap2	0	NA	incomplete_core_regions	NA	incomplete_core_regions
NA19443_hap1	0	G3	stable_partition	G5	stable_partition
NA19443_hap2	0	G3	stable_partition	G2	stable_partition
NA19468_hap1	0	G1	stable_partition	G1	stable_partition
NA19468_hap2	0	G3	stable_partition	G4	stable_partition
NA19650_hap1	0	G1	stable_partition	NA	incomplete_core_regions
NA19650_hap2	0	G1	stable_partition	G2	stable_partition
NA19682_hap1	0	G3	stable_partition	G7	stable_partition
NA19682_hap2	0	G3	stable_partition	G4	stable_partition
NA19700_hap1	0	G1	stable_partition	G5	stable_partition
NA19705_hap1	0	G3	stable_partition	G5	stable_partition
NA19705_hap2	0	G1	stable_partition	G1	stable_partition
NA19776_hap1	0	G3	stable_partition	G2	stable_partition
NA19776_hap2	0	G1	stable_partition	G4	stable_partition
NA19835_hap1	0	NA	incomplete_core_regions	NA	incomplete_core_regions
NA19835_hap2	0	G3	stable_partition	G4	stable_partition
NA19836_hap1	0	NA	incomplete_core_regions	NA	incomplete_core_regions
NA19836_hap2	0	G3	stable_partition	G6	stable_partition
NA19909_hap1	0	NA	incomplete_core_regions	NA	incomplete_core_regions
NA19983_hap1	0	G1	stable_partition	G1	stable_partition
NA19983_hap2	0	NA	incomplete_core_regions	NA	incomplete_core_regions
NA20129_hap1	0	G1	stable_partition	G6	stable_partition
NA20129_hap2	0	G3	stable_partition	G1	stable_partition
NA20282_hap1	0	G3	stable_partition	G1	stable_partition
NA20282_hap2	0	G3	stable_partition	G4	stable_partition
NA20346_hap1	0	G3	stable_partition	G4	stable_partition
NA20346_hap2	0	G3	stable_partition	G7	stable_partition
NA20355_hap1	0	G3	stable_partition	G7	stable_partition
NA20355_hap2	0	G3	stable_partition	G2	stable_partition
NA20503_hap1	0	G1	stable_partition	G7	stable_partition
NA20503_hap2	0	G2	stable_partition	G2	stable_partition
NA20509_hap1	0	G3	stable_partition	G2	stable_partition
NA20509_hap2	0	NA	incomplete_core_regions	NA	incomplete_core_regions
NA20752_hap1	0	G2	stable_partition	G3	stable_partition
NA20752_hap2	0	G1	stable_partition	G4	stable_partition
NA20762_hap1	0	G2	stable_partition	G7	stable_partition
NA20762_hap2	0	G3	stable_partition	G6	stable_partition
NA20799_hap1	0	G1	stable_partition	G7	stable_partition
NA20799_hap2	0	G3	stable_partition	G5	stable_partition
NA20805_hap1	0	G3	stable_partition	G3	stable_partition
NA20805_hap2	0	G1	stable_partition	G6	stable_partition
NA20806_hap1	0	G1	stable_partition	G3	stable_partition
NA20806_hap2	0	G3	stable_partition	G7	stable_partition
NA20809_hap1	0	G2	stable_partition	G5	stable_partition
NA20809_hap2	0	G3	stable_partition	G1	stable_partition
NA20827_hap1	0	G3	stable_partition	G7	stable_partition
NA20827_hap2	0	G3	stable_partition	G5	stable_partition
NA20847_hap1	0	NA	incomplete_core_regions	NA	incomplete_core_regions
NA20847_hap2	0	NA	incomplete_core_regions	NA	incomplete_core_regions
NA20850_hap1	0	G1	stable_partition	G3	stable_partition
NA20850_hap2	0	G3	stable_partition	G6	stable_partition
NA20870_hap1	0	G3	stable_partition	G2	stable_partition
NA20870_hap2	0	G3	stable_partition	G3	stable_partition
NA20905_hap1	0	G3	stable_partition	G2	stable_partition
NA20905_hap2	0	G2	stable_partition	G2	stable_partition
NA21093_hap1	0	G2	stable_partition	G7	stable_partition
NA21093_hap2	0	G3	stable_partition	G6	stable_partition
NA21102_hap1	0	G3	stable_partition	G7	stable_partition
NA21102_hap2	0	G3	stable_partition	G7	stable_partition
NA21106_hap1	0	G3	stable_partition	NA	incomplete_core_regions
NA21106_hap2	0	G3	stable_partition	NA	incomplete_core_regions
NA21110_hap1	0	G2	stable_partition	G7	stable_partition
NA21110_hap2	0	NA	incomplete_core_regions	NA	incomplete_core_regions
NA21144_hap1	0	G1	stable_partition	G7	stable_partition
NA21144_hap2	0	G1	stable_partition	G3	stable_partition
NA21309_hap1	0	G1	stable_partition	NA	incomplete_core_regions
NA21309_hap2	0	G1	stable_partition	NA	incomplete_core_regions
NA21487_hap1	0	NA	incomplete_core_regions	NA	incomplete_core_regions
NA21487_hap2	0	G3	stable_partition	G4	stable_partition
