hap	HSat2_chromosomes	HSat3_chromosomes
HG00096_hap1	chr9,chr10,chr17	chr3,chr4,chr5,chr9,chr10,chr17,chr20
HG00096_hap2	chr1,chr7,chr9,chr10,chr17	chr1,chr3,chr4,chr5,chr7,chr9,chr10,chr17,chr20
HG00097_hap1	chr1,chr2,chr7,chr9,chr10,chr16	chr1,chr2,chr3,chr4,chr5,chr7,chr9,chr10,chr16,chr20
HG00097_hap2	chr1,chr2,chr7,chr9,chr10	chr1,chr2,chr3,chr5,chr7,chr9,chr10,chr20
HG00099_hap1	chr2,chr7,chr9,chr10,chr16,chr17	chr2,chr4,chr5,chr7,chr9,chr10,chr16,chr17,chr20
HG00099_hap2	chr2,chr7,chr9,chr10,chr16,chr17	chr2,chr4,chr5,chr7,chr9,chr10,chr16,chr17,chr20
HG00126_hap2	chr1,chr2,chr7,chr9,chr10,chr16	chr1,chr2,chr3,chr4,chr5,chr7,chr9,chr10,chr16,chr20
HG00128_hap1	chr2,chr7,chr9,chr10	chr2,chr3,chr4,chr5,chr7,chr9,chr10,chr20
HG00128_hap2	chr2,chr7,chr9,chr10,chr16,chr17	chr2,chr3,chr4,chr5,chr7,chr9,chr10,chr16,chr17,chr20
HG00133_hap1	chr1,chr2,chr7,chr16,chr17	chr1,chr2,chr3,chr4,chr5,chr7,chr16,chr17,chr20
HG00133_hap2	chr1,chr2,chr7,chr10,chr16,chr17	chr1,chr2,chr3,chr4,chr5,chr7,chr10,chr16,chr17,chr20
HG00140_hap1	chr1,chr2,chr7,chr10,chr16,chr17	chr1,chr2,chr4,chr7,chr10,chr16,chr17,chr20
HG00140_hap2	chr1,chr2,chr7,chr9,chr10,chr16,chr17	chr1,chr2,chr3,chr4,chr5,chr7,chr9,chr10,chr16,chr17,chr20
HG00146_hap1	chr2,chr7,chr10,chr16	chr2,chr4,chr5,chr7,chr10,chr16,chr20
HG00146_hap2	chr2,chr7,chr10,chr16,chr17	chr2,chr4,chr5,chr7,chr10,chr16,chr17,chr20
HG00171_hap1	chr1,chr7,chr9,chr10,chr17	chr1,chr3,chr4,chr5,chr7,chr9,chr10,chr17,chr20
HG00171_hap2	chr1,chr7,chr10,chr16,chr17	chr1,chr3,chr4,chr5,chr7,chr10,chr16,chr17,chr20
HG00232_hap1	chr1,chr2,chr7,chr9,chr10,chr17	chr1,chr2,chr3,chr5,chr7,chr9,chr10,chr17,chr20
HG00232_hap2	chr1,chr2,chr7,chr9,chr10,chr17	chr1,chr2,chr3,chr5,chr7,chr9,chr10,chr17,chr20
HG00235_hap1	chr1,chr2,chr7,chr9,chr10,chr16,chr17	chr1,chr2,chr4,chr5,chr7,chr9,chr10,chr16,chr17,chr20
HG00235_hap2	chr1,chr2,chr7,chr9,chr10,chr16,chr17	chr2,chr4,chr5,chr7,chr9,chr10,chr16,chr17,chr20
HG00253_hap1	chr1,chr2,chr7,chr10	chr2,chr3,chr7,chr10
HG00253_hap2	chr2,chr7,chr10	chr2,chr7,chr10
HG00268_hap1	chr1,chr2,chr7,chr9,chr10,chr16,chr17	chr1,chr2,chr3,chr4,chr5,chr7,chr9,chr10,chr16,chr17
HG00268_hap2	chr2,chr7,chr9,chr10,chr16,chr17	chr2,chr3,chr5,chr7,chr9,chr10,chr16,chr17,chr20
HG00272_hap1	chr1,chr2,chr7,chr9,chr10,chr16,chr17	chr1,chr2,chr3,chr4,chr5,chr7,chr9,chr10,chr16,chr17,chr20
HG00280_hap1	chr7,chr9,chr10	chr4,chr5,chr7,chr9,chr10,chr20
HG00280_hap2	chr7,chr9,chr10,chr16	chr4,chr5,chr7,chr9,chr10,chr16,chr20
HG00290_hap1	chr1,chr2,chr7,chr10,chr16,chr17	chr1,chr2,chr3,chr4,chr5,chr7,chr10,chr16,chr17,chr20
HG00290_hap2	chr1,chr2,chr7,chr10,chr16,chr17	chr1,chr2,chr3,chr5,chr7,chr10,chr16,chr17,chr20
HG00320_hap1	chr1,chr7,chr9,chr10,chr17	chr1,chr4,chr5,chr7,chr9,chr10,chr17,chr20
HG00320_hap2	chr1,chr7,chr9,chr10,chr16,chr17	chr1,chr4,chr5,chr7,chr9,chr10,chr16,chr17,chr20
HG00321_hap1	chr1,chr2,chr7,chr9,chr10,chr16,chr17	chr1,chr2,chr3,chr4,chr5,chr7,chr9,chr10,chr16,chr17,chr20
HG00321_hap2	chr1,chr2,chr7,chr9,chr10,chr16,chr17	chr1,chr2,chr3,chr4,chr5,chr7,chr9,chr10,chr16,chr17,chr20
HG00323_hap1	chr1,chr7,chr9,chr10,chr16,chr17	chr1,chr3,chr4,chr5,chr7,chr9,chr10,chr16,chr17,chr20
HG00323_hap2	chr1,chr7,chr10,chr16,chr17	chr1,chr3,chr4,chr5,chr7,chr10,chr16,chr17,chr20
HG00329_hap1	chr7,chr10,chr16,chr17	chr3,chr4,chr5,chr7,chr10,chr16,chr17,chr20
HG00329_hap2	chr7,chr10,chr16	chr3,chr4,chr5,chr7,chr10,chr16,chr20
HG00344_hap1	chr1,chr2,chr7,chr10	chr1,chr2,chr3,chr4,chr5,chr7,chr10,chr20
HG00344_hap2	chr1,chr2,chr7,chr10,chr16	chr1,chr2,chr3,chr4,chr5,chr7,chr10,chr16,chr20
HG00350_hap1	chr1,chr7,chr9,chr10,chr16,chr17	chr1,chr3,chr5,chr7,chr9,chr10,chr16,chr17,chr20
HG00350_hap2	chr1,chr7,chr9,chr10,chr16,chr17	chr1,chr3,chr5,chr7,chr9,chr10,chr16,chr17,chr20
HG00358_hap1	chr1,chr7,chr10,chr16,chr17	chr1,chr3,chr4,chr5,chr7,chr10,chr16,chr17,chr20
HG00358_hap2	chr7,chr9,chr10,chr17	chr3,chr4,chr5,chr7,chr9,chr10,chr17,chr20
HG00408_hap1	chr2,chr9,chr10,chr16	chr2,chr3,chr4,chr5,chr9,chr10,chr16,chr20
HG00408_hap2	chr2,chr9,chr10,chr16	chr2,chr3,chr4,chr5,chr9,chr10,chr16,chr20
HG00423_hap1	chr2,chr7,chr9,chr10,chr16	chr2,chr3,chr4,chr5,chr7,chr9,chr10,chr16,chr20
HG00423_hap2	chr2,chr7,chr9,chr10,chr16	chr2,chr3,chr4,chr5,chr7,chr9,chr10,chr16,chr20
HG00438_hap1	chr1,chr2,chr7,chr10,chr16,chr17	chr1,chr2,chr3,chr4,chr5,chr7,chr10,chr16,chr17,chr20
HG00438_hap2	chr1,chr2,chr7,chr9,chr10,chr16,chr17	chr1,chr2,chr3,chr4,chr5,chr7,chr9,chr10,chr16,chr17,chr20
HG00512_hap1	chr1,chr2,chr10	chr1,chr2,chr3,chr5,chr10,chr20
HG00512_hap2	chr1,chr7,chr10,chr17	chr1,chr3,chr4,chr5,chr7,chr10,chr17
HG00513_hap1	chr7,chr10,chr16	chr5,chr7,chr10,chr16
HG00513_hap2	chr1,chr2,chr7,chr9,chr10,chr16,chr17	chr1,chr2,chr3,chr4,chr5,chr7,chr9,chr10,chr16,chr17
HG00514_hap1	chr2,chr10,chr17	chr2,chr3,chr5,chr10,chr17
HG00514_hap2	chr2,chr10,chr17	chr2,chr3,chr5,chr10,chr17
HG00544_hap1	chr1,chr2,chr7,chr9,chr10,chr16	chr1,chr2,chr3,chr5,chr7,chr9,chr10,chr16
HG00544_hap2	chr1,chr2,chr7,chr9,chr10,chr16	chr1,chr2,chr3,chr5,chr7,chr9,chr10,chr16
HG00558_hap1	chr1,chr7,chr9,chr10,chr16	chr1,chr3,chr4,chr5,chr7,chr9,chr10,chr16,chr20
HG00558_hap2	chr1,chr7,chr9,chr10,chr16	chr1,chr3,chr4,chr7,chr9,chr10,chr16,chr20
HG00597_hap1	chr1,chr2,chr7,chr9,chr10,chr16	chr1,chr2,chr3,chr4,chr5,chr7,chr9,chr10,chr16,chr20
HG00597_hap2	chr1,chr2,chr7,chr9,chr10,chr16	chr1,chr2,chr3,chr5,chr7,chr9,chr10,chr16,chr20
HG00609_hap1	chr1,chr2,chr7,chr9,chr10,chr16,chr17	chr1,chr2,chr3,chr4,chr5,chr7,chr9,chr10,chr16,chr17,chr20
HG00609_hap2	chr1,chr2,chr7,chr9,chr10,chr16,chr17	chr1,chr2,chr3,chr4,chr5,chr7,chr9,chr10,chr16,chr17,chr20
HG00621_hap1	chr1,chr9,chr10,chr16	chr1,chr3,chr4,chr5,chr9,chr10,chr16,chr20
HG00621_hap2	chr1,chr7,chr9,chr10,chr16	chr1,chr3,chr4,chr5,chr7,chr9,chr10,chr16,chr20
HG00639_hap1	chr1,chr7,chr10,chr16	chr1,chr3,chr4,chr5,chr7,chr10,chr16,chr20
HG00639_hap2	chr1,chr7,chr10,chr16	chr1,chr3,chr4,chr5,chr7,chr10,chr16
HG00642_hap1	chr2,chr7,chr10,chr16	chr2,chr3,chr4,chr5,chr7,chr10,chr16,chr20
HG00642_hap2	chr2,chr7,chr9,chr10,chr16,chrY	chr2,chr3,chr4,chr5,chr7,chr9,chr10,chr16,chr20,chrY
HG00658_hap1	chr2,chr7,chr9,chr10,chr16	chr2,chr5,chr7,chr9,chr10,chr16,chr20
HG00658_hap2	chr1,chr2,chr7,chr9,chr10,chr16	chr1,chr2,chr5,chr7,chr9,chr10,chr16
HG00673_hap1	chr1,chr2,chr7,chr9,chr10,chr16	chr1,chr2,chr3,chr4,chr5,chr7,chr9,chr10,chr16,chr20
HG00673_hap2	chr2,chr7,chr9,chr10,chr16	chr2,chr3,chr4,chr5,chr7,chr9,chr10,chr16,chr20
HG00706_hap1	chr1,chr2,chr7,chr9,chr10,chr16	chr1,chr2,chr3,chr4,chr5,chr7,chr9,chr10,chr16,chr20
HG00706_hap2	chr1,chr2,chr7,chr9,chr10,chr16	chr1,chr3,chr4,chr5,chr7,chr9,chr10,chr16,chr20
HG00731_hap1	chr1,chr2,chr7,chr9,chr10,chr16,chr17	chr1,chr2,chr3,chr4,chr5,chr7,chr9,chr10,chr16,chr17,chr20
HG00731_hap2	chr1,chr7,chr9,chr10,chr16,chr17,chrY	chr1,chr3,chr4,chr5,chr7,chr9,chr10,chr16,chr17,chr20,chrY
HG00732_hap1	chr1,chr2,chr9,chr10,chr16,chr17	chr1,chr2,chr3,chr4,chr5,chr9,chr10,chr16,chr17,chr20
HG00732_hap2	chr9,chr10,chr16,chr17	chr3,chr4,chr5,chr9,chr10,chr16,chr17,chr20
HG00733_hap1	chr1,chr7,chr10,chr16	chr1,chr3,chr4,chr5,chr7,chr10,chr16,chr20
HG00733_hap2	chr2,chr9,chr10,chr16,chr17	chr2,chr3,chr4,chr5,chr9,chr10,chr16,chr17,chr20
HG00735_hap1	chr9,chr10,chr16	chr4,chr5,chr9,chr10,chr16
HG00735_hap2	chr9,chr10,chr16	chr4,chr5,chr9,chr10,chr16
HG00738_hap1	chr2,chr7,chr9,chr10,chr16	chr2,chr3,chr4,chr5,chr7,chr9,chr10,chr16,chr20
HG00738_hap2	chr1,chr2,chr7,chr9,chr10,chr16	chr1,chr2,chr4,chr5,chr7,chr9,chr10,chr16,chr20
HG00741_hap1	chr1,chr2,chr7,chr9,chr10,chr16	chr1,chr2,chr5,chr7,chr9,chr10,chr16,chr20
HG00741_hap2	chr1,chr2,chr7,chr9,chr10,chr16	chr1,chr2,chr5,chr7,chr9,chr10,chr16,chr20
HG00864_hap1	chr7,chr9,chr10,chr17	chr3,chr4,chr5,chr7,chr9,chr10,chr17,chr20
HG00864_hap2	chr1,chr7,chr9,chr16	chr1,chr3,chr4,chr5,chr7,chr9,chr16,chr20
HG01071_hap1	chr1,chr2,chr9,chr10,chr16,chr17	chr1,chr2,chr3,chr4,chr5,chr9,chr10,chr16,chr17,chr20
HG01071_hap2	chr1,chr2,chr9,chr10,chr16,chr17	chr1,chr2,chr3,chr4,chr5,chr9,chr10,chr16,chr17,chr20
HG01074_hap1	chr1,chr2,chr7,chr9,chr10,chr16	chr1,chr2,chr5,chr7,chr9,chr10,chr16,chr20
HG01074_hap2	chr2,chr7,chr9,chr10,chr16	chr2,chr5,chr7,chr9,chr10,chr16,chr20
HG01081_hap1	chr1,chr2,chr7,chr9,chr10,chr16,chr17	chr1,chr2,chr3,chr5,chr7,chr9,chr10,chr16,chr17,chr20
HG01081_hap2	chr2,chr7,chr9,chr10,chr16,chr17	chr2,chr5,chr7,chr9,chr10,chr16,chr17,chr20
HG01099_hap1	chr1,chr2,chr7,chr9,chr10,chr16,chr17	chr1,chr2,chr3,chr5,chr7,chr9,chr10,chr16,chr17,chr20
HG01099_hap2	chr1,chr2,chr7,chr9,chr10,chr16,chr17	chr1,chr2,chr3,chr5,chr7,chr9,chr10,chr16,chr17,chr20
HG01106_hap1	chr1,chr2,chr7,chr10,chr16,chr17	chr1,chr2,chr5,chr7,chr10,chr16,chr17,chr20
HG01106_hap2	chr1,chr2,chr7,chr9,chr10,chr16,chr17	chr1,chr2,chr5,chr7,chr9,chr10,chr16,chr17,chr20
HG01109_hap1	chr2,chr7,chr9,chr10,chr16,chr17	chr2,chr5,chr7,chr9,chr10,chr16,chr17,chr20
HG01109_hap2	chr2,chr7,chr9,chr10,chr16,chr17	chr2,chr4,chr5,chr7,chr9,chr10,chr16,chr17,chr20
HG01114_hap1	chr1,chr2,chr9,chr10,chr16,chr17	chr1,chr2,chr4,chr5,chr9,chr10,chr16,chr17
HG01114_hap2	chr1,chr7,chr9,chr10,chr16,chr17	chr1,chr5,chr7,chr9,chr10,chr16,chr17
HG01123_hap1	chr1,chr7,chr9,chr10,chr16,chr17	chr1,chr3,chr5,chr7,chr9,chr10,chr16,chr17,chr20
HG01123_hap2	chr1,chr7,chr9,chr10,chr16,chr17	chr1,chr5,chr7,chr9,chr10,chr16,chr17,chr20
HG01150_hap1	chr2,chr7,chr10,chr16,chr17	chr2,chr3,chr5,chr7,chr10,chr16,chr17,chr20
HG01150_hap2	chr2,chr7,chr9,chr10,chr16,chr17	chr2,chr3,chr5,chr7,chr9,chr10,chr16,chr17,chr20
HG01167_hap1	chr1,chr2,chr7,chr9,chr10,chr16,chr17	chr1,chr2,chr3,chr4,chr5,chr7,chr9,chr10,chr16,chr17,chr20
HG01167_hap2	chr1,chr2,chr7,chr9,chr10,chr16,chr17	chr1,chr2,chr3,chr4,chr5,chr7,chr9,chr10,chr16,chr17,chr20
HG01175_hap1	chr2,chr7,chr9,chr10,chr16	chr2,chr3,chr4,chr5,chr7,chr9,chr10,chr16,chr20
HG01175_hap2	chr2,chr7,chr9,chr10,chr16	chr2,chr3,chr4,chr5,chr7,chr9,chr10,chr16,chr20
HG01192_hap1	chr2,chr9,chr10,chr16	chr2,chr3,chr4,chr5,chr9,chr10,chr16,chr20
HG01192_hap2	chr2,chr7,chr9,chr10,chr16,chr17	chr2,chr3,chr4,chr5,chr7,chr9,chr10,chr16,chr17,chr20
HG01243_hap1	chr1,chr2,chr7,chr9,chr10,chr16,chr17	chr1,chr2,chr5,chr7,chr9,chr10,chr16,chr17,chr20
HG01243_hap2	chr1,chr2,chr7,chr9,chr10,chr16,chr17	chr1,chr2,chr5,chr7,chr9,chr10,chr16,chr17,chr20
HG01252_hap1	chr2,chr7,chr10,chr16,chr17	chr2,chr3,chr5,chr7,chr10,chr16,chr17,chr20
HG01252_hap2	chr1,chr2,chr7,chr9,chr10,chr16,chr17	chr1,chr2,chr3,chr5,chr7,chr9,chr10,chr16,chr17,chr20
HG01255_hap1	chr1,chr2,chr7,chr9,chr10,chr16	chr1,chr2,chr3,chr4,chr5,chr7,chr9,chr10,chr16,chr20
HG01255_hap2	chr1,chr2,chr7,chr9,chr10,chr16	chr1,chr2,chr3,chr4,chr5,chr7,chr9,chr10,chr16,chr20
HG01258_hap1	chr2,chr7,chr9,chr10,chr16	chr2,chr4,chr5,chr7,chr9,chr10,chr16,chr20
HG01258_hap2	chr1,chr2,chr7,chr10,chr16,chr17	chr1,chr2,chr4,chr5,chr7,chr10,chr16,chr17,chr20
HG01261_hap1	chr1,chr2,chr7,chr9,chr10,chr16	chr1,chr2,chr4,chr5,chr7,chr9,chr10,chr16
HG01261_hap2	chr1,chr2,chr7,chr10,chr16,chrY	chr1,chr2,chr4,chr5,chr7,chr10,chr16,chrY
HG01346_hap1	chr2,chr7,chr9,chr10,chr16	chr2,chr3,chr4,chr5,chr7,chr9,chr10,chr16,chr20
HG01346_hap2	chr2,chr9,chr10,chr16	chr2,chr3,chr4,chr5,chr9,chr10,chr16,chr20
HG01352_hap1	chr1,chr2,chr7,chr9,chr10	chr1,chr2,chr4,chr5,chr7,chr9,chr10,chr20
HG01352_hap2	chr1,chr2,chr7,chr9,chr10,chr17	chr1,chr2,chr3,chr5,chr7,chr9,chr10,chr17,chr20
HG01358_hap1	chr2,chr7,chr9,chr10,chr16,chr17	chr2,chr3,chr4,chr5,chr7,chr9,chr10,chr16,chr17,chr20
HG01358_hap2	chr2,chr7,chr9,chr10,chr16	chr2,chr3,chr4,chr5,chr7,chr9,chr10,chr16,chr20
HG01361_hap1	chr1,chr2,chr9,chr10,chr16	chr1,chr2,chr3,chr4,chr5,chr9,chr10,chr16,chr20
HG01361_hap2	chr1,chr2,chr9,chr10,chr16	chr1,chr2,chr3,chr4,chr5,chr9,chr10,chr16,chr20
HG01433_hap1	chr2,chr7,chr9,chr10,chr16,chr17	chr2,chr3,chr4,chr5,chr7,chr9,chr10,chr16,chr17,chr20
HG01433_hap2	chr2,chr7,chr9,chr10,chr16,chr17	chr2,chr3,chr4,chr5,chr7,chr9,chr10,chr16,chr17,chr20
HG01457_hap1	chr1,chr2,chr7,chr10,chr16,chr17	chr1,chr2,chr3,chr4,chr5,chr7,chr10,chr16,chr17,chr20
HG01457_hap2	chr1,chr7,chr10,chr16,chr17	chr1,chr3,chr4,chr5,chr7,chr10,chr16,chr17,chr20
HG01496_hap1	chr1,chr2,chr7,chr9,chr10,chr16,chr17	chr1,chr2,chr3,chr5,chr7,chr9,chr10,chr16,chr17,chr20
HG01496_hap2	chr2,chr7,chr9,chr10,chr16,chr17	chr2,chr3,chr5,chr7,chr9,chr10,chr16,chr17,chr20
HG01505_hap1	chr2,chr7,chr9,chr10,chr16,chr17	chr2,chr3,chr7,chr9,chr10,chr16,chr17,chr20
HG01505_hap2	chr7,chr9,chr10,chr16,chr17	chr3,chr4,chr5,chr7,chr9,chr10,chr16,chr17,chr20
HG01530_hap1	chr1,chr9,chr10	chr1,chr3,chr4,chr5,chr9,chr10,chr20
HG01530_hap2	chr1,chr2,chr9,chr10	chr1,chr2,chr3,chr4,chr5,chr9,chr10,chr20
HG01573_hap1	chr7,chr10,chr16	chr3,chr5,chr7,chr10,chr16,chr20
HG01573_hap2	chr2,chr7,chr10,chr16,chr17	chr2,chr3,chr4,chr5,chr7,chr10,chr16,chr17,chr20
HG01596_hap1	chr1,chr2,chr7,chr10,chr16,chr17	chr1,chr2,chr3,chr4,chr5,chr7,chr10,chr16,chr17,chr20
HG01596_hap2	chr9,chr10,chr16	chr3,chr4,chr5,chr9,chr10,chr16,chr20
HG01784_hap1	chr1,chr7,chr9,chr10,chr16,chr17	chr1,chr3,chr4,chr5,chr7,chr9,chr10,chr16,chr17,chr20
HG01784_hap2	chr7,chr9,chr10,chr16,chr17	chr3,chr4,chr5,chr7,chr9,chr10,chr16,chr17,chr20
HG01786_hap1	chr7,chr9,chr10	chr4,chr5,chr7,chr9,chr10,chr20
HG01786_hap2	chr7,chr9,chr10	chr3,chr4,chr5,chr7,chr9,chr10
HG01884_hap1	chr1,chr2,chr7,chr9,chr10,chr17	chr1,chr2,chr3,chr5,chr7,chr9,chr10,chr17,chr20
HG01884_hap2	chr1,chr2,chr7,chr9,chr10,chr17	chr1,chr2,chr3,chr5,chr7,chr9,chr10,chr17,chr20
HG01890_hap1	chr1,chr2,chr9,chr10,chr16,chr17	chr1,chr2,chr3,chr4,chr5,chr9,chr10,chr16,chr17,chr20
HG01890_hap2	chr1,chr2,chr7,chr9,chr10,chr16,chr17	chr1,chr2,chr3,chr4,chr5,chr7,chr9,chr10,chr16,chr17,chr20
HG01891_hap1	chr2,chr7,chr9,chr16	chr2,chr4,chr7,chr9,chr16
HG01891_hap2	chr2,chr7,chr16	chr2,chr4,chr7,chr16
HG01928_hap1	chr1,chr2,chr7,chr9,chr10,chr16,chr17	chr1,chr2,chr3,chr4,chr5,chr7,chr9,chr10,chr16,chr17,chr20
HG01928_hap2	chr1,chr2,chr7,chr9,chr10,chr16,chr17	chr1,chr2,chr3,chr4,chr5,chr7,chr9,chr10,chr16,chr17,chr20
HG01934_hap1	chr1,chr2,chr7,chr9,chr10,chr16,chr17	chr1,chr2,chr3,chr5,chr7,chr9,chr10,chr16,chr17,chr20
HG01934_hap2	chr1,chr2,chr7,chr9,chr10,chr16,chr17	chr1,chr3,chr5,chr7,chr9,chr10,chr16,chr17,chr20
HG01940_hap1	chr1,chr2,chr9,chr10,chr16,chr17	chr1,chr2,chr3,chr4,chr5,chr9,chr10,chr16,chr17,chr20
HG01940_hap2	chr1,chr2,chr9,chr10,chr16,chr17	chr1,chr2,chr3,chr4,chr5,chr9,chr10,chr16,chr17,chr20
HG01943_hap1	chr2,chr9,chr10,chr16	chr2,chr3,chr5,chr9,chr10,chr16,chr20
HG01943_hap2	chr2,chr9,chr10,chr16	chr2,chr5,chr9,chr10,chr16,chr20
HG01952_hap1	chr1,chr2,chr7,chr9,chr10,chr16	chr1,chr2,chr4,chr5,chr7,chr9,chr10,chr16,chr20
HG01952_hap2	chr1,chr2,chr7,chr10,chr16	chr1,chr2,chr4,chr5,chr7,chr10,chr16,chr20
HG01960_hap1	chr1,chr7,chr9,chr10,chr16	chr1,chr5,chr7,chr9,chr10,chr16,chr20
HG01960_hap2	chr1,chr7,chr9,chr10,chr16	chr1,chr5,chr7,chr9,chr10,chr16,chr20
HG01969_hap1	chr1,chr2,chr7,chr9,chr10,chr16	chr1,chr2,chr3,chr5,chr7,chr9,chr10,chr16,chr20
HG01969_hap2	chr1,chr2,chr7,chr9,chr10,chr16	chr1,chr2,chr3,chr5,chr7,chr9,chr10,chr16,chr20
HG01975_hap1	chr1,chr2,chr7,chr9,chr10,chr16	chr1,chr2,chr3,chr5,chr7,chr9,chr10,chr16,chr20
HG01975_hap2	chr1,chr2,chr7,chr9,chr10,chr16	chr1,chr2,chr3,chr5,chr7,chr9,chr10,chr16,chr20
HG01978_hap1	chr1,chr2,chr9,chr10,chr17	chr1,chr2,chr3,chr9,chr10,chr17,chr20
HG01978_hap2	chr2,chr9,chr10,chr17	chr2,chr3,chr5,chr9,chr10,chr17,chr20
HG01981_hap1	chr2,chr7,chr9,chr10,chr16	chr2,chr3,chr4,chr5,chr7,chr9,chr10,chr16,chr20
HG01981_hap2	chr2,chr7,chr9,chr10,chr16	chr2,chr3,chr4,chr5,chr7,chr9,chr10,chr16,chr20
HG01993_hap1	chr2,chr7,chr9,chr10,chr16	chr2,chr3,chr4,chr5,chr7,chr9,chr10,chr16,chr20
HG01993_hap2	chr2,chr7,chr9,chr10,chr16	chr2,chr3,chr4,chr5,chr7,chr9,chr10,chr16,chr20
HG02004_hap1	chr1,chr7,chr10,chr16	chr1,chr4,chr5,chr7,chr10,chr16,chr20
HG02004_hap2	chr1,chr7,chr9,chr10,chr16	chr1,chr4,chr5,chr7,chr9,chr10,chr16,chr20
HG02011_hap1	chr2,chr7,chr9,chr10,chr17	chr2,chr3,chr4,chr5,chr7,chr9,chr10,chr17
HG02011_hap2	chr1,chr7,chr9,chr10,chr16,chr17	chr1,chr3,chr4,chr5,chr7,chr9,chr10,chr16,chr17,chr20
HG02015_hap1	chr1,chr10	chr1,chr4,chr5,chr10
HG02015_hap2	chr1,chr9,chr10	chr1,chr4,chr5,chr9,chr10
HG02018_hap1	chr1,chr7,chr9,chr10,chr16,chr17	chr1,chr3,chr4,chr5,chr7,chr9,chr10,chr16,chr17,chr20
HG02018_hap2	chr1,chr7,chr9,chr10,chr17	chr1,chr4,chr5,chr7,chr9,chr10,chr17,chr20
HG02027_hap1	chr2,chr7,chr9,chr10,chr16,chr17	chr2,chr4,chr5,chr7,chr9,chr10,chr16,chr17,chr20
HG02027_hap2	chr2,chr7,chr9,chr10,chr16,chr17	chr2,chr4,chr5,chr7,chr9,chr10,chr16,chr17,chr20
HG02040_hap1	chr1,chr2,chr7,chr9,chr16,chr17	chr1,chr2,chr4,chr5,chr7,chr9,chr16,chr17,chr20
HG02040_hap2	chr1,chr2,chr7,chr9,chr10,chr16,chr17	chr1,chr2,chr4,chr5,chr7,chr9,chr10,chr16,chr17,chr20
HG02055_hap1	chr2,chr7,chr9,chr10,chr16	chr2,chr5,chr7,chr9,chr10,chr16,chr20
HG02055_hap2	chr1,chr2,chr7,chr9,chr10,chr16	chr1,chr2,chr5,chr7,chr9,chr10,chr16,chr20
HG02056_hap1	chr1,chr2,chr7,chr9,chr10,chr16	chr1,chr2,chr5,chr7,chr9,chr10,chr16,chr20
HG02056_hap2	chr1,chr2,chr7,chr9,chr10,chr16	chr1,chr2,chr5,chr7,chr9,chr10,chr16,chr20
HG02059_hap1	chr1,chr2,chr7,chr9,chr10	chr1,chr2,chr3,chr4,chr5,chr7,chr9,chr10,chr20
HG02059_hap2	chr1,chr2,chr7,chr10,chr16	chr1,chr2,chr3,chr4,chr5,chr7,chr10,chr16,chr20
HG02071_hap1	chr2,chr7,chr9,chr10,chr17	chr2,chr3,chr5,chr7,chr9,chr10,chr17,chr20
HG02071_hap2	chr1,chr2,chr7,chr9,chr10,chr16,chr17	chr1,chr2,chr3,chr5,chr7,chr9,chr10,chr16,chr17,chr20
HG02074_hap1	chr2,chr7,chr9,chr16	chr2,chr4,chr5,chr7,chr9,chr16,chr20
HG02074_hap2	chr7,chr9,chr16	chr4,chr5,chr7,chr9,chr16,chr20
HG02080_hap1	chr2,chr7,chr9,chr10,chr16,chr17	chr2,chr4,chr5,chr7,chr9,chr10,chr16,chr17,chr20
HG02080_hap2	chr2,chr7,chr9,chr10,chr16,chr17	chr2,chr4,chr5,chr7,chr9,chr10,chr16,chr17,chr20
HG02083_hap1	chr2,chr7,chr9,chr10,chr16,chr17	chr2,chr5,chr7,chr9,chr10,chr16,chr17,chr20
HG02083_hap2	chr1,chr2,chr7,chr9,chr10,chr16,chr17	chr1,chr2,chr4,chr5,chr7,chr9,chr10,chr16,chr17,chr20
HG02106_hap1	chr1,chr2,chr7,chr10	chr1,chr2,chr3,chr4,chr5,chr7,chr10,chr20
HG02106_hap2	chr2,chr7,chr9,chr10,chr17	chr2,chr3,chr4,chr5,chr7,chr9,chr10,chr17,chr20
HG02109_hap1	chr7,chr9,chr10,chr16	chr3,chr4,chr5,chr7,chr9,chr10,chr16,chr20
HG02109_hap2	chr7,chr9,chr10,chr16	chr3,chr4,chr5,chr7,chr9,chr10,chr16,chr20
HG02129_hap1	chr7,chr9,chr10,chr16	chr4,chr7,chr9,chr10,chr16,chr20
HG02129_hap2	chr7,chr9,chr10,chr16	chr4,chr7,chr9,chr10,chr16,chr20
HG02132_hap1	chr2,chr7,chr9,chr10,chr16,chr17	chr2,chr4,chr5,chr7,chr9,chr10,chr16,chr17,chr20
HG02132_hap2	chr2,chr7,chr9,chr10,chr16,chr17	chr2,chr4,chr5,chr7,chr9,chr10,chr16,chr17,chr20
HG02135_hap1	chr7,chr9,chr10,chr16	chr5,chr7,chr9,chr10,chr16,chr20
HG02135_hap2	chr7,chr9,chr10,chr16	chr5,chr7,chr9,chr10,chr16,chr20
HG02145_hap1	chr2,chr7,chr9,chr10,chr16,chr17	chr2,chr3,chr5,chr7,chr9,chr10,chr16,chr17,chr20
HG02145_hap2	chr2,chr7,chr9,chr10,chr16,chr17	chr2,chr3,chr5,chr7,chr9,chr10,chr16,chr17,chr20
HG02148_hap1	chr2,chr7,chr9,chr10,chr16	chr2,chr3,chr5,chr7,chr9,chr10,chr16,chr20
HG02148_hap2	chr2,chr7,chr9,chr10,chr16,chr17	chr2,chr3,chr5,chr7,chr9,chr10,chr16,chr17,chr20
HG02155_hap1	chr2,chr7,chr9,chr10,chr16	chr2,chr3,chr4,chr5,chr7,chr9,chr10,chr16,chr20
HG02155_hap2	chr2,chr7,chr9,chr10,chr16	chr2,chr3,chr4,chr5,chr7,chr9,chr10,chr16,chr20
HG02165_hap1	chr7,chr9,chr10,chr16,chr17	chr3,chr4,chr5,chr7,chr9,chr10,chr16,chr17,chr20
HG02165_hap2	chr7,chr9,chr10,chr16,chr17	chr3,chr4,chr5,chr7,chr9,chr10,chr16,chr17,chr20
HG02178_hap1	chr2,chr10,chr16,chr17	chr2,chr4,chr5,chr10,chr16,chr17,chr20
HG02178_hap2	chr1,chr2,chr10,chr16,chr17	chr1,chr2,chr4,chr5,chr10,chr16,chr17,chr20
HG02257_hap1	chr2,chr7,chr9,chr10,chr17	chr4,chr5,chr7,chr9,chr10,chr17,chr20
HG02257_hap2	chr2,chr7,chr9,chr10,chr17	chr2,chr4,chr5,chr7,chr9,chr10,chr17,chr20
HG02258_hap1	chr1,chr2,chr7,chr9,chr10,chr16	chr1,chr2,chr4,chr5,chr7,chr9,chr10,chr16,chr20
HG02258_hap2	chr1,chr2,chr7,chr9,chr10,chr16	chr1,chr2,chr4,chr5,chr7,chr9,chr10,chr16,chr20
HG02273_hap1	chr1,chr9,chr10,chr16,chr17	chr1,chr3,chr5,chr9,chr10,chr16,chr17,chr20
HG02273_hap2	chr1,chr10,chr16,chr17	chr1,chr3,chr5,chr10,chr16,chr17,chr20
HG02280_hap2	chr2,chr7,chr9,chr10,chr16	chr2,chr4,chr5,chr7,chr9,chr10,chr16,chr20
HG02282_hap1	chr2,chr9,chr10,chr16	chr2,chr4,chr5,chr9,chr10,chr16,chr20
HG02282_hap2	chr1,chr2,chr7,chr9,chr10,chr16,chr17	chr1,chr2,chr4,chr5,chr7,chr9,chr10,chr16,chr17,chr20
HG02293_hap1	chr2,chr7,chr9,chr10	chr2,chr3,chr5,chr7,chr9,chr10,chr20
HG02293_hap2	chr2,chr9,chr10	chr2,chr3,chr5,chr9,chr10,chr20
HG02300_hap1	chr2,chr9,chr10,chr16	chr2,chr5,chr9,chr10,chr16,chr20
HG02300_hap2	chr2,chr9,chr10,chr16	chr2,chr5,chr9,chr10,chr16,chr20
HG02391_hap1	chr1,chr2,chr7,chr9,chr10,chr16,chr17	chr1,chr2,chr5,chr7,chr9,chr10,chr16,chr17,chr20
HG02391_hap2	chr1,chr2,chr7,chr9,chr10,chr16,chr17	chr1,chr2,chr4,chr5,chr7,chr9,chr10,chr16,chr17,chr20
HG02392_hap1	chr1,chr2,chr10,chr16	chr1,chr2,chr4,chr5,chr10,chr16,chr20
HG02392_hap2	chr1,chr2,chr10,chr16	chr1,chr2,chr4,chr5,chr10,chr16,chr20
HG02451_hap1	chr2,chr7,chr9,chr10,chr16,chr17	chr2,chr3,chr4,chr5,chr7,chr9,chr10,chr16,chr17
HG02451_hap2	chr2,chr7,chr9,chr10,chr16	chr2,chr4,chr5,chr7,chr9,chr10,chr16,chr20
HG02486_hap1	chr1,chr2,chr7,chr9,chr10,chr16	chr1,chr2,chr4,chr5,chr7,chr9,chr10,chr16,chr20
HG02486_hap2	chr1,chr2,chr7,chr9,chr10,chr16	chr1,chr2,chr4,chr5,chr7,chr9,chr10,chr16,chr20
HG02492_hap1	chr1,chr7,chr10,chr16	chr1,chr3,chr4,chr5,chr7,chr10,chr16,chr20
HG02492_hap2	chr7,chr9,chr10,chr16,chr17	chr3,chr4,chr5,chr7,chr9,chr10,chr16,chr17
HG02514_hap1	chr1,chr2,chr7,chr10,chr16	chr1,chr2,chr3,chr4,chr5,chr7,chr10,chr16,chr20
HG02514_hap2	chr1,chr2,chr7,chr10,chr16	chr1,chr2,chr3,chr4,chr5,chr7,chr10,chr16,chr20
HG02523_hap1	chr1,chr2,chr7,chr9,chr10,chr16	chr1,chr2,chr4,chr5,chr7,chr9,chr10,chr16,chr20
HG02523_hap2	chr1,chr2,chr7,chr9,chr10,chr16	chr1,chr2,chr4,chr5,chr7,chr9,chr10,chr16,chr20
HG02554_hap1	chr7,chr9,chr10,chr16,chr17	chr3,chr4,chr5,chr7,chr9,chr10,chr16,chr17,chr20
HG02554_hap2	chr1,chr9,chr10,chr16,chr17	chr1,chr4,chr5,chr9,chr10,chr16,chr17,chr20
HG02559_hap1	chr1,chr2,chr7,chr9,chr10,chr17	chr1,chr2,chr3,chr4,chr5,chr7,chr9,chr10,chr17,chr20
HG02559_hap2	chr1,chr2,chr7,chr9,chr10,chr17	chr1,chr2,chr3,chr4,chr5,chr7,chr9,chr10,chr17,chr20
HG02572_hap1	chr1,chr2,chr7,chr9,chr10,chr16,chr17	chr1,chr2,chr3,chr4,chr5,chr7,chr9,chr10,chr16,chr17,chr20
HG02572_hap2	chr2,chr7,chr9,chr10,chr16,chr17	chr2,chr3,chr4,chr5,chr7,chr9,chr10,chr16,chr17,chr20
HG02583_hap1	chr2,chr7,chr10,chr16,chr17	chr2,chr3,chr4,chr5,chr7,chr9,chr10,chr16,chr17,chr20
HG02583_hap2	chr1,chr2,chr7,chr10,chr16,chr17	chr1,chr2,chr3,chr4,chr5,chr7,chr9,chr10,chr16,chr17,chr20
HG02587_hap1	chr2,chr7,chr9,chr16,chr17	chr2,chr3,chr4,chr5,chr7,chr9,chr16,chr17,chr20
HG02587_hap2	chr2,chr7,chr9,chr10,chr16,chr17	chr2,chr3,chr4,chr5,chr7,chr9,chr10,chr16,chr17,chr20
HG02602_hap1	chr2,chr9,chr10,chr16,chr17	chr2,chr3,chr4,chr5,chr9,chr10,chr16,chr17,chr20
HG02602_hap2	chr9,chr10,chr16	chr3,chr4,chr5,chr9,chr10,chr16,chr20
HG02615_hap1	chr1,chr2,chr7,chr9,chr10,chr17	chr1,chr2,chr4,chr5,chr7,chr9,chr10,chr17,chr20
HG02615_hap2	chr1,chr2,chr7,chr9,chr10,chr16,chr17	chr1,chr2,chr4,chr5,chr7,chr9,chr10,chr16,chr17,chr20
HG02622_hap1	chr2,chr9,chr10,chr16,chr17	chr2,chr4,chr5,chr9,chr10,chr16,chr17,chr20
HG02622_hap2	chr2,chr9,chr10,chr16,chr17	chr2,chr4,chr5,chr9,chr10,chr16,chr17,chr20
HG02630_hap1	chr2,chr7,chr9,chr10,chr17	chr2,chr4,chr5,chr7,chr9,chr10,chr17,chr20
HG02630_hap2	chr2,chr7,chr9,chr10,chr17	chr2,chr4,chr5,chr7,chr9,chr10,chr17,chr20
HG02647_hap1	chr1,chr2,chr9,chr10,chr16,chr17	chr1,chr2,chr3,chr4,chr5,chr9,chr10,chr16,chr17,chr20
HG02647_hap2	chr1,chr2,chr9,chr10,chr16,chr17	chr1,chr2,chr3,chr4,chr5,chr9,chr10,chr16,chr17,chr20
HG02666_hap1	chr1,chr2,chr7,chr9,chr10,chr16,chr17	chr1,chr2,chr4,chr5,chr7,chr9,chr10,chr16,chr17,chr20
HG02666_hap2	chr2,chr7,chr9,chr10,chr17	chr2,chr3,chr4,chr5,chr7,chr9,chr10,chr17,chr20
HG02668_hap1	chr1,chr2,chr7,chr9,chr10,chr16,chr17	chr1,chr2,chr4,chr5,chr7,chr9,chr10,chr16,chr17,chr20
HG02668_hap2	chr2,chr7,chr9,chr10,chr16,chr17	chr2,chr4,chr5,chr7,chr9,chr10,chr16,chr17,chr20
HG02698_hap1	chr2,chr7,chr9,chr10,chr16	chr2,chr3,chr5,chr7,chr9,chr10,chr16
HG02698_hap2	chr2,chr7,chr9,chr10,chr16	chr2,chr5,chr7,chr9,chr10,chr16
HG02717_hap1	chr2,chr7,chr9,chr10,chr16,chr17	chr2,chr3,chr4,chr5,chr7,chr9,chr10,chr16,chr17,chr20
HG02717_hap2	chr2,chr7,chr9,chr10,chr16,chr17	chr2,chr3,chr4,chr5,chr7,chr9,chr10,chr16,chr17,chr20
HG02723_hap1	chr2,chr7,chr9,chr10,chr16,chr17	chr2,chr3,chr4,chr5,chr7,chr9,chr10,chr16,chr17,chr20
HG02723_hap2	chr2,chr7,chr9,chr10,chr16,chr17	chr2,chr3,chr4,chr5,chr7,chr9,chr10,chr16,chr17,chr20
HG02735_hap1	chr1,chr2,chr7,chr10,chr16,chr17	chr1,chr2,chr4,chr5,chr7,chr10,chr16,chr17,chr20
HG02735_hap2	chr1,chr2,chr7,chr9,chr10,chr16,chr17	chr1,chr2,chr4,chr5,chr7,chr9,chr10,chr16,chr17,chr20
HG02738_hap1	chr1,chr2,chr7,chr10,chr16,chr17	chr1,chr2,chr3,chr4,chr5,chr7,chr10,chr16,chr17,chr20
HG02738_hap2	chr1,chr2,chr7,chr9,chr10,chr16,chr17	chr1,chr2,chr3,chr4,chr5,chr7,chr9,chr10,chr16,chr17,chr20
HG02769_hap1	chr1,chr2,chr9,chr10,chr17	chr1,chr2,chr4,chr9,chr10,chr17,chr20
HG02769_hap2	chr1,chr2,chr7,chr9,chr10	chr1,chr2,chr3,chr4,chr5,chr7,chr9,chr10,chr20
HG02809_hap1	chr2,chr7,chr9,chr10,chr16,chr17	chr2,chr3,chr4,chr5,chr7,chr9,chr10,chr16,chr17,chr20
HG02809_hap2	chr2,chr9,chr10,chr16,chr17	chr2,chr3,chr4,chr5,chr9,chr10,chr16,chr17,chr20
HG02818_hap1	chr1,chr2,chr7,chr9,chr10,chr16,chr17	chr1,chr2,chr4,chr5,chr7,chr9,chr10,chr16,chr17,chr20
HG02818_hap2	chr1,chr2,chr7,chr9,chr10,chr17	chr1,chr2,chr3,chr4,chr5,chr7,chr9,chr10,chr17
HG02841_hap1	chr1,chr2,chr7,chr9,chr10,chr16,chr17	chr1,chr2,chr3,chr4,chr5,chr7,chr9,chr10,chr16,chr17,chr20
HG02841_hap2	chr1,chr2,chr7,chr9,chr10,chr16,chr17	chr1,chr2,chr3,chr4,chr5,chr7,chr9,chr10,chr16,chr17,chr20
HG02886_hap1	chr1,chr7,chr9,chr10,chr16	chr1,chr4,chr5,chr7,chr9,chr10,chr16,chr20
HG02886_hap2	chr7,chr9,chr10,chr16	chr4,chr5,chr7,chr9,chr10,chr16,chr20
HG02922_hap1	chr1,chr2,chr7,chr9,chr10,chr16,chr17	chr1,chr2,chr3,chr4,chr5,chr7,chr9,chr10,chr16,chr17,chr20,chrX
HG02922_hap2	chr1,chr2,chr7,chr9,chr10,chr16	chr1,chr2,chr4,chr5,chr7,chr9,chr10,chr16,chr20
HG02953_hap1	chr2,chr7,chr9,chr10,chr17	chr2,chr4,chr5,chr7,chr9,chr10,chr17,chr20
HG02953_hap2	chr2,chr7,chr10,chr16,chr17	chr2,chr4,chr5,chr7,chr10,chr16,chr17,chr20
HG02965_hap1	chr2,chr7,chr9,chr10,chr16,chr17	chr2,chr4,chr5,chr7,chr9,chr10,chr16,chr17,chr20
HG02965_hap2	chr1,chr2,chr7,chr9,chr10,chr16,chr17	chr1,chr2,chr4,chr5,chr7,chr9,chr10,chr16,chr17,chr20
HG02976_hap1	chr2,chr7,chr10,chr16	chr2,chr5,chr7,chr10,chr16,chr20
HG02976_hap2	chr1,chr2,chr7,chr10,chr16	chr1,chr2,chr5,chr7,chr10,chr16,chr20
HG02984_hap1	chr2,chr7,chr9,chr10,chr16,chr17	chr2,chr3,chr5,chr7,chr9,chr10,chr16,chr17,chr20
HG02984_hap2	chr1,chr2,chr7,chr9,chr10,chr16,chr17	chr1,chr2,chr3,chr5,chr7,chr9,chr10,chr17,chr20
HG03009_hap1	chr1,chr2,chr7,chr9,chr10,chr16,chr17	chr1,chr2,chr3,chr4,chr5,chr7,chr9,chr10,chr16,chr17,chr20
HG03009_hap2	chr1,chr2,chr7,chr9,chr10,chr16,chr17	chr1,chr2,chr3,chr4,chr5,chr7,chr9,chr10,chr16,chr17,chr20
HG03017_hap1	chr1,chr2,chr7,chr9,chr10,chr16,chr17	chr1,chr2,chr4,chr5,chr7,chr9,chr10,chr16,chr17,chr20
HG03017_hap2	chr1,chr2,chr7,chr9,chr10,chr16,chr17	chr1,chr2,chr4,chr5,chr7,chr9,chr10,chr16,chr17,chr20
HG03041_hap1	chr1,chr2,chr7,chr9,chr10,chr16,chr17	chr1,chr2,chr3,chr4,chr5,chr7,chr9,chr10,chr16,chr17,chr20
HG03041_hap2	chr1,chr2,chr7,chr9,chr10,chr16,chr17	chr1,chr2,chr3,chr4,chr5,chr7,chr9,chr10,chr16,chr17,chr20
HG03050_hap1	chr1,chr7,chr9,chr10,chr16	chr1,chr3,chr4,chr5,chr7,chr9,chr10,chr16,chr20
HG03050_hap2	chr1,chr7,chr9,chr10,chr16	chr1,chr3,chr4,chr5,chr7,chr9,chr10,chr16,chr20
HG03065_hap1	chr2,chr7,chr9,chr10,chr16,chr17	chr2,chr3,chr4,chr5,chr7,chr9,chr10,chr16,chr17,chr20
HG03065_hap2	chr1,chr2,chr7,chr10,chr17	chr1,chr2,chr3,chr5,chr7,chr10,chr17,chr20
HG03098_hap1	chr2,chr7,chr10,chr16,chr17	chr2,chr4,chr5,chr7,chr10,chr16,chr17,chr20
HG03098_hap2	chr7,chr9,chr10,chr16,chr17	chr4,chr5,chr7,chr9,chr10,chr16,chr17,chr20
HG03130_hap1	chr1,chr2,chr7,chr9,chr10	chr1,chr2,chr4,chr5,chr7,chr9,chr10,chr20
HG03130_hap2	chr1,chr2,chr7,chr9,chr10	chr1,chr2,chr4,chr5,chr7,chr9,chr10
HG03139_hap1	chr1,chr2,chr7,chr9,chr10,chr16,chr17	chr1,chr2,chr3,chr4,chr5,chr7,chr9,chr10,chr16,chr17,chr20
HG03139_hap2	chr1,chr2,chr7,chr9,chr10,chr16,chr17	chr1,chr2,chr3,chr4,chr5,chr7,chr9,chr10,chr16,chr17,chr20
HG03195_hap1	chr1,chr2,chr7,chr9,chr10,chr16,chr17	chr1,chr2,chr3,chr5,chr7,chr9,chr10,chr16,chr17
HG03195_hap2	chr1,chr2,chr7,chr9,chr10,chr16,chr17	chr1,chr2,chr3,chr5,chr7,chr9,chr10,chr16,chr17,chr20
HG03209_hap1	chr2,chr7,chr10,chr16,chr17	chr2,chr3,chr4,chr5,chr7,chr10,chr16,chr17,chr20
HG03209_hap2	chr2,chr7,chr9,chr10,chr16,chr17	chr2,chr3,chr4,chr5,chr7,chr9,chr10,chr16,chr17,chr20
HG03225_hap1	chr1,chr2,chr7,chr9,chr10,chr16,chr17	chr1,chr2,chr4,chr5,chr7,chr9,chr10,chr16,chr17,chr20
HG03225_hap2	chr1,chr2,chr7,chr9,chr10,chr16,chr17	chr1,chr2,chr3,chr4,chr5,chr7,chr9,chr10,chr16,chr17,chr20
HG03239_hap1	chr2,chr7,chr9,chr10,chr16,chr17	chr2,chr3,chr4,chr5,chr7,chr9,chr10,chr16,chr17,chr20
HG03239_hap2	chr1,chr2,chr7,chr10,chr16,chr17	chr1,chr2,chr3,chr4,chr5,chr7,chr10,chr16,chr17,chr20
HG03248_hap1	chr7,chr10,chr17	chr4,chr5,chr7,chr10,chr17,chr20
HG03248_hap2	chr7,chr9,chr10,chr17	chr4,chr5,chr7,chr9,chr10,chr17,chr20
HG03270_hap1	chr1,chr2,chr7,chr10	chr1,chr2,chr4,chr5,chr7,chr9,chr10,chr17,chr20
HG03270_hap2	chr1,chr2,chr7,chr10,chr17	chr1,chr2,chr4,chr5,chr7,chr10,chr17,chr20
HG03369_hap1	chr1,chr2,chr7,chr9,chr10,chr16	chr1,chr2,chr5,chr7,chr9,chr10,chr16,chr20
HG03369_hap2	chr2,chr7,chr9,chr10,chr16	chr2,chr5,chr7,chr9,chr10,chr16,chr20
HG03371_hap1	chr1,chr2,chr7,chr9,chr10,chr16,chr17	chr1,chr2,chr3,chr4,chr5,chr7,chr9,chr10,chr16,chr17,chr20
HG03371_hap2	chr1,chr2,chr7,chr9,chr10,chr16,chr17	chr1,chr2,chr3,chr4,chr5,chr7,chr9,chr10,chr17,chr20
HG03452_hap1	chr1,chr2,chr7,chr10,chr16,chr17	chr1,chr2,chr4,chr5,chr7,chr10,chr16,chr17,chr20
HG03452_hap2	chr1,chr9,chr10,chr16	chr1,chr5,chr9,chr10,chr16,chr20
HG03453_hap1	chr2,chr7,chr9,chr10,chr16	chr2,chr3,chr4,chr7,chr9,chr10,chr16,chr20
HG03453_hap2	chr2,chr7,chr9,chr10,chr16	chr2,chr4,chr5,chr7,chr9,chr10,chr20
HG03456_hap1	chr2,chr7,chr9,chr10,chr16,chr17	chr2,chr3,chr4,chr5,chr7,chr9,chr10,chr16,chr17,chr20
HG03456_hap2	chr1,chr2,chr7,chr9,chr10,chr16	chr1,chr2,chr3,chr4,chr5,chr7,chr9,chr10,chr16,chr20
HG03470_hap1	chr2,chr7,chr9,chr10,chr16,chr17	chr2,chr3,chr4,chr5,chr7,chr9,chr10,chr16,chr17,chr20
HG03470_hap2	chr1,chr2,chr7,chr9,chr10,chr16,chr17	chr1,chr2,chr4,chr5,chr7,chr9,chr10,chr16,chr17,chr20
HG03471_hap1	chr2,chr10,chr16,chr17	chr2,chr4,chr5,chr10,chr16,chr17,chr20
HG03471_hap2	chr2,chr9,chr10,chr16,chr17	chr2,chr4,chr5,chr9,chr10,chr16,chr17,chr20
HG03486_hap1	chr7,chr9,chr10,chr16	chr4,chr5,chr7,chr9,chr10,chr16,chr20
HG03486_hap2	chr1,chr7,chr9,chr10,chr16	chr1,chr4,chr5,chr7,chr9,chr10,chr16,chr20
HG03516_hap1	chr1,chr2,chr7,chr9,chr10,chr16,chr17	chr1,chr2,chr4,chr5,chr7,chr9,chr10,chr16,chr17,chr20
HG03516_hap2	chr1,chr2,chr7,chr9,chr10,chr16,chr17	chr1,chr2,chr4,chr5,chr7,chr9,chr10,chr16,chr17,chr20
HG03520_hap1	chr2,chr7,chr9,chr10,chr16,chr17	chr2,chr4,chr5,chr7,chr9,chr10,chr16,chr17
HG03520_hap2	chr1,chr9,chr10,chr16,chr17	chr1,chr3,chr4,chr5,chr9,chr10,chr16,chr17,chr20
HG03521_hap1	chr1,chr2,chr7,chr10,chr17	chr1,chr2,chr3,chr4,chr5,chr7,chr9,chr10,chr17,chr20
HG03521_hap2	chr1,chr2,chr7,chr10,chr17	chr1,chr2,chr3,chr4,chr5,chr7,chr10,chr17,chr20
HG03540_hap1	chr2,chr7,chr9,chr10,chr16,chr17	chr2,chr4,chr5,chr7,chr9,chr10,chr16,chr17
HG03540_hap2	chr2,chr7,chr10,chr16,chr17	chr2,chr4,chr5,chr7,chr10,chr16,chr17
HG03579_hap1	chr2,chr7,chr9,chr10	chr2,chr3,chr4,chr5,chr7,chr9,chr10,chr20
HG03579_hap2	chr1,chr2,chr7,chr9,chr10,chr16	chr1,chr2,chr3,chr4,chr5,chr7,chr9,chr10,chr16,chr20
HG03583_hap1	chr2,chr7,chr10,chr16,chr17	chr2,chr3,chr4,chr5,chr7,chr9,chr10,chr16,chr17,chr20
HG03583_hap2	chr2,chr7,chr10,chr16,chr17	chr2,chr3,chr4,chr5,chr7,chr10,chr16,chr17,chr20
HG03654_hap1	chr2,chr7,chr9,chr10,chr16,chr17	chr2,chr4,chr5,chr7,chr9,chr10,chr16,chr17,chr20
HG03654_hap2	chr1,chr2,chr7,chr9,chr10,chr16,chr17	chr1,chr2,chr4,chr5,chr7,chr9,chr10,chr16,chr17,chr20
HG03669_hap1	chr1,chr2,chr7,chr9,chr10	chr1,chr2,chr3,chr4,chr5,chr7,chr9,chr10,chr20
HG03669_hap2	chr1,chr2,chr7,chr10	chr1,chr2,chr3,chr4,chr5,chr7,chr10,chr20
HG03683_hap1	chr1,chr9,chr10,chr16,chr17	chr1,chr3,chr4,chr9,chr10,chr16,chr17,chr20
HG03683_hap2	chr1,chr2,chr7,chr10,chr16,chr17	chr1,chr2,chr3,chr4,chr5,chr7,chr10,chr16,chr17,chr20
HG03688_hap1	chr1,chr2,chr7,chr9,chr10,chr16	chr1,chr2,chr3,chr5,chr7,chr9,chr10,chr16,chr20
HG03688_hap2	chr1,chr2,chr7,chr9,chr10	chr1,chr2,chr5,chr7,chr9,chr10,chr20
HG03704_hap1	chr2,chr7,chr9,chr10,chr16,chr17	chr2,chr3,chr5,chr7,chr9,chr10,chr16,chr17,chr20
HG03704_hap2	chr2,chr7,chr10,chr16,chr17	chr2,chr3,chr5,chr7,chr10,chr16,chr17,chr20
HG03710_hap1	chr1,chr2,chr7,chr9,chr16,chr17	chr1,chr2,chr3,chr4,chr5,chr7,chr9,chr16,chr17,chr20
HG03710_hap2	chr1,chr2,chr7,chr9,chr16,chr17	chr1,chr2,chr3,chr4,chr5,chr7,chr9,chr16,chr17,chr20
HG03732_hap2	chr1,chr2,chr7,chr9,chr10,chr16,chr17	chr1,chr2,chr3,chr5,chr7,chr9,chr10,chr16,chr17,chr20
HG03742_hap1	chr2,chr7,chr9,chr10,chr16	chr2,chr3,chr4,chr5,chr7,chr9,chr10,chr16,chr20
HG03742_hap2	chr2,chr7,chr9,chr10,chr16	chr2,chr3,chr4,chr5,chr7,chr9,chr10,chr16,chr20
HG03784_hap1	chr1,chr2,chr7,chr9,chr10,chr16	chr1,chr2,chr3,chr5,chr7,chr9,chr10,chr16,chr20
HG03784_hap2	chr1,chr2,chr7,chr10,chr16,chr17	chr1,chr2,chr3,chr5,chr7,chr10,chr16,chr17
HG03804_hap1	chr2,chr7,chr9,chr10,chr16	chr2,chr3,chr4,chr5,chr7,chr9,chr10,chr16,chr20
HG03804_hap2	chr2,chr7,chr9,chr10,chr16	chr2,chr3,chr4,chr5,chr7,chr9,chr10,chr16,chr20
HG03807_hap1	chr1,chr2,chr7,chr9,chr10,chr16,chr17	chr1,chr2,chr3,chr4,chr5,chr7,chr9,chr10,chr16,chr17,chr20
HG03807_hap2	chr1,chr2,chr7,chr9,chr10,chr16,chr17	chr1,chr2,chr3,chr4,chr5,chr7,chr9,chr10,chr16,chr17,chr20
HG03816_hap1	chr2,chr7,chr9,chr10,chr16,chr17	chr2,chr3,chr5,chr7,chr9,chr10,chr16,chr17,chr20
HG03816_hap2	chr2,chr7,chr9,chr10,chr16,chr17	chr2,chr3,chr5,chr7,chr9,chr10,chr16,chr17,chr20
HG03831_hap1	chr1,chr7,chr9,chr10,chr16	chr1,chr3,chr4,chr5,chr7,chr9,chr10,chr16,chr20
HG03831_hap2	chr1,chr7,chr9,chr10	chr1,chr3,chr4,chr5,chr7,chr9,chr10,chr20
HG03834_hap1	chr1,chr2,chr7,chr9,chr10,chr16	chr1,chr2,chr3,chr4,chr5,chr7,chr9,chr10,chr16,chr20
HG03834_hap2	chr1,chr2,chr7,chr9,chr10,chr16	chr1,chr2,chr3,chr4,chr5,chr7,chr9,chr10,chr16,chr20
HG03874_hap1	chr1,chr2,chr7,chr9,chr10,chr16,chr17	chr1,chr2,chr3,chr4,chr5,chr7,chr9,chr10,chr16,chr17,chr20
HG03874_hap2	chr1,chr2,chr7,chr10,chr16,chr17	chr1,chr2,chr3,chr4,chr5,chr7,chr10,chr16,chr17,chr20
HG03927_hap1	chr1,chr2,chr7,chr9,chr10	chr1,chr2,chr4,chr5,chr7,chr9,chr10,chr20
HG03927_hap2	chr1,chr2,chr7,chr9,chr10	chr1,chr2,chr4,chr5,chr7,chr9,chr10,chr20
HG03942_hap1	chr1,chr7,chr10,chr16	chr1,chr3,chr4,chr5,chr7,chr10,chr16
HG03942_hap2	chr1,chr7,chr10,chr16	chr1,chr3,chr4,chr5,chr7,chr10,chr16
HG04036_hap1	chr1,chr2,chr7,chr9,chr10,chr17	chr1,chr2,chr3,chr5,chr7,chr9,chr10,chr17,chr20
HG04036_hap2	chr1,chr2,chr7,chr9,chr10,chr17	chr1,chr2,chr3,chr4,chr5,chr7,chr9,chr10,chr17,chr20
HG04115_hap1	chr1,chr2,chr7,chr9,chr10,chr16	chr1,chr2,chr3,chr4,chr7,chr9,chr10,chr16,chr20
HG04115_hap2	chr2,chr7,chr9,chr10,chr16	chr2,chr3,chr4,chr7,chr9,chr10,chr16,chr20
HG04157_hap1	chr1,chr7,chr9,chr10,chr16	chr1,chr5,chr7,chr9,chr10,chr16,chr20
HG04157_hap2	chr1,chr7,chr9,chr10,chr16	chr1,chr3,chr5,chr7,chr9,chr10,chr16,chr20
HG04160_hap1	chr1,chr7,chr9,chr10,chr16	chr1,chr3,chr4,chr5,chr7,chr9,chr10,chr16,chr20
HG04160_hap2	chr1,chr7,chr9,chr10,chr16	chr1,chr3,chr4,chr5,chr7,chr9,chr10,chr16,chr20
HG04184_hap1	chr1,chr2,chr7,chr9,chr10,chr16,chr17	chr1,chr2,chr3,chr4,chr5,chr7,chr9,chr10,chr16,chr17,chr20
HG04184_hap2	chr1,chr2,chr7,chr9,chr10,chr16,chr17	chr1,chr3,chr5,chr7,chr9,chr10,chr16,chr17,chr20
HG04187_hap1	chr2,chr7,chr9,chr10,chr16,chr17	chr2,chr4,chr5,chr7,chr9,chr10,chr16,chr17,chr20
HG04187_hap2	chr1,chr2,chr7,chr9,chr10,chr16,chr17	chr1,chr2,chr4,chr5,chr7,chr9,chr10,chr16,chr17,chr20
HG04199_hap1	chr1,chr2,chr7,chr9,chr10,chr16,chr17	chr1,chr2,chr3,chr4,chr5,chr7,chr9,chr10,chr16,chr17,chr20
HG04199_hap2	chr1,chr2,chr7,chr9,chr10,chr16,chr17	chr1,chr2,chr3,chr4,chr5,chr7,chr9,chr10,chr16,chr17,chr20
HG04204_hap1	chr1,chr2,chr7,chr9,chr10,chr16	chr1,chr2,chr5,chr7,chr9,chr10,chr16,chr20
HG04204_hap2	chr2,chr7,chr9,chr10,chr16	chr2,chr5,chr7,chr9,chr10,chr16,chr20
HG04217_hap1	chr1,chr2,chr7,chr9,chr10,chr16,chr17	chr1,chr2,chr3,chr4,chr5,chr7,chr9,chr10,chr16,chr17,chr20
HG04217_hap2	chr1,chr2,chr7,chr9,chr10,chr17	chr1,chr2,chr3,chr4,chr5,chr7,chr9,chr10,chr17,chr20
HG04228_hap1	chr1,chr2,chr7,chr9,chr10,chr16,chr17	chr1,chr2,chr5,chr7,chr9,chr10,chr16,chr17,chr20
HG04228_hap2	chr1,chr2,chr7,chr9,chr10,chr16,chr17	chr1,chr2,chr5,chr7,chr9,chr10,chr16,chr17,chr20
HG06807_hap1	chr1,chr2,chr7,chr9,chr10,chr16,chr17	chr1,chr2,chr3,chr4,chr5,chr7,chr9,chr10,chr16,chr17,chr20
HG06807_hap2	chr1,chr2,chr7,chr9,chr10,chr16,chr17	chr1,chr2,chr3,chr4,chr5,chr7,chr9,chr10,chr16,chr17,chr20
NA12329_hap1	chr1,chr2,chr7,chr10,chr16,chr17	chr1,chr2,chr3,chr4,chr5,chr7,chr10,chr16,chr17,chr20
NA12329_hap2	chr1,chr2,chr7,chr9,chr10,chr16,chr17	chr1,chr2,chr3,chr4,chr5,chr7,chr9,chr10,chr16,chr17,chr20
NA18505_hap1	chr1,chr2,chr7,chr9,chr10,chr16	chr1,chr2,chr4,chr5,chr7,chr9,chr10,chr16,chr20
NA18505_hap2	chr2,chr7,chr10,chr16	chr2,chr4,chr5,chr7,chr9,chr10,chr16,chr20
NA18508_hap1	chr1,chr2,chr7,chr9,chr10	chr1,chr2,chr3,chr4,chr5,chr7,chr9,chr10
NA18508_hap2	chr1,chr2,chr7,chr9,chr10	chr1,chr2,chr3,chr4,chr5,chr7,chr9,chr10,chr20
NA18522_hap1	chr1,chr2,chr7,chr9,chr10,chr16,chr17	chr1,chr2,chr3,chr4,chr5,chr7,chr9,chr10,chr16,chr17,chr20
NA18522_hap2	chr1,chr2,chr7,chr9,chr10,chr16,chr17	chr1,chr2,chr3,chr4,chr5,chr7,chr9,chr10,chr16,chr17,chr20
NA18534_hap1	chr1,chr2,chr7,chr9,chr10,chr16,chr17	chr1,chr2,chr3,chr4,chr5,chr7,chr9,chr10,chr16,chr17,chr20
NA18534_hap2	chr1,chr2,chr7,chr10,chr16,chr17	chr1,chr2,chr3,chr4,chr5,chr7,chr10,chr16,chr17,chr20
NA18565_hap1	chr1,chr10,chr16	chr1,chr3,chr4,chr5,chr10,chr16,chr20
NA18565_hap2	chr1,chr9,chr10,chr16	chr1,chr3,chr4,chr5,chr9,chr10,chr16,chr20
NA18570_hap1	chr2,chr7,chr9,chr10,chr16	chr2,chr3,chr4,chr5,chr7,chr9,chr10,chr16,chr20
NA18570_hap2	chr2,chr7,chr9,chr10,chr16	chr2,chr3,chr4,chr5,chr7,chr9,chr10,chr16,chr20
NA18608_hap1	chr1,chr7,chr9,chr10,chr16,chr17	chr1,chr3,chr4,chr5,chr7,chr9,chr10,chr16,chr17,chr20
NA18608_hap2	chr1,chr7,chr10,chr16,chr17	chr1,chr3,chr4,chr5,chr7,chr10,chr16,chr17,chr20
NA18620_hap1	chr2,chr7,chr10,chr16	chr2,chr3,chr5,chr7,chr10,chr16
NA18620_hap2	chr1,chr2,chr7,chr10,chr16	chr1,chr2,chr3,chr5,chr7,chr10,chr16
NA18747_hap1	chr7,chr9,chr10,chr16	chr5,chr7,chr9,chr10,chr16,chr20
NA18747_hap2	chr7,chr9,chr10,chr16	chr5,chr7,chr9,chr10,chr16
NA18879_hap1	chr1,chr7,chr10,chr17	chr1,chr3,chr4,chr5,chr7,chr9,chr10,chr17,chr20
NA18879_hap2	chr1,chr7,chr10,chr16,chr17	chr1,chr3,chr4,chr5,chr7,chr9,chr10,chr16,chr17,chr20
NA18906_hap1	chr1,chr2,chr7,chr10,chr16,chr17	chr1,chr2,chr4,chr5,chr7,chr10,chr16,chr17,chr20
NA18906_hap2	chr1,chr2,chr7,chr10,chr16,chr17	chr2,chr4,chr5,chr7,chr10,chr16,chr17,chr20
NA18939_hap1	chr9,chr10,chr16,chr17	chr3,chr4,chr5,chr9,chr10,chr16,chr17,chr20
NA18939_hap2	chr1,chr7,chr9,chr10,chr16,chr17	chr1,chr3,chr4,chr5,chr7,chr9,chr10,chr16,chr17,chr20
NA18940_hap1	chr1,chr2,chr7,chr9,chr10,chr16,chr17	chr1,chr3,chr4,chr5,chr7,chr9,chr10,chr16,chr17,chr20
NA18940_hap2	chr1,chr2,chr7,chr9,chr10,chr16,chr17	chr1,chr2,chr3,chr4,chr5,chr7,chr9,chr10,chr16,chr17,chr20
NA18943_hap1	chr1,chr2,chr7,chr9,chr10,chr16,chr17	chr1,chr2,chr3,chr4,chr5,chr7,chr9,chr10,chr16,chr17,chr20
NA18943_hap2	chr1,chr2,chr7,chr9,chr10,chr16,chr17	chr1,chr2,chr3,chr4,chr5,chr7,chr9,chr10,chr16,chr17,chr20
NA18944_hap1	chr1,chr2,chr7,chr9,chr10,chr16,chr17	chr1,chr2,chr3,chr4,chr5,chr7,chr9,chr10,chr16,chr17,chr20
NA18944_hap2	chr1,chr2,chr7,chr9,chr10,chr16,chr17	chr1,chr2,chr3,chr4,chr5,chr7,chr9,chr10,chr16,chr17,chr20
NA18945_hap1	chr1,chr2,chr7,chr10,chr16,chr17	chr1,chr2,chr3,chr4,chr5,chr7,chr10,chr16,chr17,chr20
NA18945_hap2	chr1,chr2,chr7,chr9,chr10,chr16,chr17	chr1,chr2,chr3,chr4,chr5,chr7,chr9,chr10,chr16,chr17,chr20
NA18948_hap1	chr1,chr2,chr7,chr9,chr10,chr16,chr17	chr1,chr2,chr3,chr4,chr5,chr7,chr9,chr10,chr16,chr17,chr20
NA18948_hap2	chr1,chr2,chr7,chr9,chr10,chr16,chr17	chr1,chr2,chr3,chr4,chr5,chr7,chr9,chr10,chr16,chr17,chr20
NA18952_hap1	chr2,chr7,chr10,chr16,chr17	chr2,chr3,chr5,chr7,chr10,chr16,chr17,chr20
NA18952_hap2	chr1,chr2,chr7,chr17	chr1,chr2,chr5,chr7,chr17,chr20
NA18959_hap1	chr1,chr2,chr7,chr10,chr16,chr17	chr1,chr2,chr3,chr4,chr5,chr7,chr10,chr17,chr20
NA18959_hap2	chr1,chr2,chr7,chr9,chr10,chr16,chr17	chr1,chr2,chr3,chr4,chr5,chr7,chr9,chr10,chr16,chr17,chr20
NA18960_hap1	chr1,chr2,chr7,chr9,chr10,chr16,chr17	chr1,chr2,chr3,chr4,chr5,chr7,chr9,chr10,chr16,chr17,chr20
NA18960_hap2	chr1,chr2,chr7,chr9,chr10,chr16,chr17	chr2,chr3,chr4,chr5,chr7,chr9,chr10,chr16,chr17,chr20
NA18967_hap1	chr1,chr2,chr7,chr9,chr10,chr16,chr17	chr1,chr2,chr3,chr4,chr5,chr7,chr9,chr10,chr16,chr17,chr20
NA18967_hap2	chr1,chr2,chr7,chr9,chr10,chr16,chr17	chr2,chr3,chr4,chr5,chr7,chr9,chr10,chr16,chr17,chr20
NA18970_hap1	chr1,chr2,chr7,chr9,chr10,chr16,chr17	chr1,chr2,chr3,chr4,chr5,chr7,chr9,chr10,chr16,chr17,chr20
NA18970_hap2	chr1,chr2,chr7,chr9,chr10,chr16,chr17	chr1,chr2,chr3,chr4,chr5,chr7,chr9,chr10,chr16,chr17,chr20
NA18971_hap1	chr2,chr7,chr10,chr16	chr2,chr4,chr5,chr7,chr10,chr16,chr20
NA18971_hap2	chr2,chr7,chr10,chr16	chr2,chr4,chr5,chr7,chr10,chr16,chr20
NA18974_hap1	chr2,chr7,chr9,chr10,chr16,chr17	chr2,chr3,chr4,chr5,chr7,chr9,chr10,chr16,chr17,chr20
NA18974_hap2	chr2,chr7,chr10,chr16,chr17	chr2,chr3,chr4,chr5,chr7,chr10,chr16,chr17,chr20
NA18976_hap1	chr2,chr7,chr10,chr16	chr2,chr5,chr7,chr10,chr16
NA18976_hap2	chr2,chr7,chr10,chr16	chr2,chr5,chr7,chr10,chr16
NA18982_hap1	chr1,chr2,chr7,chr9,chr10,chr16,chr17	chr1,chr2,chr3,chr4,chr5,chr7,chr9,chr10,chr16,chr17,chr20
NA18982_hap2	chr1,chr2,chr7,chr9,chr10,chr16,chr17	chr1,chr2,chr3,chr4,chr5,chr7,chr9,chr10,chr16,chr17,chr20
NA18983_hap2	chr1,chr2,chr7,chr9,chr10,chr16	chr1,chr2,chr4,chr7,chr9,chr10,chr16,chr20
NA18989_hap1	chr2,chr7,chr9,chr10,chr17	chr2,chr3,chr4,chr5,chr7,chr9,chr10,chr17,chr20
NA18989_hap2	chr2,chr7,chr9,chr10,chr16,chr17	chr2,chr3,chr5,chr7,chr9,chr10,chr16,chr17,chr20
NA19036_hap2	chr1,chr2,chr7,chr9,chr10,chr16,chr17	chr1,chr2,chr3,chr4,chr5,chr7,chr9,chr10,chr16,chr17,chr20
NA19043_hap1	chr7,chr10,chr16,chr17	chr3,chr4,chr5,chr7,chr9,chr10,chr16,chr17,chr20
NA19043_hap2	chr7,chr10,chr16,chr17	chr3,chr4,chr5,chr7,chr9,chr10,chr16,chr17,chr20
NA19087_hap1	chr2,chr7,chr9,chr10	chr2,chr3,chr4,chr5,chr7,chr9,chr10,chr20
NA19087_hap2	chr2,chr7,chr9,chr10	chr2,chr3,chr4,chr5,chr7,chr9,chr10,chr20
NA19129_hap1	chr1,chr2,chr9,chr10,chr17	chr1,chr2,chr4,chr5,chr9,chr10,chr17,chr20
NA19129_hap2	chr1,chr2,chr7,chr9,chr10,chr17	chr1,chr2,chr3,chr4,chr5,chr7,chr9,chr10,chr17,chr20
NA19159_hap1	chr1,chr2,chr7,chr9,chr10,chr16,chr17	chr1,chr2,chr3,chr4,chr5,chr7,chr9,chr10,chr16,chr17,chr20
NA19159_hap2	chr1,chr2,chr7,chr9,chr10,chr17	chr1,chr2,chr3,chr4,chr5,chr7,chr9,chr10,chr17,chr20
NA19185_hap1	chr1,chr2,chr7,chr9,chr10,chr16,chr17	chr1,chr2,chr3,chr4,chr5,chr7,chr9,chr10,chr16,chr17,chr20
NA19185_hap2	chr1,chr2,chr7,chr9,chr10,chr16,chr17	chr1,chr2,chr3,chr4,chr5,chr7,chr9,chr10,chr16,chr17,chr20
NA19238_hap1	chr2,chr7,chr9,chr10,chr16,chr17	chr2,chr3,chr4,chr5,chr7,chr9,chr10,chr16,chr17,chr20
NA19238_hap2	chr1,chr2,chr7,chr9,chr10,chr17	chr1,chr2,chr3,chr4,chr5,chr7,chr9,chr10,chr17,chr20
NA19239_hap1	chr2,chr7,chr9,chr10,chr16,chr17	chr2,chr3,chr4,chr5,chr7,chr9,chr10,chr16,chr17,chr20
NA19239_hap2	chr2,chr7,chr9,chr10,chr16,chr17	chr2,chr3,chr5,chr7,chr9,chr10,chr16,chr17,chr20
NA19240_hap1	chr2,chr7,chr9,chr10,chr16,chr17	chr2,chr3,chr4,chr5,chr7,chr9,chr10,chr16,chr17,chr20
NA19240_hap2	chr1,chr2,chr7,chr10,chr16,chr17	chr2,chr3,chr4,chr5,chr7,chr10,chr16,chr17,chr20
NA19317_hap1	chr1,chr2,chr7,chr9,chr10,chr17	chr1,chr2,chr3,chr4,chr5,chr7,chr9,chr10,chr17,chr20
NA19317_hap2	chr1,chr2,chr7,chr9,chr10,chr17	chr1,chr2,chr3,chr4,chr5,chr7,chr9,chr10,chr17,chr20
NA19331_hap1	chr10,chr16	chr3,chr4,chr5,chr10,chr16,chr20
NA19331_hap2	chr2,chr9,chr10,chr16,chr17	chr2,chr3,chr5,chr9,chr10,chr16,chr17,chr20
NA19338_hap1	chr2,chr9,chr10,chr16	chr2,chr3,chr4,chr5,chr9,chr10,chr16,chr20
NA19338_hap2	chr2,chr7,chr9,chr10,chr16,chr17	chr2,chr3,chr4,chr5,chr7,chr9,chr10,chr16,chr17,chr20
NA19347_hap1	chr7,chr9,chr10,chr16,chr17	chr3,chr4,chr5,chr7,chr9,chr10,chr16,chr17,chr20
NA19347_hap2	chr1,chr2,chr7,chr9,chr10,chr16,chr17	chr1,chr2,chr3,chr4,chr5,chr7,chr9,chr10,chr16,chr17,chr20
NA19384_hap1	chr1,chr2,chr7,chr9,chr10,chr16,chr17	chr1,chr2,chr3,chr5,chr7,chr9,chr10,chr16,chr17,chr20
NA19384_hap2	chr1,chr2,chr7,chr9,chr10,chr16,chr17	chr2,chr3,chr5,chr7,chr9,chr10,chr16,chr17,chr20
NA19391_hap1	chr2,chr7,chr9,chr10,chr16,chr17	chr2,chr4,chr5,chr7,chr9,chr10,chr16,chr17,chr20
NA19391_hap2	chr2,chr7,chr9,chr10,chr16,chr17	chr2,chr4,chr5,chr7,chr9,chr10,chr16,chr17,chr20
NA19434_hap1	chr2,chr9,chr10,chr17	chr2,chr4,chr5,chr9,chr10,chr17,chr20
NA19434_hap2	chr2,chr9,chr10,chr16,chr17	chr2,chr3,chr4,chr5,chr9,chr10,chr16,chr17
NA19443_hap1	chr1,chr2,chr7,chr10,chr17	chr1,chr2,chr3,chr4,chr5,chr7,chr10,chr17,chr20
NA19443_hap2	chr1,chr2,chr7,chr10,chr16,chr17	chr1,chr2,chr3,chr4,chr5,chr7,chr9,chr10,chr16,chr17,chr20
NA19468_hap1	chr2,chr7,chr9,chr10,chr17	chr2,chr3,chr4,chr5,chr7,chr9,chr10,chr17,chr20
NA19468_hap2	chr2,chr7,chr9,chr10,chr17	chr2,chr3,chr4,chr5,chr7,chr9,chr10,chr17,chr20
NA19650_hap1	chr1,chr2,chr7,chr9,chr10,chr17	chr1,chr2,chr3,chr4,chr7,chr9,chr10,chr17,chr20
NA19650_hap2	chr1,chr7,chr9,chr10,chr16,chr17	chr1,chr3,chr5,chr7,chr9,chr10,chr16,chr17,chr20
NA19682_hap1	chr2,chr7,chr9,chr10,chr16,chr17	chr2,chr3,chr5,chr7,chr9,chr10,chr16,chr17,chr20
NA19682_hap2	chr2,chr7,chr10,chr17	chr2,chr3,chr5,chr7,chr10,chr17,chr20
NA19700_hap1	chr1,chr2,chr7,chr9,chr10,chr16,chr17	chr1,chr2,chr4,chr5,chr7,chr9,chr10,chr16,chr17,chr20
NA19705_hap1	chr1,chr2,chr7,chr9,chr10,chr17	chr1,chr2,chr3,chr4,chr5,chr7,chr9,chr10,chr17,chr20
NA19705_hap2	chr1,chr2,chr7,chr9,chr10,chr16,chr17	chr1,chr2,chr3,chr4,chr5,chr7,chr9,chr10,chr16,chr17,chr20
NA19776_hap1	chr1,chr2,chr7,chr10,chr16	chr1,chr2,chr3,chr4,chr5,chr7,chr10,chr16,chr20
NA19776_hap2	chr1,chr2,chr7,chr10,chr16	chr1,chr2,chr3,chr4,chr5,chr7,chr10,chr16,chr20
NA19835_hap1	chr1,chr2,chr10,chr16	chr1,chr2,chr3,chr4,chr5,chr10,chr16,chr20
NA19835_hap2	chr1,chr7,chr9,chr10,chr16	chr1,chr3,chr4,chr5,chr7,chr9,chr10,chr16,chr20
NA19836_hap1	chr1,chr2,chr9,chr10,chr16	chr1,chr2,chr3,chr4,chr5,chr9,chr10,chr16,chr20
NA19836_hap2	chr1,chr2,chr7,chr9,chr10,chr16,chr17	chr1,chr2,chr4,chr5,chr7,chr9,chr10,chr16,chr17,chr20
NA19909_hap1	chr7,chr17	chr5,chr7,chr17,chr20
NA19983_hap1	chr1,chr2,chr7,chr10,chr17	chr1,chr2,chr4,chr5,chr7,chr10,chr17,chr20
NA19983_hap2	chr1,chr2,chr7,chr9,chr16,chr17	chr1,chr2,chr3,chr4,chr5,chr7,chr9,chr16,chr17,chr20
NA20129_hap1	chr1,chr2,chr7,chr10	chr1,chr2,chr4,chr5,chr7,chr10,chr20
NA20129_hap2	chr1,chr2,chr7,chr9,chr10,chr16	chr1,chr2,chr4,chr5,chr7,chr9,chr10,chr16,chr20
NA20282_hap1	chr1,chr2,chr7,chr10,chr16,chr17	chr1,chr2,chr3,chr5,chr7,chr10,chr16,chr17,chr20
NA20282_hap2	chr2,chr7,chr10,chr17	chr2,chr3,chr5,chr7,chr9,chr10,chr17,chr20
NA20346_hap1	chr2,chr7,chr10	chr2,chr5,chr7,chr10,chr20
NA20346_hap2	chr1,chr2,chr7,chr10,chr16	chr1,chr2,chr3,chr5,chr7,chr9,chr10,chr16,chr20
NA20355_hap1	chr1,chr2,chr7,chr9,chr10,chr16,chr17	chr1,chr2,chr3,chr5,chr7,chr9,chr10,chr16,chr17,chr20
NA20355_hap2	chr1,chr2,chr7,chr9,chr10,chr16,chr17	chr1,chr2,chr3,chr5,chr7,chr9,chr10,chr16,chr17,chr20
NA20503_hap1	chr1,chr2,chr7,chr9,chr10,chr16,chr17	chr1,chr2,chr3,chr4,chr5,chr7,chr9,chr10,chr16,chr17,chr20
NA20503_hap2	chr1,chr2,chr7,chr9,chr10,chr16,chr17	chr1,chr2,chr3,chr4,chr5,chr7,chr9,chr10,chr16,chr17,chr20
NA20509_hap1	chr2,chr7,chr9,chr10,chr17	chr2,chr3,chr4,chr5,chr7,chr9,chr10,chr17,chr20
NA20509_hap2	chr2,chr9,chr10,chr16,chr17	chr2,chr3,chr4,chr5,chr9,chr10,chr16,chr17,chr20
NA20752_hap1	chr7,chr9,chr10,chr16,chr17	chr4,chr5,chr7,chr9,chr10,chr16,chr17,chr20
NA20752_hap2	chr7,chr9,chr10,chr16,chr17	chr4,chr5,chr7,chr9,chr10,chr16,chr17,chr20
NA20762_hap1	chr1,chr2,chr7,chr9,chr10,chr16,chr17	chr1,chr2,chr3,chr4,chr5,chr7,chr9,chr10,chr16,chr17,chr20
NA20762_hap2	chr1,chr2,chr7,chr9,chr10,chr16,chr17	chr1,chr2,chr3,chr4,chr5,chr7,chr9,chr10,chr16,chr17,chr20
NA20799_hap1	chr1,chr2,chr7,chr9,chr10,chr17	chr1,chr2,chr4,chr5,chr7,chr9,chr10,chr17,chr20
NA20799_hap2	chr1,chr2,chr7,chr10,chr17	chr1,chr2,chr4,chr5,chr7,chr10,chr17,chr20
NA20805_hap1	chr1,chr7,chr10,chr16	chr1,chr3,chr4,chr5,chr7,chr10,chr16,chr20
NA20805_hap2	chr1,chr7,chr9,chr10,chr16	chr1,chr3,chr4,chr5,chr7,chr9,chr10,chr16,chr20
NA20806_hap1	chr1,chr2,chr7,chr9,chr10,chr16,chr17	chr1,chr2,chr3,chr4,chr5,chr7,chr9,chr10,chr16,chr17,chr20
NA20806_hap2	chr1,chr2,chr7,chr9,chr10,chr16,chr17	chr1,chr2,chr3,chr4,chr5,chr7,chr9,chr10,chr16,chr17,chr20
NA20809_hap1	chr2,chr7,chr10	chr2,chr5,chr7,chr10,chr20
NA20809_hap2	chr2,chr7,chr10	chr2,chr5,chr7,chr10,chr20
NA20827_hap1	chr1,chr2,chr7,chr9,chr10,chr16,chr17	chr1,chr2,chr3,chr4,chr5,chr7,chr9,chr10,chr16,chr17,chr20
NA20827_hap2	chr1,chr2,chr7,chr9,chr10,chr16,chr17	chr1,chr2,chr3,chr4,chr5,chr7,chr9,chr10,chr16,chr17,chr20
NA20847_hap1	chr1,chr10,chr16,chr17	chr1,chr5,chr10,chr16,chr17,chr20
NA20847_hap2	chr1,chr9,chr10,chr16	chr1,chr3,chr5,chr9,chr10,chr16,chr20
NA20850_hap1	chr1,chr2,chr7,chr10,chr16	chr1,chr2,chr4,chr5,chr7,chr10,chr16,chr20
NA20850_hap2	chr1,chr2,chr7,chr10,chr16	chr1,chr2,chr3,chr4,chr5,chr7,chr10,chr16,chr20
NA20870_hap1	chr2,chr7,chr9,chr10,chr16	chr2,chr3,chr5,chr7,chr9,chr10,chr16,chr20
NA20870_hap2	chr2,chr7,chr9,chr10,chr16	chr2,chr3,chr5,chr7,chr9,chr10,chr16,chr20
NA20905_hap1	chr2,chr7,chr9,chr10,chr16,chr17	chr2,chr3,chr5,chr7,chr9,chr10,chr16,chr17,chr20
NA20905_hap2	chr2,chr7,chr9,chr10,chr16,chr17	chr2,chr3,chr5,chr7,chr9,chr10,chr16,chr17,chr20
NA21093_hap1	chr1,chr7,chr10,chr16	chr1,chr3,chr5,chr7,chr10,chr16,chr20
NA21093_hap2	chr1,chr7,chr10,chr16	chr1,chr3,chr4,chr5,chr7,chr10,chr16,chr20
NA21102_hap1	chr1,chr2,chr7,chr10,chr16	chr1,chr2,chr3,chr4,chr5,chr7,chr10,chr16,chr20
NA21102_hap2	chr1,chr2,chr7,chr10,chr16	chr1,chr2,chr4,chr5,chr7,chr10,chr16,chr20
NA21106_hap1	chr1,chr2,chr7,chr9,chr10	chr1,chr2,chr3,chr5,chr7,chr9,chr10
NA21106_hap2	chr1,chr2,chr7,chr9,chr10	chr1,chr2,chr3,chr5,chr7,chr9,chr10
NA21110_hap1	chr1,chr7,chr10,chr16,chr17	chr1,chr3,chr4,chr5,chr7,chr10,chr16,chr17,chr20
NA21110_hap2	chr1,chr2,chr10,chr16,chr17	chr1,chr2,chr3,chr4,chr5,chr10,chr16,chr17,chr20
NA21144_hap1	chr1,chr2,chr7,chr9,chr10,chr16	chr1,chr2,chr4,chr5,chr7,chr9,chr10,chr16,chr20
NA21144_hap2	chr1,chr2,chr7,chr9,chr10	chr1,chr2,chr3,chr4,chr5,chr7,chr9,chr10,chr20
NA21309_hap1	chr1,chr7,chr10,chr17	chr1,chr4,chr5,chr7,chr9,chr10,chr17
NA21309_hap2	chr1,chr7,chr9,chr10,chr17	chr1,chr4,chr5,chr7,chr9,chr10,chr17
NA21487_hap1	chr1,chr9,chr10,chr17	chr1,chr5,chr9,chr10,chr17,chr20
NA21487_hap2	chr1,chr7,chr9,chr10,chr17	chr1,chr5,chr7,chr9,chr10,chr17,chr20
chm13v2.0	chr1,chr2,chr7,chr9,chr10,chr16,chr17,chr22,chrY	chr1,chr2,chr3,chr4,chr5,chr7,chr9,chr10,chr13,chr14,chr15,chr16,chr17,chr20,chr21,chr22,chrY
hg002v1.1_hap1	chr1,chr2,chr7,chr9,chr10,chr16,chr17	chr1,chr2,chr3,chr4,chr5,chr7,chr9,chr10,chr16,chr17,chr20
hg002v1.1_hap2	chr1,chr2,chr7,chr9,chr10,chr16,chr17,chrY	chr1,chr2,chr3,chr4,chr5,chr7,chr9,chr10,chr16,chr17,chr20,chrY
