kmer_id	target_family	chromosome	total_exact_hits	inside_broad_CenSat	outside_broad_CenSat	fine_HSat3_hits	fine_HSat2_hits	fine_alphaSat_hits	fine_ct_hits	fine_outside_hits
k16_00c14d34	HSat2	chr1	7244	7244	0	0	7244	0	0	0
k16_00c14d34	HSat2	chr2	2	0	2	0	0	0	0	2
k16_00c14d34	HSat2	chr3	0	0	0	0	0	0	0	0
k16_00c14d34	HSat2	chr4	0	0	0	0	0	0	0	0
k16_00c14d34	HSat2	chr5	0	0	0	0	0	0	0	0
k16_00c14d34	HSat2	chr6	1	0	1	0	0	0	0	1
k16_00c14d34	HSat2	chr7	0	0	0	0	0	0	0	0
k16_00c14d34	HSat2	chr8	1	0	1	0	0	0	0	1
k16_00c14d34	HSat2	chr9	0	0	0	0	0	0	0	0
k16_00c14d34	HSat2	chr10	69	67	2	0	67	0	0	2
k16_00c14d34	HSat2	chr11	0	0	0	0	0	0	0	0
k16_00c14d34	HSat2	chr12	0	0	0	0	0	0	0	0
k16_00c14d34	HSat2	chr13	2	0	2	0	0	0	0	2
k16_00c14d34	HSat2	chr14	1	0	1	0	0	0	0	1
k16_00c14d34	HSat2	chr15	1	0	1	0	0	0	0	1
k16_00c14d34	HSat2	chr16	3	0	3	0	0	0	0	3
k16_00c14d34	HSat2	chr17	0	0	0	0	0	0	0	0
k16_00c14d34	HSat2	chr18	0	0	0	0	0	0	0	0
k16_00c14d34	HSat2	chr19	0	0	0	0	0	0	0	0
k16_00c14d34	HSat2	chr20	1	0	1	0	0	0	0	1
k16_00c14d34	HSat2	chr21	1	0	1	0	0	0	0	1
k16_00c14d34	HSat2	chr22	0	0	0	0	0	0	0	0
k16_00c14d34	HSat2	chrX	1	0	1	0	0	0	0	1
k16_00c14d34	HSat2	chrY	0	0	0	0	0	0	0	0
k16_0320c806	HSat3	chr1	0	0	0	0	0	0	0	0
k16_0320c806	HSat3	chr2	0	0	0	0	0	0	0	0
k16_0320c806	HSat3	chr3	0	0	0	0	0	0	0	0
k16_0320c806	HSat3	chr4	0	0	0	0	0	0	0	0
k16_0320c806	HSat3	chr5	0	0	0	0	0	0	0	0
k16_0320c806	HSat3	chr6	0	0	0	0	0	0	0	0
k16_0320c806	HSat3	chr7	0	0	0	0	0	0	0	0
k16_0320c806	HSat3	chr8	0	0	0	0	0	0	0	0
k16_0320c806	HSat3	chr9	0	0	0	0	0	0	0	0
k16_0320c806	HSat3	chr10	0	0	0	0	0	0	0	0
k16_0320c806	HSat3	chr11	0	0	0	0	0	0	0	0
k16_0320c806	HSat3	chr12	0	0	0	0	0	0	0	0
k16_0320c806	HSat3	chr13	0	0	0	0	0	0	0	0
k16_0320c806	HSat3	chr14	0	0	0	0	0	0	0	0
k16_0320c806	HSat3	chr15	0	0	0	0	0	0	0	0
k16_0320c806	HSat3	chr16	0	0	0	0	0	0	0	0
k16_0320c806	HSat3	chr17	0	0	0	0	0	0	0	0
k16_0320c806	HSat3	chr18	0	0	0	0	0	0	0	0
k16_0320c806	HSat3	chr19	0	0	0	0	0	0	0	0
k16_0320c806	HSat3	chr20	36	36	0	36	0	0	0	0
k16_0320c806	HSat3	chr21	0	0	0	0	0	0	0	0
k16_0320c806	HSat3	chr22	0	0	0	0	0	0	0	0
k16_0320c806	HSat3	chrX	0	0	0	0	0	0	0	0
k16_0320c806	HSat3	chrY	0	0	0	0	0	0	0	0
k16_0534d0fa	HSat2	chr1	6756	6756	0	0	6756	0	0	0
k16_0534d0fa	HSat2	chr2	0	0	0	0	0	0	0	0
k16_0534d0fa	HSat2	chr3	0	0	0	0	0	0	0	0
k16_0534d0fa	HSat2	chr4	0	0	0	0	0	0	0	0
k16_0534d0fa	HSat2	chr5	0	0	0	0	0	0	0	0
k16_0534d0fa	HSat2	chr6	0	0	0	0	0	0	0	0
k16_0534d0fa	HSat2	chr7	0	0	0	0	0	0	0	0
k16_0534d0fa	HSat2	chr8	0	0	0	0	0	0	0	0
k16_0534d0fa	HSat2	chr9	0	0	0	0	0	0	0	0
k16_0534d0fa	HSat2	chr10	58	58	0	0	58	0	0	0
k16_0534d0fa	HSat2	chr11	0	0	0	0	0	0	0	0
k16_0534d0fa	HSat2	chr12	0	0	0	0	0	0	0	0
k16_0534d0fa	HSat2	chr13	0	0	0	0	0	0	0	0
k16_0534d0fa	HSat2	chr14	0	0	0	0	0	0	0	0
k16_0534d0fa	HSat2	chr15	0	0	0	0	0	0	0	0
k16_0534d0fa	HSat2	chr16	0	0	0	0	0	0	0	0
k16_0534d0fa	HSat2	chr17	0	0	0	0	0	0	0	0
k16_0534d0fa	HSat2	chr18	0	0	0	0	0	0	0	0
k16_0534d0fa	HSat2	chr19	0	0	0	0	0	0	0	0
k16_0534d0fa	HSat2	chr20	0	0	0	0	0	0	0	0
k16_0534d0fa	HSat2	chr21	0	0	0	0	0	0	0	0
k16_0534d0fa	HSat2	chr22	0	0	0	0	0	0	0	0
k16_0534d0fa	HSat2	chrX	0	0	0	0	0	0	0	0
k16_0534d0fa	HSat2	chrY	0	0	0	0	0	0	0	0
k16_0560c43a	HSat3	chr1	0	0	0	0	0	0	0	0
k16_0560c43a	HSat3	chr2	0	0	0	0	0	0	0	0
k16_0560c43a	HSat3	chr3	0	0	0	0	0	0	0	0
k16_0560c43a	HSat3	chr4	0	0	0	0	0	0	0	0
k16_0560c43a	HSat3	chr5	0	0	0	0	0	0	0	0
k16_0560c43a	HSat3	chr6	0	0	0	0	0	0	0	0
k16_0560c43a	HSat3	chr7	0	0	0	0	0	0	0	0
k16_0560c43a	HSat3	chr8	0	0	0	0	0	0	0	0
k16_0560c43a	HSat3	chr9	3710	3710	0	3710	0	0	0	0
k16_0560c43a	HSat3	chr10	0	0	0	0	0	0	0	0
k16_0560c43a	HSat3	chr11	0	0	0	0	0	0	0	0
k16_0560c43a	HSat3	chr12	0	0	0	0	0	0	0	0
k16_0560c43a	HSat3	chr13	0	0	0	0	0	0	0	0
k16_0560c43a	HSat3	chr14	0	0	0	0	0	0	0	0
k16_0560c43a	HSat3	chr15	0	0	0	0	0	0	0	0
k16_0560c43a	HSat3	chr16	0	0	0	0	0	0	0	0
k16_0560c43a	HSat3	chr17	0	0	0	0	0	0	0	0
k16_0560c43a	HSat3	chr18	0	0	0	0	0	0	0	0
k16_0560c43a	HSat3	chr19	0	0	0	0	0	0	0	0
k16_0560c43a	HSat3	chr20	0	0	0	0	0	0	0	0
k16_0560c43a	HSat3	chr21	0	0	0	0	0	0	0	0
k16_0560c43a	HSat3	chr22	0	0	0	0	0	0	0	0
k16_0560c43a	HSat3	chrX	0	0	0	0	0	0	0	0
k16_0560c43a	HSat3	chrY	0	0	0	0	0	0	0	0
k16_0b34d83a	HSat2	chr1	104	104	0	0	104	0	0	0
k16_0b34d83a	HSat2	chr2	0	0	0	0	0	0	0	0
k16_0b34d83a	HSat2	chr3	0	0	0	0	0	0	0	0
k16_0b34d83a	HSat2	chr4	0	0	0	0	0	0	0	0
k16_0b34d83a	HSat2	chr5	0	0	0	0	0	0	0	0
k16_0b34d83a	HSat2	chr6	0	0	0	0	0	0	0	0
k16_0b34d83a	HSat2	chr7	0	0	0	0	0	0	0	0
k16_0b34d83a	HSat2	chr8	0	0	0	0	0	0	0	0
k16_0b34d83a	HSat2	chr9	0	0	0	0	0	0	0	0
k16_0b34d83a	HSat2	chr10	0	0	0	0	0	0	0	0
k16_0b34d83a	HSat2	chr11	0	0	0	0	0	0	0	0
k16_0b34d83a	HSat2	chr12	0	0	0	0	0	0	0	0
k16_0b34d83a	HSat2	chr13	0	0	0	0	0	0	0	0
k16_0b34d83a	HSat2	chr14	0	0	0	0	0	0	0	0
k16_0b34d83a	HSat2	chr15	0	0	0	0	0	0	0	0
k16_0b34d83a	HSat2	chr16	0	0	0	0	0	0	0	0
k16_0b34d83a	HSat2	chr17	0	0	0	0	0	0	0	0
k16_0b34d83a	HSat2	chr18	0	0	0	0	0	0	0	0
k16_0b34d83a	HSat2	chr19	0	0	0	0	0	0	0	0
k16_0b34d83a	HSat2	chr20	0	0	0	0	0	0	0	0
k16_0b34d83a	HSat2	chr21	0	0	0	0	0	0	0	0
k16_0b34d83a	HSat2	chr22	1	1	0	0	1	0	0	0
k16_0b34d83a	HSat2	chrX	0	0	0	0	0	0	0	0
k16_0b34d83a	HSat2	chrY	0	0	0	0	0	0	0	0
k16_0d340683	HSat2	chr1	35	34	1	0	34	0	0	1
k16_0d340683	HSat2	chr2	10	10	0	0	10	0	0	0
k16_0d340683	HSat2	chr3	0	0	0	0	0	0	0	0
k16_0d340683	HSat2	chr4	0	0	0	0	0	0	0	0
k16_0d340683	HSat2	chr5	0	0	0	0	0	0	0	0
k16_0d340683	HSat2	chr6	0	0	0	0	0	0	0	0
k16_0d340683	HSat2	chr7	5	5	0	0	5	0	0	0
k16_0d340683	HSat2	chr8	0	0	0	0	0	0	0	0
k16_0d340683	HSat2	chr9	0	0	0	0	0	0	0	0
k16_0d340683	HSat2	chr10	21	21	0	0	21	0	0	0
k16_0d340683	HSat2	chr11	0	0	0	0	0	0	0	0
k16_0d340683	HSat2	chr12	0	0	0	0	0	0	0	0
k16_0d340683	HSat2	chr13	0	0	0	0	0	0	0	0
k16_0d340683	HSat2	chr14	0	0	0	0	0	0	0	0
k16_0d340683	HSat2	chr15	0	0	0	0	0	0	0	0
k16_0d340683	HSat2	chr16	930	930	0	0	930	0	0	0
k16_0d340683	HSat2	chr17	0	0	0	0	0	0	0	0
k16_0d340683	HSat2	chr18	0	0	0	0	0	0	0	0
k16_0d340683	HSat2	chr19	0	0	0	0	0	0	0	0
k16_0d340683	HSat2	chr20	0	0	0	0	0	0	0	0
k16_0d340683	HSat2	chr21	0	0	0	0	0	0	0	0
k16_0d340683	HSat2	chr22	1	1	0	0	1	0	0	0
k16_0d340683	HSat2	chrX	0	0	0	0	0	0	0	0
k16_0d340683	HSat2	chrY	0	0	0	0	0	0	0	0
k16_0d34d43a	HSat2	chr1	2865	2865	0	0	2865	0	0	0
k16_0d34d43a	HSat2	chr2	32	32	0	0	32	0	0	0
k16_0d34d43a	HSat2	chr3	0	0	0	0	0	0	0	0
k16_0d34d43a	HSat2	chr4	0	0	0	0	0	0	0	0
k16_0d34d43a	HSat2	chr5	0	0	0	0	0	0	0	0
k16_0d34d43a	HSat2	chr6	0	0	0	0	0	0	0	0
k16_0d34d43a	HSat2	chr7	34	34	0	0	34	0	0	0
k16_0d34d43a	HSat2	chr8	0	0	0	0	0	0	0	0
k16_0d34d43a	HSat2	chr9	8	8	0	0	8	0	0	0
k16_0d34d43a	HSat2	chr10	172	172	0	0	172	0	0	0
k16_0d34d43a	HSat2	chr11	0	0	0	0	0	0	0	0
k16_0d34d43a	HSat2	chr12	0	0	0	0	0	0	0	0
k16_0d34d43a	HSat2	chr13	0	0	0	0	0	0	0	0
k16_0d34d43a	HSat2	chr14	0	0	0	0	0	0	0	0
k16_0d34d43a	HSat2	chr15	0	0	0	0	0	0	0	0
k16_0d34d43a	HSat2	chr16	235	235	0	0	235	0	0	0
k16_0d34d43a	HSat2	chr17	15	15	0	0	15	0	0	0
k16_0d34d43a	HSat2	chr18	0	0	0	0	0	0	0	0
k16_0d34d43a	HSat2	chr19	0	0	0	0	0	0	0	0
k16_0d34d43a	HSat2	chr20	0	0	0	0	0	0	0	0
k16_0d34d43a	HSat2	chr21	0	0	0	0	0	0	0	0
k16_0d34d43a	HSat2	chr22	26	26	0	0	26	0	0	0
k16_0d34d43a	HSat2	chrX	0	0	0	0	0	0	0	0
k16_0d34d43a	HSat2	chrY	1	1	0	0	1	0	0	0
k16_0d83a0b3	HSat2	chr1	99	99	0	0	99	0	0	0
k16_0d83a0b3	HSat2	chr2	0	0	0	0	0	0	0	0
k16_0d83a0b3	HSat2	chr3	0	0	0	0	0	0	0	0
k16_0d83a0b3	HSat2	chr4	0	0	0	0	0	0	0	0
k16_0d83a0b3	HSat2	chr5	0	0	0	0	0	0	0	0
k16_0d83a0b3	HSat2	chr6	0	0	0	0	0	0	0	0
k16_0d83a0b3	HSat2	chr7	0	0	0	0	0	0	0	0
k16_0d83a0b3	HSat2	chr8	0	0	0	0	0	0	0	0
k16_0d83a0b3	HSat2	chr9	0	0	0	0	0	0	0	0
k16_0d83a0b3	HSat2	chr10	0	0	0	0	0	0	0	0
k16_0d83a0b3	HSat2	chr11	0	0	0	0	0	0	0	0
k16_0d83a0b3	HSat2	chr12	0	0	0	0	0	0	0	0
k16_0d83a0b3	HSat2	chr13	0	0	0	0	0	0	0	0
k16_0d83a0b3	HSat2	chr14	0	0	0	0	0	0	0	0
k16_0d83a0b3	HSat2	chr15	0	0	0	0	0	0	0	0
k16_0d83a0b3	HSat2	chr16	1	1	0	0	1	0	0	0
k16_0d83a0b3	HSat2	chr17	0	0	0	0	0	0	0	0
k16_0d83a0b3	HSat2	chr18	0	0	0	0	0	0	0	0
k16_0d83a0b3	HSat2	chr19	0	0	0	0	0	0	0	0
k16_0d83a0b3	HSat2	chr20	0	0	0	0	0	0	0	0
k16_0d83a0b3	HSat2	chr21	0	0	0	0	0	0	0	0
k16_0d83a0b3	HSat2	chr22	0	0	0	0	0	0	0	0
k16_0d83a0b3	HSat2	chrX	0	0	0	0	0	0	0	0
k16_0d83a0b3	HSat2	chrY	0	0	0	0	0	0	0	0
k16_0e834158	HSat3	chr1	381	381	0	381	0	0	0	0
k16_0e834158	HSat3	chr2	67	67	0	67	0	0	0	0
k16_0e834158	HSat3	chr3	9	9	0	9	0	0	0	0
k16_0e834158	HSat3	chr4	108	108	0	108	0	0	0	0
k16_0e834158	HSat3	chr5	938	938	0	938	0	0	0	0
k16_0e834158	HSat3	chr6	0	0	0	0	0	0	0	0
k16_0e834158	HSat3	chr7	467	467	0	467	0	0	0	0
k16_0e834158	HSat3	chr8	0	0	0	0	0	0	0	0
k16_0e834158	HSat3	chr9	81674	81674	0	81674	0	0	0	0
k16_0e834158	HSat3	chr10	540	540	0	540	0	0	0	0
k16_0e834158	HSat3	chr11	0	0	0	0	0	0	0	0
k16_0e834158	HSat3	chr12	0	0	0	0	0	0	0	0
k16_0e834158	HSat3	chr13	613	613	0	613	0	0	0	0
k16_0e834158	HSat3	chr14	1200	1200	0	1200	0	0	0	0
k16_0e834158	HSat3	chr15	396	396	0	396	0	0	0	0
k16_0e834158	HSat3	chr16	0	0	0	0	0	0	0	0
k16_0e834158	HSat3	chr17	251	251	0	251	0	0	0	0
k16_0e834158	HSat3	chr18	0	0	0	0	0	0	0	0
k16_0e834158	HSat3	chr19	0	0	0	0	0	0	0	0
k16_0e834158	HSat3	chr20	1107	1107	0	1107	0	0	0	0
k16_0e834158	HSat3	chr21	893	893	0	893	0	0	0	0
k16_0e834158	HSat3	chr22	1284	1284	0	1284	0	0	0	0
k16_0e834158	HSat3	chrX	0	0	0	0	0	0	0	0
k16_0e834158	HSat3	chrY	6	6	0	6	0	0	0	0
k16_1483a0d8	HSat3	chr1	0	0	0	0	0	0	0	0
k16_1483a0d8	HSat3	chr2	0	0	0	0	0	0	0	0
k16_1483a0d8	HSat3	chr3	0	0	0	0	0	0	0	0
k16_1483a0d8	HSat3	chr4	0	0	0	0	0	0	0	0
k16_1483a0d8	HSat3	chr5	0	0	0	0	0	0	0	0
k16_1483a0d8	HSat3	chr6	0	0	0	0	0	0	0	0
k16_1483a0d8	HSat3	chr7	0	0	0	0	0	0	0	0
k16_1483a0d8	HSat3	chr8	0	0	0	0	0	0	0	0
k16_1483a0d8	HSat3	chr9	14	14	0	14	0	0	0	0
k16_1483a0d8	HSat3	chr10	0	0	0	0	0	0	0	0
k16_1483a0d8	HSat3	chr11	0	0	0	0	0	0	0	0
k16_1483a0d8	HSat3	chr12	0	0	0	0	0	0	0	0
k16_1483a0d8	HSat3	chr13	0	0	0	0	0	0	0	0
k16_1483a0d8	HSat3	chr14	0	0	0	0	0	0	0	0
k16_1483a0d8	HSat3	chr15	0	0	0	0	0	0	0	0
k16_1483a0d8	HSat3	chr16	0	0	0	0	0	0	0	0
k16_1483a0d8	HSat3	chr17	0	0	0	0	0	0	0	0
k16_1483a0d8	HSat3	chr18	0	0	0	0	0	0	0	0
k16_1483a0d8	HSat3	chr19	0	0	0	0	0	0	0	0
k16_1483a0d8	HSat3	chr20	0	0	0	0	0	0	0	0
k16_1483a0d8	HSat3	chr21	0	0	0	0	0	0	0	0
k16_1483a0d8	HSat3	chr22	0	0	0	0	0	0	0	0
k16_1483a0d8	HSat3	chrX	0	0	0	0	0	0	0	0
k16_1483a0d8	HSat3	chrY	0	0	0	0	0	0	0	0
k16_158ba0ed	HSat3	chr1	0	0	0	0	0	0	0	0
k16_158ba0ed	HSat3	chr2	0	0	0	0	0	0	0	0
k16_158ba0ed	HSat3	chr3	0	0	0	0	0	0	0	0
k16_158ba0ed	HSat3	chr4	0	0	0	0	0	0	0	0
k16_158ba0ed	HSat3	chr5	13	13	0	13	0	0	0	0
k16_158ba0ed	HSat3	chr6	0	0	0	0	0	0	0	0
k16_158ba0ed	HSat3	chr7	0	0	0	0	0	0	0	0
k16_158ba0ed	HSat3	chr8	0	0	0	0	0	0	0	0
k16_158ba0ed	HSat3	chr9	8	8	0	8	0	0	0	0
k16_158ba0ed	HSat3	chr10	0	0	0	0	0	0	0	0
k16_158ba0ed	HSat3	chr11	0	0	0	0	0	0	0	0
k16_158ba0ed	HSat3	chr12	0	0	0	0	0	0	0	0
k16_158ba0ed	HSat3	chr13	0	0	0	0	0	0	0	0
k16_158ba0ed	HSat3	chr14	0	0	0	0	0	0	0	0
k16_158ba0ed	HSat3	chr15	0	0	0	0	0	0	0	0
k16_158ba0ed	HSat3	chr16	0	0	0	0	0	0	0	0
k16_158ba0ed	HSat3	chr17	0	0	0	0	0	0	0	0
k16_158ba0ed	HSat3	chr18	0	0	0	0	0	0	0	0
k16_158ba0ed	HSat3	chr19	0	0	0	0	0	0	0	0
k16_158ba0ed	HSat3	chr20	0	0	0	0	0	0	0	0
k16_158ba0ed	HSat3	chr21	0	0	0	0	0	0	0	0
k16_158ba0ed	HSat3	chr22	0	0	0	0	0	0	0	0
k16_158ba0ed	HSat3	chrX	0	0	0	0	0	0	0	0
k16_158ba0ed	HSat3	chrY	0	0	0	0	0	0	0	0
k16_1d1f53d4	HSat3	chr1	4	4	0	4	0	0	0	0
k16_1d1f53d4	HSat3	chr2	0	0	0	0	0	0	0	0
k16_1d1f53d4	HSat3	chr3	1	0	1	0	0	0	0	1
k16_1d1f53d4	HSat3	chr4	0	0	0	0	0	0	0	0
k16_1d1f53d4	HSat3	chr5	0	0	0	0	0	0	0	0
k16_1d1f53d4	HSat3	chr6	0	0	0	0	0	0	0	0
k16_1d1f53d4	HSat3	chr7	0	0	0	0	0	0	0	0
k16_1d1f53d4	HSat3	chr8	0	0	0	0	0	0	0	0
k16_1d1f53d4	HSat3	chr9	0	0	0	0	0	0	0	0
k16_1d1f53d4	HSat3	chr10	0	0	0	0	0	0	0	0
k16_1d1f53d4	HSat3	chr11	0	0	0	0	0	0	0	0
k16_1d1f53d4	HSat3	chr12	0	0	0	0	0	0	0	0
k16_1d1f53d4	HSat3	chr13	1	1	0	1	0	0	0	0
k16_1d1f53d4	HSat3	chr14	3	3	0	3	0	0	0	0
k16_1d1f53d4	HSat3	chr15	2	2	0	2	0	0	0	0
k16_1d1f53d4	HSat3	chr16	0	0	0	0	0	0	0	0
k16_1d1f53d4	HSat3	chr17	1	1	0	1	0	0	0	0
k16_1d1f53d4	HSat3	chr18	0	0	0	0	0	0	0	0
k16_1d1f53d4	HSat3	chr19	0	0	0	0	0	0	0	0
k16_1d1f53d4	HSat3	chr20	2	2	0	2	0	0	0	0
k16_1d1f53d4	HSat3	chr21	7	7	0	7	0	0	0	0
k16_1d1f53d4	HSat3	chr22	3	3	0	3	0	0	0	0
k16_1d1f53d4	HSat3	chrX	0	0	0	0	0	0	0	0
k16_1d1f53d4	HSat3	chrY	19	19	0	19	0	0	0	0
k16_1dabe3d4	HSat3	chr1	349	349	0	349	0	0	0	0
k16_1dabe3d4	HSat3	chr2	64	64	0	64	0	0	0	0
k16_1dabe3d4	HSat3	chr3	9	9	0	9	0	0	0	0
k16_1dabe3d4	HSat3	chr4	97	97	0	97	0	0	0	0
k16_1dabe3d4	HSat3	chr5	778	778	0	778	0	0	0	0
k16_1dabe3d4	HSat3	chr6	0	0	0	0	0	0	0	0
k16_1dabe3d4	HSat3	chr7	357	357	0	357	0	0	0	0
k16_1dabe3d4	HSat3	chr8	0	0	0	0	0	0	0	0
k16_1dabe3d4	HSat3	chr9	77412	77412	0	77412	0	0	0	0
k16_1dabe3d4	HSat3	chr10	533	533	0	533	0	0	0	0
k16_1dabe3d4	HSat3	chr11	0	0	0	0	0	0	0	0
k16_1dabe3d4	HSat3	chr12	0	0	0	0	0	0	0	0
k16_1dabe3d4	HSat3	chr13	532	532	0	532	0	0	0	0
k16_1dabe3d4	HSat3	chr14	857	857	0	857	0	0	0	0
k16_1dabe3d4	HSat3	chr15	239	239	0	239	0	0	0	0
k16_1dabe3d4	HSat3	chr16	0	0	0	0	0	0	0	0
k16_1dabe3d4	HSat3	chr17	226	226	0	226	0	0	0	0
k16_1dabe3d4	HSat3	chr18	0	0	0	0	0	0	0	0
k16_1dabe3d4	HSat3	chr19	0	0	0	0	0	0	0	0
k16_1dabe3d4	HSat3	chr20	887	887	0	887	0	0	0	0
k16_1dabe3d4	HSat3	chr21	717	717	0	717	0	0	0	0
k16_1dabe3d4	HSat3	chr22	1172	1172	0	1172	0	0	0	0
k16_1dabe3d4	HSat3	chrX	0	0	0	0	0	0	0	0
k16_1dabe3d4	HSat3	chrY	4	4	0	4	0	0	0	0
k16_238f53da	HSat2	chr1	12574	12574	0	0	12574	0	0	0
k16_238f53da	HSat2	chr2	3	3	0	0	3	0	0	0
k16_238f53da	HSat2	chr3	0	0	0	0	0	0	0	0
k16_238f53da	HSat2	chr4	0	0	0	0	0	0	0	0
k16_238f53da	HSat2	chr5	0	0	0	0	0	0	0	0
k16_238f53da	HSat2	chr6	0	0	0	0	0	0	0	0
k16_238f53da	HSat2	chr7	9	9	0	0	9	0	0	0
k16_238f53da	HSat2	chr8	0	0	0	0	0	0	0	0
k16_238f53da	HSat2	chr9	0	0	0	0	0	0	0	0
k16_238f53da	HSat2	chr10	1	1	0	0	1	0	0	0
k16_238f53da	HSat2	chr11	0	0	0	0	0	0	0	0
k16_238f53da	HSat2	chr12	0	0	0	0	0	0	0	0
k16_238f53da	HSat2	chr13	0	0	0	0	0	0	0	0
k16_238f53da	HSat2	chr14	0	0	0	0	0	0	0	0
k16_238f53da	HSat2	chr15	0	0	0	0	0	0	0	0
k16_238f53da	HSat2	chr16	2	2	0	0	2	0	0	0
k16_238f53da	HSat2	chr17	1	1	0	0	1	0	0	0
k16_238f53da	HSat2	chr18	0	0	0	0	0	0	0	0
k16_238f53da	HSat2	chr19	0	0	0	0	0	0	0	0
k16_238f53da	HSat2	chr20	0	0	0	0	0	0	0	0
k16_238f53da	HSat2	chr21	0	0	0	0	0	0	0	0
k16_238f53da	HSat2	chr22	2	2	0	0	2	0	0	0
k16_238f53da	HSat2	chrX	0	0	0	0	0	0	0	0
k16_238f53da	HSat2	chrY	0	0	0	0	0	0	0	0
k16_281a0283	HSat3	chr1	0	0	0	0	0	0	0	0
k16_281a0283	HSat3	chr2	0	0	0	0	0	0	0	0
k16_281a0283	HSat3	chr3	0	0	0	0	0	0	0	0
k16_281a0283	HSat3	chr4	0	0	0	0	0	0	0	0
k16_281a0283	HSat3	chr5	0	0	0	0	0	0	0	0
k16_281a0283	HSat3	chr6	0	0	0	0	0	0	0	0
k16_281a0283	HSat3	chr7	0	0	0	0	0	0	0	0
k16_281a0283	HSat3	chr8	1	0	1	0	0	0	0	1
k16_281a0283	HSat3	chr9	90	90	0	90	0	0	0	0
k16_281a0283	HSat3	chr10	1	1	0	1	0	0	0	0
k16_281a0283	HSat3	chr11	0	0	0	0	0	0	0	0
k16_281a0283	HSat3	chr12	0	0	0	0	0	0	0	0
k16_281a0283	HSat3	chr13	7	6	1	6	0	0	0	1
k16_281a0283	HSat3	chr14	6	6	0	6	0	0	0	0
k16_281a0283	HSat3	chr15	5	4	1	4	0	0	0	1
k16_281a0283	HSat3	chr16	0	0	0	0	0	0	0	0
k16_281a0283	HSat3	chr17	1	1	0	1	0	0	0	0
k16_281a0283	HSat3	chr18	0	0	0	0	0	0	0	0
k16_281a0283	HSat3	chr19	0	0	0	0	0	0	0	0
k16_281a0283	HSat3	chr20	37	37	0	37	0	0	0	0
k16_281a0283	HSat3	chr21	5	5	0	5	0	0	0	0
k16_281a0283	HSat3	chr22	7	7	0	7	0	0	0	0
k16_281a0283	HSat3	chrX	0	0	0	0	0	0	0	0
k16_281a0283	HSat3	chrY	2	2	0	2	0	0	0	0
k16_2d0f4f63	HSat2	chr1	3943	3943	0	0	3943	0	0	0
k16_2d0f4f63	HSat2	chr2	0	0	0	0	0	0	0	0
k16_2d0f4f63	HSat2	chr3	0	0	0	0	0	0	0	0
k16_2d0f4f63	HSat2	chr4	0	0	0	0	0	0	0	0
k16_2d0f4f63	HSat2	chr5	0	0	0	0	0	0	0	0
k16_2d0f4f63	HSat2	chr6	0	0	0	0	0	0	0	0
k16_2d0f4f63	HSat2	chr7	0	0	0	0	0	0	0	0
k16_2d0f4f63	HSat2	chr8	0	0	0	0	0	0	0	0
k16_2d0f4f63	HSat2	chr9	0	0	0	0	0	0	0	0
k16_2d0f4f63	HSat2	chr10	2	2	0	0	2	0	0	0
k16_2d0f4f63	HSat2	chr11	0	0	0	0	0	0	0	0
k16_2d0f4f63	HSat2	chr12	0	0	0	0	0	0	0	0
k16_2d0f4f63	HSat2	chr13	0	0	0	0	0	0	0	0
k16_2d0f4f63	HSat2	chr14	0	0	0	0	0	0	0	0
k16_2d0f4f63	HSat2	chr15	0	0	0	0	0	0	0	0
k16_2d0f4f63	HSat2	chr16	0	0	0	0	0	0	0	0
k16_2d0f4f63	HSat2	chr17	0	0	0	0	0	0	0	0
k16_2d0f4f63	HSat2	chr18	0	0	0	0	0	0	0	0
k16_2d0f4f63	HSat2	chr19	0	0	0	0	0	0	0	0
k16_2d0f4f63	HSat2	chr20	0	0	0	0	0	0	0	0
k16_2d0f4f63	HSat2	chr21	0	0	0	0	0	0	0	0
k16_2d0f4f63	HSat2	chr22	0	0	0	0	0	0	0	0
k16_2d0f4f63	HSat2	chrX	0	0	0	0	0	0	0	0
k16_2d0f4f63	HSat2	chrY	0	0	0	0	0	0	0	0
k16_2ec3c158	HSat3	chr1	0	0	0	0	0	0	0	0
k16_2ec3c158	HSat3	chr2	0	0	0	0	0	0	0	0
k16_2ec3c158	HSat3	chr3	0	0	0	0	0	0	0	0
k16_2ec3c158	HSat3	chr4	0	0	0	0	0	0	0	0
k16_2ec3c158	HSat3	chr5	0	0	0	0	0	0	0	0
k16_2ec3c158	HSat3	chr6	0	0	0	0	0	0	0	0
k16_2ec3c158	HSat3	chr7	0	0	0	0	0	0	0	0
k16_2ec3c158	HSat3	chr8	0	0	0	0	0	0	0	0
k16_2ec3c158	HSat3	chr9	0	0	0	0	0	0	0	0
k16_2ec3c158	HSat3	chr10	0	0	0	0	0	0	0	0
k16_2ec3c158	HSat3	chr11	0	0	0	0	0	0	0	0
k16_2ec3c158	HSat3	chr12	0	0	0	0	0	0	0	0
k16_2ec3c158	HSat3	chr13	0	0	0	0	0	0	0	0
k16_2ec3c158	HSat3	chr14	0	0	0	0	0	0	0	0
k16_2ec3c158	HSat3	chr15	0	0	0	0	0	0	0	0
k16_2ec3c158	HSat3	chr16	0	0	0	0	0	0	0	0
k16_2ec3c158	HSat3	chr17	0	0	0	0	0	0	0	0
k16_2ec3c158	HSat3	chr18	0	0	0	0	0	0	0	0
k16_2ec3c158	HSat3	chr19	0	0	0	0	0	0	0	0
k16_2ec3c158	HSat3	chr20	34	34	0	34	0	0	0	0
k16_2ec3c158	HSat3	chr21	0	0	0	0	0	0	0	0
k16_2ec3c158	HSat3	chr22	0	0	0	0	0	0	0	0
k16_2ec3c158	HSat3	chrX	0	0	0	0	0	0	0	0
k16_2ec3c158	HSat3	chrY	0	0	0	0	0	0	0	0
k16_2f53c4f5	HSat3	chr1	1	0	1	0	0	0	0	1
k16_2f53c4f5	HSat3	chr2	0	0	0	0	0	0	0	0
k16_2f53c4f5	HSat3	chr3	0	0	0	0	0	0	0	0
k16_2f53c4f5	HSat3	chr4	0	0	0	0	0	0	0	0
k16_2f53c4f5	HSat3	chr5	0	0	0	0	0	0	0	0
k16_2f53c4f5	HSat3	chr6	0	0	0	0	0	0	0	0
k16_2f53c4f5	HSat3	chr7	0	0	0	0	0	0	0	0
k16_2f53c4f5	HSat3	chr8	0	0	0	0	0	0	0	0
k16_2f53c4f5	HSat3	chr9	62	62	0	62	0	0	0	0
k16_2f53c4f5	HSat3	chr10	0	0	0	0	0	0	0	0
k16_2f53c4f5	HSat3	chr11	0	0	0	0	0	0	0	0
k16_2f53c4f5	HSat3	chr12	0	0	0	0	0	0	0	0
k16_2f53c4f5	HSat3	chr13	1	1	0	1	0	0	0	0
k16_2f53c4f5	HSat3	chr14	1	1	0	1	0	0	0	0
k16_2f53c4f5	HSat3	chr15	60	60	0	60	0	0	0	0
k16_2f53c4f5	HSat3	chr16	0	0	0	0	0	0	0	0
k16_2f53c4f5	HSat3	chr17	0	0	0	0	0	0	0	0
k16_2f53c4f5	HSat3	chr18	0	0	0	0	0	0	0	0
k16_2f53c4f5	HSat3	chr19	0	0	0	0	0	0	0	0
k16_2f53c4f5	HSat3	chr20	0	0	0	0	0	0	0	0
k16_2f53c4f5	HSat3	chr21	1	1	0	1	0	0	0	0
k16_2f53c4f5	HSat3	chr22	4	4	0	4	0	0	0	0
k16_2f53c4f5	HSat3	chrX	0	0	0	0	0	0	0	0
k16_2f53c4f5	HSat3	chrY	0	0	0	0	0	0	0	0
k16_34d83a51	HSat2	chr1	4	4	0	0	4	0	0	0
k16_34d83a51	HSat2	chr2	0	0	0	0	0	0	0	0
k16_34d83a51	HSat2	chr3	0	0	0	0	0	0	0	0
k16_34d83a51	HSat2	chr4	0	0	0	0	0	0	0	0
k16_34d83a51	HSat2	chr5	0	0	0	0	0	0	0	0
k16_34d83a51	HSat2	chr6	0	0	0	0	0	0	0	0
k16_34d83a51	HSat2	chr7	2	2	0	0	2	0	0	0
k16_34d83a51	HSat2	chr8	0	0	0	0	0	0	0	0
k16_34d83a51	HSat2	chr9	0	0	0	0	0	0	0	0
k16_34d83a51	HSat2	chr10	165	165	0	0	165	0	0	0
k16_34d83a51	HSat2	chr11	0	0	0	0	0	0	0	0
k16_34d83a51	HSat2	chr12	0	0	0	0	0	0	0	0
k16_34d83a51	HSat2	chr13	0	0	0	0	0	0	0	0
k16_34d83a51	HSat2	chr14	0	0	0	0	0	0	0	0
k16_34d83a51	HSat2	chr15	0	0	0	0	0	0	0	0
k16_34d83a51	HSat2	chr16	3	3	0	0	3	0	0	0
k16_34d83a51	HSat2	chr17	0	0	0	0	0	0	0	0
k16_34d83a51	HSat2	chr18	0	0	0	0	0	0	0	0
k16_34d83a51	HSat2	chr19	0	0	0	0	0	0	0	0
k16_34d83a51	HSat2	chr20	0	0	0	0	0	0	0	0
k16_34d83a51	HSat2	chr21	0	0	0	0	0	0	0	0
k16_34d83a51	HSat2	chr22	0	0	0	0	0	0	0	0
k16_34d83a51	HSat2	chrX	0	0	0	0	0	0	0	0
k16_34d83a51	HSat2	chrY	0	0	0	0	0	0	0	0
k16_360e8045	HSat2	chr1	4866	4866	0	0	4866	0	0	0
k16_360e8045	HSat2	chr2	4	4	0	0	4	0	0	0
k16_360e8045	HSat2	chr3	0	0	0	0	0	0	0	0
k16_360e8045	HSat2	chr4	0	0	0	0	0	0	0	0
k16_360e8045	HSat2	chr5	0	0	0	0	0	0	0	0
k16_360e8045	HSat2	chr6	0	0	0	0	0	0	0	0
k16_360e8045	HSat2	chr7	6	6	0	0	6	0	0	0
k16_360e8045	HSat2	chr8	0	0	0	0	0	0	0	0
k16_360e8045	HSat2	chr9	2	2	0	2	0	0	0	0
k16_360e8045	HSat2	chr10	78	78	0	0	78	0	0	0
k16_360e8045	HSat2	chr11	0	0	0	0	0	0	0	0
k16_360e8045	HSat2	chr12	0	0	0	0	0	0	0	0
k16_360e8045	HSat2	chr13	0	0	0	0	0	0	0	0
k16_360e8045	HSat2	chr14	0	0	0	0	0	0	0	0
k16_360e8045	HSat2	chr15	0	0	0	0	0	0	0	0
k16_360e8045	HSat2	chr16	6	6	0	0	6	0	0	0
k16_360e8045	HSat2	chr17	1	1	0	0	1	0	0	0
k16_360e8045	HSat2	chr18	0	0	0	0	0	0	0	0
k16_360e8045	HSat2	chr19	0	0	0	0	0	0	0	0
k16_360e8045	HSat2	chr20	0	0	0	0	0	0	0	0
k16_360e8045	HSat2	chr21	0	0	0	0	0	0	0	0
k16_360e8045	HSat2	chr22	3	3	0	0	3	0	0	0
k16_360e8045	HSat2	chrX	0	0	0	0	0	0	0	0
k16_360e8045	HSat2	chrY	0	0	0	0	0	0	0	0
k16_360e8560	HSat2	chr1	12549	12549	0	0	12549	0	0	0
k16_360e8560	HSat2	chr2	13	13	0	0	13	0	0	0
k16_360e8560	HSat2	chr3	0	0	0	0	0	0	0	0
k16_360e8560	HSat2	chr4	0	0	0	0	0	0	0	0
k16_360e8560	HSat2	chr5	0	0	0	0	0	0	0	0
k16_360e8560	HSat2	chr6	0	0	0	0	0	0	0	0
k16_360e8560	HSat2	chr7	10	10	0	0	10	0	0	0
k16_360e8560	HSat2	chr8	0	0	0	0	0	0	0	0
k16_360e8560	HSat2	chr9	2	2	0	0	2	0	0	0
k16_360e8560	HSat2	chr10	16	16	0	0	16	0	0	0
k16_360e8560	HSat2	chr11	0	0	0	0	0	0	0	0
k16_360e8560	HSat2	chr12	0	0	0	0	0	0	0	0
k16_360e8560	HSat2	chr13	0	0	0	0	0	0	0	0
k16_360e8560	HSat2	chr14	0	0	0	0	0	0	0	0
k16_360e8560	HSat2	chr15	0	0	0	0	0	0	0	0
k16_360e8560	HSat2	chr16	15	15	0	0	15	0	0	0
k16_360e8560	HSat2	chr17	5	5	0	0	5	0	0	0
k16_360e8560	HSat2	chr18	0	0	0	0	0	0	0	0
k16_360e8560	HSat2	chr19	0	0	0	0	0	0	0	0
k16_360e8560	HSat2	chr20	0	0	0	0	0	0	0	0
k16_360e8560	HSat2	chr21	0	0	0	0	0	0	0	0
k16_360e8560	HSat2	chr22	4	4	0	0	4	0	0	0
k16_360e8560	HSat2	chrX	0	0	0	0	0	0	0	0
k16_360e8560	HSat2	chrY	0	0	0	0	0	0	0	0
k16_390e83a8	HSat3	chr1	1	1	0	1	0	0	0	0
k16_390e83a8	HSat3	chr2	0	0	0	0	0	0	0	0
k16_390e83a8	HSat3	chr3	3	3	0	3	0	0	0	0
k16_390e83a8	HSat3	chr4	3	3	0	3	0	0	0	0
k16_390e83a8	HSat3	chr5	0	0	0	0	0	0	0	0
k16_390e83a8	HSat3	chr6	0	0	0	0	0	0	0	0
k16_390e83a8	HSat3	chr7	2	2	0	2	0	0	0	0
k16_390e83a8	HSat3	chr8	0	0	0	0	0	0	0	0
k16_390e83a8	HSat3	chr9	760	760	0	760	0	0	0	0
k16_390e83a8	HSat3	chr10	2	1	1	1	0	0	0	1
k16_390e83a8	HSat3	chr11	0	0	0	0	0	0	0	0
k16_390e83a8	HSat3	chr12	1	0	1	0	0	0	0	1
k16_390e83a8	HSat3	chr13	10	10	0	10	0	0	0	0
k16_390e83a8	HSat3	chr14	26	26	0	26	0	0	0	0
k16_390e83a8	HSat3	chr15	13	13	0	13	0	0	0	0
k16_390e83a8	HSat3	chr16	0	0	0	0	0	0	0	0
k16_390e83a8	HSat3	chr17	8	8	0	8	0	0	0	0
k16_390e83a8	HSat3	chr18	0	0	0	0	0	0	0	0
k16_390e83a8	HSat3	chr19	0	0	0	0	0	0	0	0
k16_390e83a8	HSat3	chr20	41	41	0	41	0	0	0	0
k16_390e83a8	HSat3	chr21	20	19	1	19	0	0	0	1
k16_390e83a8	HSat3	chr22	13	13	0	13	0	0	0	0
k16_390e83a8	HSat3	chrX	0	0	0	0	0	0	0	0
k16_390e83a8	HSat3	chrY	43	43	0	43	0	0	0	0
k16_3a0d0662	HSat3	chr1	24	24	0	24	0	0	0	0
k16_3a0d0662	HSat3	chr2	0	0	0	0	0	0	0	0
k16_3a0d0662	HSat3	chr3	1	1	0	1	0	0	0	0
k16_3a0d0662	HSat3	chr4	1	1	0	1	0	0	0	0
k16_3a0d0662	HSat3	chr5	53	53	0	53	0	0	0	0
k16_3a0d0662	HSat3	chr6	0	0	0	0	0	0	0	0
k16_3a0d0662	HSat3	chr7	37	37	0	37	0	0	0	0
k16_3a0d0662	HSat3	chr8	0	0	0	0	0	0	0	0
k16_3a0d0662	HSat3	chr9	18426	18426	0	18426	0	0	0	0
k16_3a0d0662	HSat3	chr10	20	20	0	20	0	0	0	0
k16_3a0d0662	HSat3	chr11	0	0	0	0	0	0	0	0
k16_3a0d0662	HSat3	chr12	0	0	0	0	0	0	0	0
k16_3a0d0662	HSat3	chr13	5	5	0	5	0	0	0	0
k16_3a0d0662	HSat3	chr14	6	6	0	6	0	0	0	0
k16_3a0d0662	HSat3	chr15	1	1	0	1	0	0	0	0
k16_3a0d0662	HSat3	chr16	0	0	0	0	0	0	0	0
k16_3a0d0662	HSat3	chr17	7	7	0	7	0	0	0	0
k16_3a0d0662	HSat3	chr18	0	0	0	0	0	0	0	0
k16_3a0d0662	HSat3	chr19	0	0	0	0	0	0	0	0
k16_3a0d0662	HSat3	chr20	58	58	0	58	0	0	0	0
k16_3a0d0662	HSat3	chr21	10	10	0	10	0	0	0	0
k16_3a0d0662	HSat3	chr22	12	12	0	12	0	0	0	0
k16_3a0d0662	HSat3	chrX	0	0	0	0	0	0	0	0
k16_3a0d0662	HSat3	chrY	0	0	0	0	0	0	0	0
k16_3a0e80c1	HSat3	chr1	5	4	1	4	0	0	0	1
k16_3a0e80c1	HSat3	chr2	0	0	0	0	0	0	0	0
k16_3a0e80c1	HSat3	chr3	1	0	1	0	0	0	0	1
k16_3a0e80c1	HSat3	chr4	0	0	0	0	0	0	0	0
k16_3a0e80c1	HSat3	chr5	0	0	0	0	0	0	0	0
k16_3a0e80c1	HSat3	chr6	1	0	1	0	0	0	0	1
k16_3a0e80c1	HSat3	chr7	3	2	1	2	0	0	0	1
k16_3a0e80c1	HSat3	chr8	0	0	0	0	0	0	0	0
k16_3a0e80c1	HSat3	chr9	213	213	0	213	0	0	0	0
k16_3a0e80c1	HSat3	chr10	2	2	0	2	0	0	0	0
k16_3a0e80c1	HSat3	chr11	0	0	0	0	0	0	0	0
k16_3a0e80c1	HSat3	chr12	0	0	0	0	0	0	0	0
k16_3a0e80c1	HSat3	chr13	2	2	0	2	0	0	0	0
k16_3a0e80c1	HSat3	chr14	5	4	1	4	0	0	0	1
k16_3a0e80c1	HSat3	chr15	0	0	0	0	0	0	0	0
k16_3a0e80c1	HSat3	chr16	0	0	0	0	0	0	0	0
k16_3a0e80c1	HSat3	chr17	1	0	1	0	0	0	0	1
k16_3a0e80c1	HSat3	chr18	0	0	0	0	0	0	0	0
k16_3a0e80c1	HSat3	chr19	0	0	0	0	0	0	0	0
k16_3a0e80c1	HSat3	chr20	15	15	0	15	0	0	0	0
k16_3a0e80c1	HSat3	chr21	20	20	0	20	0	0	0	0
k16_3a0e80c1	HSat3	chr22	0	0	0	0	0	0	0	0
k16_3a0e80c1	HSat3	chrX	0	0	0	0	0	0	0	0
k16_3a0e80c1	HSat3	chrY	0	0	0	0	0	0	0	0
k16_3d4f91da	HSat3	chr1	13	13	0	13	0	0	0	0
k16_3d4f91da	HSat3	chr2	2	2	0	2	0	0	0	0
k16_3d4f91da	HSat3	chr3	1	1	0	1	0	0	0	0
k16_3d4f91da	HSat3	chr4	0	0	0	0	0	0	0	0
k16_3d4f91da	HSat3	chr5	180	180	0	180	0	0	0	0
k16_3d4f91da	HSat3	chr6	0	0	0	0	0	0	0	0
k16_3d4f91da	HSat3	chr7	33	33	0	33	0	0	0	0
k16_3d4f91da	HSat3	chr8	0	0	0	0	0	0	0	0
k16_3d4f91da	HSat3	chr9	24027	24027	0	24027	0	0	0	0
k16_3d4f91da	HSat3	chr10	55	55	0	55	0	0	0	0
k16_3d4f91da	HSat3	chr11	0	0	0	0	0	0	0	0
k16_3d4f91da	HSat3	chr12	0	0	0	0	0	0	0	0
k16_3d4f91da	HSat3	chr13	8	8	0	8	0	0	0	0
k16_3d4f91da	HSat3	chr14	29	29	0	29	0	0	0	0
k16_3d4f91da	HSat3	chr15	14	14	0	14	0	0	0	0
k16_3d4f91da	HSat3	chr16	0	0	0	0	0	0	0	0
k16_3d4f91da	HSat3	chr17	12	12	0	12	0	0	0	0
k16_3d4f91da	HSat3	chr18	0	0	0	0	0	0	0	0
k16_3d4f91da	HSat3	chr19	0	0	0	0	0	0	0	0
k16_3d4f91da	HSat3	chr20	48	48	0	48	0	0	0	0
k16_3d4f91da	HSat3	chr21	27	27	0	27	0	0	0	0
k16_3d4f91da	HSat3	chr22	70	70	0	70	0	0	0	0
k16_3d4f91da	HSat3	chrX	0	0	0	0	0	0	0	0
k16_3d4f91da	HSat3	chrY	1	1	0	1	0	0	0	0
k16_3dab53d8	HSat2	chr1	12564	12564	0	0	12564	0	0	0
k16_3dab53d8	HSat2	chr2	14	14	0	0	14	0	0	0
k16_3dab53d8	HSat2	chr3	0	0	0	0	0	0	0	0
k16_3dab53d8	HSat2	chr4	0	0	0	0	0	0	0	0
k16_3dab53d8	HSat2	chr5	0	0	0	0	0	0	0	0
k16_3dab53d8	HSat2	chr6	0	0	0	0	0	0	0	0
k16_3dab53d8	HSat2	chr7	12	12	0	0	12	0	0	0
k16_3dab53d8	HSat2	chr8	0	0	0	0	0	0	0	0
k16_3dab53d8	HSat2	chr9	2	2	0	0	2	0	0	0
k16_3dab53d8	HSat2	chr10	16	16	0	0	16	0	0	0
k16_3dab53d8	HSat2	chr11	0	0	0	0	0	0	0	0
k16_3dab53d8	HSat2	chr12	0	0	0	0	0	0	0	0
k16_3dab53d8	HSat2	chr13	0	0	0	0	0	0	0	0
k16_3dab53d8	HSat2	chr14	0	0	0	0	0	0	0	0
k16_3dab53d8	HSat2	chr15	0	0	0	0	0	0	0	0
k16_3dab53d8	HSat2	chr16	13	13	0	0	13	0	0	0
k16_3dab53d8	HSat2	chr17	5	5	0	0	5	0	0	0
k16_3dab53d8	HSat2	chr18	0	0	0	0	0	0	0	0
k16_3dab53d8	HSat2	chr19	0	0	0	0	0	0	0	0
k16_3dab53d8	HSat2	chr20	0	0	0	0	0	0	0	0
k16_3dab53d8	HSat2	chr21	0	0	0	0	0	0	0	0
k16_3dab53d8	HSat2	chr22	4	4	0	0	4	0	0	0
k16_3dab53d8	HSat2	chrX	0	0	0	0	0	0	0	0
k16_3dab53d8	HSat2	chrY	0	0	0	0	0	0	0	0
k16_3dbf535a	HSat2	chr1	11	11	0	0	11	0	0	0
k16_3dbf535a	HSat2	chr2	0	0	0	0	0	0	0	0
k16_3dbf535a	HSat2	chr3	0	0	0	0	0	0	0	0
k16_3dbf535a	HSat2	chr4	0	0	0	0	0	0	0	0
k16_3dbf535a	HSat2	chr5	0	0	0	0	0	0	0	0
k16_3dbf535a	HSat2	chr6	0	0	0	0	0	0	0	0
k16_3dbf535a	HSat2	chr7	0	0	0	0	0	0	0	0
k16_3dbf535a	HSat2	chr8	0	0	0	0	0	0	0	0
k16_3dbf535a	HSat2	chr9	0	0	0	0	0	0	0	0
k16_3dbf535a	HSat2	chr10	132	132	0	0	132	0	0	0
k16_3dbf535a	HSat2	chr11	0	0	0	0	0	0	0	0
k16_3dbf535a	HSat2	chr12	0	0	0	0	0	0	0	0
k16_3dbf535a	HSat2	chr13	0	0	0	0	0	0	0	0
k16_3dbf535a	HSat2	chr14	0	0	0	0	0	0	0	0
k16_3dbf535a	HSat2	chr15	0	0	0	0	0	0	0	0
k16_3dbf535a	HSat2	chr16	0	0	0	0	0	0	0	0
k16_3dbf535a	HSat2	chr17	0	0	0	0	0	0	0	0
k16_3dbf535a	HSat2	chr18	0	0	0	0	0	0	0	0
k16_3dbf535a	HSat2	chr19	0	0	0	0	0	0	0	0
k16_3dbf535a	HSat2	chr20	0	0	0	0	0	0	0	0
k16_3dbf535a	HSat2	chr21	0	0	0	0	0	0	0	0
k16_3dbf535a	HSat2	chr22	0	0	0	0	0	0	0	0
k16_3dbf535a	HSat2	chrX	0	0	0	0	0	0	0	0
k16_3dbf535a	HSat2	chrY	0	0	0	0	0	0	0	0
k16_3e476af8	HSat3	chr1	10	10	0	10	0	0	0	0
k16_3e476af8	HSat3	chr2	2	2	0	2	0	0	0	0
k16_3e476af8	HSat3	chr3	1	1	0	1	0	0	0	0
k16_3e476af8	HSat3	chr4	2	2	0	2	0	0	0	0
k16_3e476af8	HSat3	chr5	178	178	0	178	0	0	0	0
k16_3e476af8	HSat3	chr6	0	0	0	0	0	0	0	0
k16_3e476af8	HSat3	chr7	31	31	0	31	0	0	0	0
k16_3e476af8	HSat3	chr8	0	0	0	0	0	0	0	0
k16_3e476af8	HSat3	chr9	29581	29581	0	29581	0	0	0	0
k16_3e476af8	HSat3	chr10	50	50	0	50	0	0	0	0
k16_3e476af8	HSat3	chr11	0	0	0	0	0	0	0	0
k16_3e476af8	HSat3	chr12	0	0	0	0	0	0	0	0
k16_3e476af8	HSat3	chr13	5	5	0	5	0	0	0	0
k16_3e476af8	HSat3	chr14	30	30	0	30	0	0	0	0
k16_3e476af8	HSat3	chr15	4	4	0	4	0	0	0	0
k16_3e476af8	HSat3	chr16	0	0	0	0	0	0	0	0
k16_3e476af8	HSat3	chr17	11	11	0	11	0	0	0	0
k16_3e476af8	HSat3	chr18	0	0	0	0	0	0	0	0
k16_3e476af8	HSat3	chr19	0	0	0	0	0	0	0	0
k16_3e476af8	HSat3	chr20	37	37	0	37	0	0	0	0
k16_3e476af8	HSat3	chr21	20	20	0	20	0	0	0	0
k16_3e476af8	HSat3	chr22	64	64	0	64	0	0	0	0
k16_3e476af8	HSat3	chrX	0	0	0	0	0	0	0	0
k16_3e476af8	HSat3	chrY	0	0	0	0	0	0	0	0
k16_4118ba0e	HSat3	chr1	59	59	0	59	0	0	0	0
k16_4118ba0e	HSat3	chr2	10	10	0	10	0	0	0	0
k16_4118ba0e	HSat3	chr3	0	0	0	0	0	0	0	0
k16_4118ba0e	HSat3	chr4	9	9	0	9	0	0	0	0
k16_4118ba0e	HSat3	chr5	139	139	0	139	0	0	0	0
k16_4118ba0e	HSat3	chr6	0	0	0	0	0	0	0	0
k16_4118ba0e	HSat3	chr7	124	124	0	124	0	0	0	0
k16_4118ba0e	HSat3	chr8	0	0	0	0	0	0	0	0
k16_4118ba0e	HSat3	chr9	12853	12853	0	12853	0	0	0	0
k16_4118ba0e	HSat3	chr10	55	55	0	55	0	0	0	0
k16_4118ba0e	HSat3	chr11	0	0	0	0	0	0	0	0
k16_4118ba0e	HSat3	chr12	0	0	0	0	0	0	0	0
k16_4118ba0e	HSat3	chr13	91	91	0	91	0	0	0	0
k16_4118ba0e	HSat3	chr14	245	245	0	245	0	0	0	0
k16_4118ba0e	HSat3	chr15	91	91	0	91	0	0	0	0
k16_4118ba0e	HSat3	chr16	0	0	0	0	0	0	0	0
k16_4118ba0e	HSat3	chr17	45	45	0	45	0	0	0	0
k16_4118ba0e	HSat3	chr18	0	0	0	0	0	0	0	0
k16_4118ba0e	HSat3	chr19	0	0	0	0	0	0	0	0
k16_4118ba0e	HSat3	chr20	335	335	0	335	0	0	0	0
k16_4118ba0e	HSat3	chr21	181	181	0	181	0	0	0	0
k16_4118ba0e	HSat3	chr22	187	187	0	187	0	0	0	0
k16_4118ba0e	HSat3	chrX	0	0	0	0	0	0	0	0
k16_4118ba0e	HSat3	chrY	1	1	0	1	0	0	0	0
k16_411b0a0e	HSat3	chr1	0	0	0	0	0	0	0	0
k16_411b0a0e	HSat3	chr2	0	0	0	0	0	0	0	0
k16_411b0a0e	HSat3	chr3	0	0	0	0	0	0	0	0
k16_411b0a0e	HSat3	chr4	0	0	0	0	0	0	0	0
k16_411b0a0e	HSat3	chr5	0	0	0	0	0	0	0	0
k16_411b0a0e	HSat3	chr6	0	0	0	0	0	0	0	0
k16_411b0a0e	HSat3	chr7	0	0	0	0	0	0	0	0
k16_411b0a0e	HSat3	chr8	0	0	0	0	0	0	0	0
k16_411b0a0e	HSat3	chr9	0	0	0	0	0	0	0	0
k16_411b0a0e	HSat3	chr10	0	0	0	0	0	0	0	0
k16_411b0a0e	HSat3	chr11	0	0	0	0	0	0	0	0
k16_411b0a0e	HSat3	chr12	0	0	0	0	0	0	0	0
k16_411b0a0e	HSat3	chr13	0	0	0	0	0	0	0	0
k16_411b0a0e	HSat3	chr14	0	0	0	0	0	0	0	0
k16_411b0a0e	HSat3	chr15	0	0	0	0	0	0	0	0
k16_411b0a0e	HSat3	chr16	0	0	0	0	0	0	0	0
k16_411b0a0e	HSat3	chr17	0	0	0	0	0	0	0	0
k16_411b0a0e	HSat3	chr18	0	0	0	0	0	0	0	0
k16_411b0a0e	HSat3	chr19	0	0	0	0	0	0	0	0
k16_411b0a0e	HSat3	chr20	0	0	0	0	0	0	0	0
k16_411b0a0e	HSat3	chr21	0	0	0	0	0	0	0	0
k16_411b0a0e	HSat3	chr22	0	0	0	0	0	0	0	0
k16_411b0a0e	HSat3	chrX	0	0	0	0	0	0	0	0
k16_411b0a0e	HSat3	chrY	0	0	0	0	0	0	0	0
k16_43143e38	HSat2	chr1	6976	6976	0	0	6976	0	0	0
k16_43143e38	HSat2	chr2	1	0	1	0	0	0	0	1
k16_43143e38	HSat2	chr3	0	0	0	0	0	0	0	0
k16_43143e38	HSat2	chr4	0	0	0	0	0	0	0	0
k16_43143e38	HSat2	chr5	1	0	1	0	0	0	0	1
k16_43143e38	HSat2	chr6	0	0	0	0	0	0	0	0
k16_43143e38	HSat2	chr7	0	0	0	0	0	0	0	0
k16_43143e38	HSat2	chr8	0	0	0	0	0	0	0	0
k16_43143e38	HSat2	chr9	0	0	0	0	0	0	0	0
k16_43143e38	HSat2	chr10	105	105	0	0	105	0	0	0
k16_43143e38	HSat2	chr11	1	0	1	0	0	0	0	1
k16_43143e38	HSat2	chr12	0	0	0	0	0	0	0	0
k16_43143e38	HSat2	chr13	0	0	0	0	0	0	0	0
k16_43143e38	HSat2	chr14	0	0	0	0	0	0	0	0
k16_43143e38	HSat2	chr15	0	0	0	0	0	0	0	0
k16_43143e38	HSat2	chr16	0	0	0	0	0	0	0	0
k16_43143e38	HSat2	chr17	0	0	0	0	0	0	0	0
k16_43143e38	HSat2	chr18	0	0	0	0	0	0	0	0
k16_43143e38	HSat2	chr19	0	0	0	0	0	0	0	0
k16_43143e38	HSat2	chr20	0	0	0	0	0	0	0	0
k16_43143e38	HSat2	chr21	0	0	0	0	0	0	0	0
k16_43143e38	HSat2	chr22	0	0	0	0	0	0	0	0
k16_43143e38	HSat2	chrX	0	0	0	0	0	0	0	0
k16_43143e38	HSat2	chrY	0	0	0	0	0	0	0	0
k16_43a0e814	HSat3	chr1	4	4	0	4	0	0	0	0
k16_43a0e814	HSat3	chr2	0	0	0	0	0	0	0	0
k16_43a0e814	HSat3	chr3	0	0	0	0	0	0	0	0
k16_43a0e814	HSat3	chr4	2	1	1	0	0	0	1	1
k16_43a0e814	HSat3	chr5	0	0	0	0	0	0	0	0
k16_43a0e814	HSat3	chr6	0	0	0	0	0	0	0	0
k16_43a0e814	HSat3	chr7	0	0	0	0	0	0	0	0
k16_43a0e814	HSat3	chr8	0	0	0	0	0	0	0	0
k16_43a0e814	HSat3	chr9	161	161	0	161	0	0	0	0
k16_43a0e814	HSat3	chr10	0	0	0	0	0	0	0	0
k16_43a0e814	HSat3	chr11	0	0	0	0	0	0	0	0
k16_43a0e814	HSat3	chr12	0	0	0	0	0	0	0	0
k16_43a0e814	HSat3	chr13	1	1	0	1	0	0	0	0
k16_43a0e814	HSat3	chr14	1	1	0	1	0	0	0	0
k16_43a0e814	HSat3	chr15	2	1	1	1	0	0	0	1
k16_43a0e814	HSat3	chr16	0	0	0	0	0	0	0	0
k16_43a0e814	HSat3	chr17	1	1	0	1	0	0	0	0
k16_43a0e814	HSat3	chr18	0	0	0	0	0	0	0	0
k16_43a0e814	HSat3	chr19	0	0	0	0	0	0	0	0
k16_43a0e814	HSat3	chr20	129	129	0	129	0	0	0	0
k16_43a0e814	HSat3	chr21	1	1	0	1	0	0	0	0
k16_43a0e814	HSat3	chr22	0	0	0	0	0	0	0	0
k16_43a0e814	HSat3	chrX	0	0	0	0	0	0	0	0
k16_43a0e814	HSat3	chrY	1	1	0	1	0	0	0	0
k16_476afbf4	HSat3	chr1	5	5	0	5	0	0	0	0
k16_476afbf4	HSat3	chr2	0	0	0	0	0	0	0	0
k16_476afbf4	HSat3	chr3	0	0	0	0	0	0	0	0
k16_476afbf4	HSat3	chr4	0	0	0	0	0	0	0	0
k16_476afbf4	HSat3	chr5	0	0	0	0	0	0	0	0
k16_476afbf4	HSat3	chr6	0	0	0	0	0	0	0	0
k16_476afbf4	HSat3	chr7	0	0	0	0	0	0	0	0
k16_476afbf4	HSat3	chr8	0	0	0	0	0	0	0	0
k16_476afbf4	HSat3	chr9	1	1	0	1	0	0	0	0
k16_476afbf4	HSat3	chr10	3	3	0	3	0	0	0	0
k16_476afbf4	HSat3	chr11	0	0	0	0	0	0	0	0
k16_476afbf4	HSat3	chr12	0	0	0	0	0	0	0	0
k16_476afbf4	HSat3	chr13	0	0	0	0	0	0	0	0
k16_476afbf4	HSat3	chr14	1	1	0	1	0	0	0	0
k16_476afbf4	HSat3	chr15	0	0	0	0	0	0	0	0
k16_476afbf4	HSat3	chr16	0	0	0	0	0	0	0	0
k16_476afbf4	HSat3	chr17	1	1	0	1	0	0	0	0
k16_476afbf4	HSat3	chr18	0	0	0	0	0	0	0	0
k16_476afbf4	HSat3	chr19	0	0	0	0	0	0	0	0
k16_476afbf4	HSat3	chr20	0	0	0	0	0	0	0	0
k16_476afbf4	HSat3	chr21	6	6	0	6	0	0	0	0
k16_476afbf4	HSat3	chr22	0	0	0	0	0	0	0	0
k16_476afbf4	HSat3	chrX	0	0	0	0	0	0	0	0
k16_476afbf4	HSat3	chrY	0	0	0	0	0	0	0	0
k16_4d01a0d0	HSat2	chr1	1548	1548	0	0	1548	0	0	0
k16_4d01a0d0	HSat2	chr2	5	5	0	0	5	0	0	0
k16_4d01a0d0	HSat2	chr3	0	0	0	0	0	0	0	0
k16_4d01a0d0	HSat2	chr4	0	0	0	0	0	0	0	0
k16_4d01a0d0	HSat2	chr5	0	0	0	0	0	0	0	0
k16_4d01a0d0	HSat2	chr6	0	0	0	0	0	0	0	0
k16_4d01a0d0	HSat2	chr7	8	8	0	0	8	0	0	0
k16_4d01a0d0	HSat2	chr8	0	0	0	0	0	0	0	0
k16_4d01a0d0	HSat2	chr9	1	1	0	0	1	0	0	0
k16_4d01a0d0	HSat2	chr10	306	306	0	0	306	0	0	0
k16_4d01a0d0	HSat2	chr11	0	0	0	0	0	0	0	0
k16_4d01a0d0	HSat2	chr12	0	0	0	0	0	0	0	0
k16_4d01a0d0	HSat2	chr13	0	0	0	0	0	0	0	0
k16_4d01a0d0	HSat2	chr14	0	0	0	0	0	0	0	0
k16_4d01a0d0	HSat2	chr15	0	0	0	0	0	0	0	0
k16_4d01a0d0	HSat2	chr16	10	10	0	0	10	0	0	0
k16_4d01a0d0	HSat2	chr17	2	2	0	0	2	0	0	0
k16_4d01a0d0	HSat2	chr18	0	0	0	0	0	0	0	0
k16_4d01a0d0	HSat2	chr19	0	0	0	0	0	0	0	0
k16_4d01a0d0	HSat2	chr20	0	0	0	0	0	0	0	0
k16_4d01a0d0	HSat2	chr21	0	0	0	0	0	0	0	0
k16_4d01a0d0	HSat2	chr22	2	2	0	0	2	0	0	0
k16_4d01a0d0	HSat2	chrX	0	0	0	0	0	0	0	0
k16_4d01a0d0	HSat2	chrY	0	0	0	0	0	0	0	0
k16_4d83a118	HSat2	chr1	178	178	0	0	178	0	0	0
k16_4d83a118	HSat2	chr2	299	299	0	0	299	0	0	0
k16_4d83a118	HSat2	chr3	0	0	0	0	0	0	0	0
k16_4d83a118	HSat2	chr4	0	0	0	0	0	0	0	0
k16_4d83a118	HSat2	chr5	0	0	0	0	0	0	0	0
k16_4d83a118	HSat2	chr6	0	0	0	0	0	0	0	0
k16_4d83a118	HSat2	chr7	46	46	0	0	46	0	0	0
k16_4d83a118	HSat2	chr8	0	0	0	0	0	0	0	0
k16_4d83a118	HSat2	chr9	5	5	0	0	5	0	0	0
k16_4d83a118	HSat2	chr10	105	105	0	0	105	0	0	0
k16_4d83a118	HSat2	chr11	0	0	0	0	0	0	0	0
k16_4d83a118	HSat2	chr12	0	0	0	0	0	0	0	0
k16_4d83a118	HSat2	chr13	0	0	0	0	0	0	0	0
k16_4d83a118	HSat2	chr14	0	0	0	0	0	0	0	0
k16_4d83a118	HSat2	chr15	0	0	0	0	0	0	0	0
k16_4d83a118	HSat2	chr16	2517	2517	0	0	2517	0	0	0
k16_4d83a118	HSat2	chr17	16	16	0	0	16	0	0	0
k16_4d83a118	HSat2	chr18	0	0	0	0	0	0	0	0
k16_4d83a118	HSat2	chr19	0	0	0	0	0	0	0	0
k16_4d83a118	HSat2	chr20	0	0	0	0	0	0	0	0
k16_4d83a118	HSat2	chr21	0	0	0	0	0	0	0	0
k16_4d83a118	HSat2	chr22	13	13	0	0	13	0	0	0
k16_4d83a118	HSat2	chrX	0	0	0	0	0	0	0	0
k16_4d83a118	HSat2	chrY	0	0	0	0	0	0	0	0
k16_4f5be4f5	HSat3	chr1	12	12	0	12	0	0	0	0
k16_4f5be4f5	HSat3	chr2	7	7	0	7	0	0	0	0
k16_4f5be4f5	HSat3	chr3	4	4	0	4	0	0	0	0
k16_4f5be4f5	HSat3	chr4	6	6	0	6	0	0	0	0
k16_4f5be4f5	HSat3	chr5	34	34	0	34	0	0	0	0
k16_4f5be4f5	HSat3	chr6	0	0	0	0	0	0	0	0
k16_4f5be4f5	HSat3	chr7	10	10	0	10	0	0	0	0
k16_4f5be4f5	HSat3	chr8	0	0	0	0	0	0	0	0
k16_4f5be4f5	HSat3	chr9	5975	5974	1	5974	0	0	0	1
k16_4f5be4f5	HSat3	chr10	60	60	0	60	0	0	0	0
k16_4f5be4f5	HSat3	chr11	0	0	0	0	0	0	0	0
k16_4f5be4f5	HSat3	chr12	0	0	0	0	0	0	0	0
k16_4f5be4f5	HSat3	chr13	26	26	0	26	0	0	0	0
k16_4f5be4f5	HSat3	chr14	70	70	0	70	0	0	0	0
k16_4f5be4f5	HSat3	chr15	40	40	0	40	0	0	0	0
k16_4f5be4f5	HSat3	chr16	0	0	0	0	0	0	0	0
k16_4f5be4f5	HSat3	chr17	24	24	0	24	0	0	0	0
k16_4f5be4f5	HSat3	chr18	0	0	0	0	0	0	0	0
k16_4f5be4f5	HSat3	chr19	0	0	0	0	0	0	0	0
k16_4f5be4f5	HSat3	chr20	116	116	0	116	0	0	0	0
k16_4f5be4f5	HSat3	chr21	71	71	0	71	0	0	0	0
k16_4f5be4f5	HSat3	chr22	77	77	0	77	0	0	0	0
k16_4f5be4f5	HSat3	chrX	0	0	0	0	0	0	0	0
k16_4f5be4f5	HSat3	chrY	112	112	0	112	0	0	0	0
k16_4f62d4e8	HSat2	chr1	12639	12639	0	0	12639	0	0	0
k16_4f62d4e8	HSat2	chr2	1	1	0	0	1	0	0	0
k16_4f62d4e8	HSat2	chr3	0	0	0	0	0	0	0	0
k16_4f62d4e8	HSat2	chr4	0	0	0	0	0	0	0	0
k16_4f62d4e8	HSat2	chr5	0	0	0	0	0	0	0	0
k16_4f62d4e8	HSat2	chr6	0	0	0	0	0	0	0	0
k16_4f62d4e8	HSat2	chr7	0	0	0	0	0	0	0	0
k16_4f62d4e8	HSat2	chr8	0	0	0	0	0	0	0	0
k16_4f62d4e8	HSat2	chr9	1	1	0	0	1	0	0	0
k16_4f62d4e8	HSat2	chr10	183	183	0	0	183	0	0	0
k16_4f62d4e8	HSat2	chr11	0	0	0	0	0	0	0	0
k16_4f62d4e8	HSat2	chr12	0	0	0	0	0	0	0	0
k16_4f62d4e8	HSat2	chr13	0	0	0	0	0	0	0	0
k16_4f62d4e8	HSat2	chr14	0	0	0	0	0	0	0	0
k16_4f62d4e8	HSat2	chr15	0	0	0	0	0	0	0	0
k16_4f62d4e8	HSat2	chr16	3	3	0	0	3	0	0	0
k16_4f62d4e8	HSat2	chr17	1	1	0	0	1	0	0	0
k16_4f62d4e8	HSat2	chr18	0	0	0	0	0	0	0	0
k16_4f62d4e8	HSat2	chr19	0	0	0	0	0	0	0	0
k16_4f62d4e8	HSat2	chr20	0	0	0	0	0	0	0	0
k16_4f62d4e8	HSat2	chr21	0	0	0	0	0	0	0	0
k16_4f62d4e8	HSat2	chr22	2	2	0	0	2	0	0	0
k16_4f62d4e8	HSat2	chrX	0	0	0	0	0	0	0	0
k16_4f62d4e8	HSat2	chrY	0	0	0	0	0	0	0	0
k16_4f6fd4d6	HSat2	chr1	7422	7422	0	0	7422	0	0	0
k16_4f6fd4d6	HSat2	chr2	1	1	0	0	1	0	0	0
k16_4f6fd4d6	HSat2	chr3	0	0	0	0	0	0	0	0
k16_4f6fd4d6	HSat2	chr4	0	0	0	0	0	0	0	0
k16_4f6fd4d6	HSat2	chr5	0	0	0	0	0	0	0	0
k16_4f6fd4d6	HSat2	chr6	0	0	0	0	0	0	0	0
k16_4f6fd4d6	HSat2	chr7	0	0	0	0	0	0	0	0
k16_4f6fd4d6	HSat2	chr8	0	0	0	0	0	0	0	0
k16_4f6fd4d6	HSat2	chr9	1	1	0	0	1	0	0	0
k16_4f6fd4d6	HSat2	chr10	144	144	0	0	144	0	0	0
k16_4f6fd4d6	HSat2	chr11	0	0	0	0	0	0	0	0
k16_4f6fd4d6	HSat2	chr12	0	0	0	0	0	0	0	0
k16_4f6fd4d6	HSat2	chr13	0	0	0	0	0	0	0	0
k16_4f6fd4d6	HSat2	chr14	0	0	0	0	0	0	0	0
k16_4f6fd4d6	HSat2	chr15	0	0	0	0	0	0	0	0
k16_4f6fd4d6	HSat2	chr16	3	3	0	0	3	0	0	0
k16_4f6fd4d6	HSat2	chr17	0	0	0	0	0	0	0	0
k16_4f6fd4d6	HSat2	chr18	0	0	0	0	0	0	0	0
k16_4f6fd4d6	HSat2	chr19	0	0	0	0	0	0	0	0
k16_4f6fd4d6	HSat2	chr20	0	0	0	0	0	0	0	0
k16_4f6fd4d6	HSat2	chr21	0	0	0	0	0	0	0	0
k16_4f6fd4d6	HSat2	chr22	1	1	0	0	1	0	0	0
k16_4f6fd4d6	HSat2	chrX	0	0	0	0	0	0	0	0
k16_4f6fd4d6	HSat2	chrY	0	0	0	0	0	0	0	0
k16_51d8e3d4	HSat2	chr1	7533	7533	0	0	7533	0	0	0
k16_51d8e3d4	HSat2	chr2	94	94	0	0	94	0	0	0
k16_51d8e3d4	HSat2	chr3	0	0	0	0	0	0	0	0
k16_51d8e3d4	HSat2	chr4	0	0	0	0	0	0	0	0
k16_51d8e3d4	HSat2	chr5	0	0	0	0	0	0	0	0
k16_51d8e3d4	HSat2	chr6	0	0	0	0	0	0	0	0
k16_51d8e3d4	HSat2	chr7	12	12	0	0	12	0	0	0
k16_51d8e3d4	HSat2	chr8	0	0	0	0	0	0	0	0
k16_51d8e3d4	HSat2	chr9	3	3	0	0	3	0	0	0
k16_51d8e3d4	HSat2	chr10	228	228	0	0	228	0	0	0
k16_51d8e3d4	HSat2	chr11	0	0	0	0	0	0	0	0
k16_51d8e3d4	HSat2	chr12	0	0	0	0	0	0	0	0
k16_51d8e3d4	HSat2	chr13	0	0	0	0	0	0	0	0
k16_51d8e3d4	HSat2	chr14	0	0	0	0	0	0	0	0
k16_51d8e3d4	HSat2	chr15	0	0	0	0	0	0	0	0
k16_51d8e3d4	HSat2	chr16	1922	1922	0	0	1922	0	0	0
k16_51d8e3d4	HSat2	chr17	2	2	0	0	2	0	0	0
k16_51d8e3d4	HSat2	chr18	0	0	0	0	0	0	0	0
k16_51d8e3d4	HSat2	chr19	0	0	0	0	0	0	0	0
k16_51d8e3d4	HSat2	chr20	0	0	0	0	0	0	0	0
k16_51d8e3d4	HSat2	chr21	0	0	0	0	0	0	0	0
k16_51d8e3d4	HSat2	chr22	7	7	0	0	7	0	0	0
k16_51d8e3d4	HSat2	chrX	0	0	0	0	0	0	0	0
k16_51d8e3d4	HSat2	chrY	0	0	0	0	0	0	0	0
k16_51da7e3d	HSat3	chr1	0	0	0	0	0	0	0	0
k16_51da7e3d	HSat3	chr2	2	2	0	2	0	0	0	0
k16_51da7e3d	HSat3	chr3	0	0	0	0	0	0	0	0
k16_51da7e3d	HSat3	chr4	1	1	0	1	0	0	0	0
k16_51da7e3d	HSat3	chr5	4	4	0	4	0	0	0	0
k16_51da7e3d	HSat3	chr6	0	0	0	0	0	0	0	0
k16_51da7e3d	HSat3	chr7	0	0	0	0	0	0	0	0
k16_51da7e3d	HSat3	chr8	0	0	0	0	0	0	0	0
k16_51da7e3d	HSat3	chr9	67	67	0	67	0	0	0	0
k16_51da7e3d	HSat3	chr10	1	1	0	1	0	0	0	0
k16_51da7e3d	HSat3	chr11	0	0	0	0	0	0	0	0
k16_51da7e3d	HSat3	chr12	0	0	0	0	0	0	0	0
k16_51da7e3d	HSat3	chr13	25	25	0	25	0	0	0	0
k16_51da7e3d	HSat3	chr14	21	21	0	21	0	0	0	0
k16_51da7e3d	HSat3	chr15	0	0	0	0	0	0	0	0
k16_51da7e3d	HSat3	chr16	0	0	0	0	0	0	0	0
k16_51da7e3d	HSat3	chr17	0	0	0	0	0	0	0	0
k16_51da7e3d	HSat3	chr18	0	0	0	0	0	0	0	0
k16_51da7e3d	HSat3	chr19	0	0	0	0	0	0	0	0
k16_51da7e3d	HSat3	chr20	80	80	0	80	0	0	0	0
k16_51da7e3d	HSat3	chr21	10	10	0	10	0	0	0	0
k16_51da7e3d	HSat3	chr22	3	3	0	3	0	0	0	0
k16_51da7e3d	HSat3	chrX	0	0	0	0	0	0	0	0
k16_51da7e3d	HSat3	chrY	0	0	0	0	0	0	0	0
k16_51dabc3c	HSat3	chr1	0	0	0	0	0	0	0	0
k16_51dabc3c	HSat3	chr2	0	0	0	0	0	0	0	0
k16_51dabc3c	HSat3	chr3	0	0	0	0	0	0	0	0
k16_51dabc3c	HSat3	chr4	0	0	0	0	0	0	0	0
k16_51dabc3c	HSat3	chr5	0	0	0	0	0	0	0	0
k16_51dabc3c	HSat3	chr6	0	0	0	0	0	0	0	0
k16_51dabc3c	HSat3	chr7	0	0	0	0	0	0	0	0
k16_51dabc3c	HSat3	chr8	0	0	0	0	0	0	0	0
k16_51dabc3c	HSat3	chr9	0	0	0	0	0	0	0	0
k16_51dabc3c	HSat3	chr10	0	0	0	0	0	0	0	0
k16_51dabc3c	HSat3	chr11	0	0	0	0	0	0	0	0
k16_51dabc3c	HSat3	chr12	0	0	0	0	0	0	0	0
k16_51dabc3c	HSat3	chr13	0	0	0	0	0	0	0	0
k16_51dabc3c	HSat3	chr14	0	0	0	0	0	0	0	0
k16_51dabc3c	HSat3	chr15	0	0	0	0	0	0	0	0
k16_51dabc3c	HSat3	chr16	0	0	0	0	0	0	0	0
k16_51dabc3c	HSat3	chr17	0	0	0	0	0	0	0	0
k16_51dabc3c	HSat3	chr18	0	0	0	0	0	0	0	0
k16_51dabc3c	HSat3	chr19	0	0	0	0	0	0	0	0
k16_51dabc3c	HSat3	chr20	35	35	0	35	0	0	0	0
k16_51dabc3c	HSat3	chr21	0	0	0	0	0	0	0	0
k16_51dabc3c	HSat3	chr22	0	0	0	0	0	0	0	0
k16_51dabc3c	HSat3	chrX	0	0	0	0	0	0	0	0
k16_51dabc3c	HSat3	chrY	0	0	0	0	0	0	0	0
k16_53d43eac	HSat3	chr1	2	2	0	2	0	0	0	0
k16_53d43eac	HSat3	chr2	0	0	0	0	0	0	0	0
k16_53d43eac	HSat3	chr3	0	0	0	0	0	0	0	0
k16_53d43eac	HSat3	chr4	0	0	0	0	0	0	0	0
k16_53d43eac	HSat3	chr5	0	0	0	0	0	0	0	0
k16_53d43eac	HSat3	chr6	0	0	0	0	0	0	0	0
k16_53d43eac	HSat3	chr7	1	0	1	0	0	0	0	1
k16_53d43eac	HSat3	chr8	0	0	0	0	0	0	0	0
k16_53d43eac	HSat3	chr9	3	3	0	3	0	0	0	0
k16_53d43eac	HSat3	chr10	33	33	0	33	0	0	0	0
k16_53d43eac	HSat3	chr11	0	0	0	0	0	0	0	0
k16_53d43eac	HSat3	chr12	0	0	0	0	0	0	0	0
k16_53d43eac	HSat3	chr13	0	0	0	0	0	0	0	0
k16_53d43eac	HSat3	chr14	0	0	0	0	0	0	0	0
k16_53d43eac	HSat3	chr15	0	0	0	0	0	0	0	0
k16_53d43eac	HSat3	chr16	0	0	0	0	0	0	0	0
k16_53d43eac	HSat3	chr17	0	0	0	0	0	0	0	0
k16_53d43eac	HSat3	chr18	0	0	0	0	0	0	0	0
k16_53d43eac	HSat3	chr19	0	0	0	0	0	0	0	0
k16_53d43eac	HSat3	chr20	0	0	0	0	0	0	0	0
k16_53d43eac	HSat3	chr21	0	0	0	0	0	0	0	0
k16_53d43eac	HSat3	chr22	0	0	0	0	0	0	0	0
k16_53d43eac	HSat3	chrX	0	0	0	0	0	0	0	0
k16_53d43eac	HSat3	chrY	0	0	0	0	0	0	0	0
k16_562e83b4	HSat3	chr1	0	0	0	0	0	0	0	0
k16_562e83b4	HSat3	chr2	0	0	0	0	0	0	0	0
k16_562e83b4	HSat3	chr3	0	0	0	0	0	0	0	0
k16_562e83b4	HSat3	chr4	0	0	0	0	0	0	0	0
k16_562e83b4	HSat3	chr5	13	13	0	13	0	0	0	0
k16_562e83b4	HSat3	chr6	0	0	0	0	0	0	0	0
k16_562e83b4	HSat3	chr7	0	0	0	0	0	0	0	0
k16_562e83b4	HSat3	chr8	0	0	0	0	0	0	0	0
k16_562e83b4	HSat3	chr9	8	8	0	8	0	0	0	0
k16_562e83b4	HSat3	chr10	0	0	0	0	0	0	0	0
k16_562e83b4	HSat3	chr11	0	0	0	0	0	0	0	0
k16_562e83b4	HSat3	chr12	0	0	0	0	0	0	0	0
k16_562e83b4	HSat3	chr13	1	0	1	0	0	0	0	1
k16_562e83b4	HSat3	chr14	0	0	0	0	0	0	0	0
k16_562e83b4	HSat3	chr15	0	0	0	0	0	0	0	0
k16_562e83b4	HSat3	chr16	0	0	0	0	0	0	0	0
k16_562e83b4	HSat3	chr17	0	0	0	0	0	0	0	0
k16_562e83b4	HSat3	chr18	0	0	0	0	0	0	0	0
k16_562e83b4	HSat3	chr19	0	0	0	0	0	0	0	0
k16_562e83b4	HSat3	chr20	0	0	0	0	0	0	0	0
k16_562e83b4	HSat3	chr21	0	0	0	0	0	0	0	0
k16_562e83b4	HSat3	chr22	0	0	0	0	0	0	0	0
k16_562e83b4	HSat3	chrX	0	0	0	0	0	0	0	0
k16_562e83b4	HSat3	chrY	0	0	0	0	0	0	0	0
k16_583a0d74	HSat2	chr1	7017	7017	0	0	7017	0	0	0
k16_583a0d74	HSat2	chr2	1	1	0	0	1	0	0	0
k16_583a0d74	HSat2	chr3	0	0	0	0	0	0	0	0
k16_583a0d74	HSat2	chr4	0	0	0	0	0	0	0	0
k16_583a0d74	HSat2	chr5	0	0	0	0	0	0	0	0
k16_583a0d74	HSat2	chr6	0	0	0	0	0	0	0	0
k16_583a0d74	HSat2	chr7	0	0	0	0	0	0	0	0
k16_583a0d74	HSat2	chr8	0	0	0	0	0	0	0	0
k16_583a0d74	HSat2	chr9	1	1	0	0	1	0	0	0
k16_583a0d74	HSat2	chr10	157	157	0	0	157	0	0	0
k16_583a0d74	HSat2	chr11	0	0	0	0	0	0	0	0
k16_583a0d74	HSat2	chr12	0	0	0	0	0	0	0	0
k16_583a0d74	HSat2	chr13	0	0	0	0	0	0	0	0
k16_583a0d74	HSat2	chr14	0	0	0	0	0	0	0	0
k16_583a0d74	HSat2	chr15	0	0	0	0	0	0	0	0
k16_583a0d74	HSat2	chr16	4	4	0	0	4	0	0	0
k16_583a0d74	HSat2	chr17	0	0	0	0	0	0	0	0
k16_583a0d74	HSat2	chr18	0	0	0	0	0	0	0	0
k16_583a0d74	HSat2	chr19	0	0	0	0	0	0	0	0
k16_583a0d74	HSat2	chr20	0	0	0	0	0	0	0	0
k16_583a0d74	HSat2	chr21	0	0	0	0	0	0	0	0
k16_583a0d74	HSat2	chr22	0	0	0	0	0	0	0	0
k16_583a0d74	HSat2	chrX	0	0	0	0	0	0	0	0
k16_583a0d74	HSat2	chrY	0	0	0	0	0	0	0	0
k16_60e83458	HSat2	chr1	6963	6963	0	0	6963	0	0	0
k16_60e83458	HSat2	chr2	4	4	0	0	4	0	0	0
k16_60e83458	HSat2	chr3	0	0	0	0	0	0	0	0
k16_60e83458	HSat2	chr4	0	0	0	0	0	0	0	0
k16_60e83458	HSat2	chr5	0	0	0	0	0	0	0	0
k16_60e83458	HSat2	chr6	0	0	0	0	0	0	0	0
k16_60e83458	HSat2	chr7	22	22	0	0	22	0	0	0
k16_60e83458	HSat2	chr8	0	0	0	0	0	0	0	0
k16_60e83458	HSat2	chr9	2	2	0	0	2	0	0	0
k16_60e83458	HSat2	chr10	285	285	0	0	285	0	0	0
k16_60e83458	HSat2	chr11	0	0	0	0	0	0	0	0
k16_60e83458	HSat2	chr12	0	0	0	0	0	0	0	0
k16_60e83458	HSat2	chr13	0	0	0	0	0	0	0	0
k16_60e83458	HSat2	chr14	0	0	0	0	0	0	0	0
k16_60e83458	HSat2	chr15	0	0	0	0	0	0	0	0
k16_60e83458	HSat2	chr16	41	41	0	0	41	0	0	0
k16_60e83458	HSat2	chr17	7	7	0	0	7	0	0	0
k16_60e83458	HSat2	chr18	0	0	0	0	0	0	0	0
k16_60e83458	HSat2	chr19	0	0	0	0	0	0	0	0
k16_60e83458	HSat2	chr20	0	0	0	0	0	0	0	0
k16_60e83458	HSat2	chr21	0	0	0	0	0	0	0	0
k16_60e83458	HSat2	chr22	5	5	0	0	5	0	0	0
k16_60e83458	HSat2	chrX	0	0	0	0	0	0	0	0
k16_60e83458	HSat2	chrY	0	0	0	0	0	0	0	0
k16_60e836d1	HSat2	chr1	2	2	0	0	2	0	0	0
k16_60e836d1	HSat2	chr2	1	1	0	0	1	0	0	0
k16_60e836d1	HSat2	chr3	0	0	0	0	0	0	0	0
k16_60e836d1	HSat2	chr4	0	0	0	0	0	0	0	0
k16_60e836d1	HSat2	chr5	0	0	0	0	0	0	0	0
k16_60e836d1	HSat2	chr6	0	0	0	0	0	0	0	0
k16_60e836d1	HSat2	chr7	1	1	0	0	1	0	0	0
k16_60e836d1	HSat2	chr8	0	0	0	0	0	0	0	0
k16_60e836d1	HSat2	chr9	0	0	0	0	0	0	0	0
k16_60e836d1	HSat2	chr10	95	95	0	0	95	0	0	0
k16_60e836d1	HSat2	chr11	0	0	0	0	0	0	0	0
k16_60e836d1	HSat2	chr12	0	0	0	0	0	0	0	0
k16_60e836d1	HSat2	chr13	0	0	0	0	0	0	0	0
k16_60e836d1	HSat2	chr14	0	0	0	0	0	0	0	0
k16_60e836d1	HSat2	chr15	0	0	0	0	0	0	0	0
k16_60e836d1	HSat2	chr16	0	0	0	0	0	0	0	0
k16_60e836d1	HSat2	chr17	0	0	0	0	0	0	0	0
k16_60e836d1	HSat2	chr18	0	0	0	0	0	0	0	0
k16_60e836d1	HSat2	chr19	0	0	0	0	0	0	0	0
k16_60e836d1	HSat2	chr20	0	0	0	0	0	0	0	0
k16_60e836d1	HSat2	chr21	0	0	0	0	0	0	0	0
k16_60e836d1	HSat2	chr22	0	0	0	0	0	0	0	0
k16_60e836d1	HSat2	chrX	0	0	0	0	0	0	0	0
k16_60e836d1	HSat2	chrY	0	0	0	0	0	0	0	0
k16_6214f638	HSat2	chr1	19953	19953	0	0	19953	0	0	0
k16_6214f638	HSat2	chr2	7	7	0	0	7	0	0	0
k16_6214f638	HSat2	chr3	1	0	1	0	0	0	0	1
k16_6214f638	HSat2	chr4	0	0	0	0	0	0	0	0
k16_6214f638	HSat2	chr5	0	0	0	0	0	0	0	0
k16_6214f638	HSat2	chr6	0	0	0	0	0	0	0	0
k16_6214f638	HSat2	chr7	9	9	0	0	9	0	0	0
k16_6214f638	HSat2	chr8	0	0	0	0	0	0	0	0
k16_6214f638	HSat2	chr9	4	4	0	0	4	0	0	0
k16_6214f638	HSat2	chr10	470	470	0	0	470	0	0	0
k16_6214f638	HSat2	chr11	0	0	0	0	0	0	0	0
k16_6214f638	HSat2	chr12	0	0	0	0	0	0	0	0
k16_6214f638	HSat2	chr13	0	0	0	0	0	0	0	0
k16_6214f638	HSat2	chr14	0	0	0	0	0	0	0	0
k16_6214f638	HSat2	chr15	0	0	0	0	0	0	0	0
k16_6214f638	HSat2	chr16	12	12	0	0	12	0	0	0
k16_6214f638	HSat2	chr17	4	4	0	0	4	0	0	0
k16_6214f638	HSat2	chr18	0	0	0	0	0	0	0	0
k16_6214f638	HSat2	chr19	0	0	0	0	0	0	0	0
k16_6214f638	HSat2	chr20	0	0	0	0	0	0	0	0
k16_6214f638	HSat2	chr21	0	0	0	0	0	0	0	0
k16_6214f638	HSat2	chr22	5	5	0	0	5	0	0	0
k16_6214f638	HSat2	chrX	0	0	0	0	0	0	0	0
k16_6214f638	HSat2	chrY	0	0	0	0	0	0	0	0
k16_62e83a02	HSat3	chr1	14	14	0	14	0	0	0	0
k16_62e83a02	HSat3	chr2	8	8	0	8	0	0	0	0
k16_62e83a02	HSat3	chr3	0	0	0	0	0	0	0	0
k16_62e83a02	HSat3	chr4	0	0	0	0	0	0	0	0
k16_62e83a02	HSat3	chr5	278	278	0	278	0	0	0	0
k16_62e83a02	HSat3	chr6	0	0	0	0	0	0	0	0
k16_62e83a02	HSat3	chr7	51	51	0	51	0	0	0	0
k16_62e83a02	HSat3	chr8	0	0	0	0	0	0	0	0
k16_62e83a02	HSat3	chr9	6445	6445	0	6445	0	0	0	0
k16_62e83a02	HSat3	chr10	26	26	0	26	0	0	0	0
k16_62e83a02	HSat3	chr11	0	0	0	0	0	0	0	0
k16_62e83a02	HSat3	chr12	0	0	0	0	0	0	0	0
k16_62e83a02	HSat3	chr13	20	20	0	20	0	0	0	0
k16_62e83a02	HSat3	chr14	43	43	0	43	0	0	0	0
k16_62e83a02	HSat3	chr15	41	41	0	41	0	0	0	0
k16_62e83a02	HSat3	chr16	0	0	0	0	0	0	0	0
k16_62e83a02	HSat3	chr17	9	9	0	9	0	0	0	0
k16_62e83a02	HSat3	chr18	0	0	0	0	0	0	0	0
k16_62e83a02	HSat3	chr19	0	0	0	0	0	0	0	0
k16_62e83a02	HSat3	chr20	92	92	0	92	0	0	0	0
k16_62e83a02	HSat3	chr21	55	55	0	55	0	0	0	0
k16_62e83a02	HSat3	chr22	32	32	0	32	0	0	0	0
k16_62e83a02	HSat3	chrX	0	0	0	0	0	0	0	0
k16_62e83a02	HSat3	chrY	1	1	0	1	0	0	0	0
k16_62e83f06	HSat3	chr1	0	0	0	0	0	0	0	0
k16_62e83f06	HSat3	chr2	0	0	0	0	0	0	0	0
k16_62e83f06	HSat3	chr3	0	0	0	0	0	0	0	0
k16_62e83f06	HSat3	chr4	0	0	0	0	0	0	0	0
k16_62e83f06	HSat3	chr5	0	0	0	0	0	0	0	0
k16_62e83f06	HSat3	chr6	0	0	0	0	0	0	0	0
k16_62e83f06	HSat3	chr7	0	0	0	0	0	0	0	0
k16_62e83f06	HSat3	chr8	0	0	0	0	0	0	0	0
k16_62e83f06	HSat3	chr9	0	0	0	0	0	0	0	0
k16_62e83f06	HSat3	chr10	0	0	0	0	0	0	0	0
k16_62e83f06	HSat3	chr11	0	0	0	0	0	0	0	0
k16_62e83f06	HSat3	chr12	0	0	0	0	0	0	0	0
k16_62e83f06	HSat3	chr13	0	0	0	0	0	0	0	0
k16_62e83f06	HSat3	chr14	2	2	0	2	0	0	0	0
k16_62e83f06	HSat3	chr15	0	0	0	0	0	0	0	0
k16_62e83f06	HSat3	chr16	0	0	0	0	0	0	0	0
k16_62e83f06	HSat3	chr17	0	0	0	0	0	0	0	0
k16_62e83f06	HSat3	chr18	0	0	0	0	0	0	0	0
k16_62e83f06	HSat3	chr19	0	0	0	0	0	0	0	0
k16_62e83f06	HSat3	chr20	0	0	0	0	0	0	0	0
k16_62e83f06	HSat3	chr21	2	2	0	2	0	0	0	0
k16_62e83f06	HSat3	chr22	0	0	0	0	0	0	0	0
k16_62e83f06	HSat3	chrX	0	0	0	0	0	0	0	0
k16_62e83f06	HSat3	chrY	0	0	0	0	0	0	0	0
k16_63d47638	HSat2	chr1	7234	7234	0	0	7234	0	0	0
k16_63d47638	HSat2	chr2	7	7	0	0	7	0	0	0
k16_63d47638	HSat2	chr3	0	0	0	0	0	0	0	0
k16_63d47638	HSat2	chr4	0	0	0	0	0	0	0	0
k16_63d47638	HSat2	chr5	0	0	0	0	0	0	0	0
k16_63d47638	HSat2	chr6	0	0	0	0	0	0	0	0
k16_63d47638	HSat2	chr7	12	12	0	0	12	0	0	0
k16_63d47638	HSat2	chr8	0	0	0	0	0	0	0	0
k16_63d47638	HSat2	chr9	2	2	0	0	2	0	0	0
k16_63d47638	HSat2	chr10	227	227	0	0	227	0	0	0
k16_63d47638	HSat2	chr11	0	0	0	0	0	0	0	0
k16_63d47638	HSat2	chr12	0	0	0	0	0	0	0	0
k16_63d47638	HSat2	chr13	0	0	0	0	0	0	0	0
k16_63d47638	HSat2	chr14	0	0	0	0	0	0	0	0
k16_63d47638	HSat2	chr15	0	0	0	0	0	0	0	0
k16_63d47638	HSat2	chr16	2257	2257	0	0	2257	0	0	0
k16_63d47638	HSat2	chr17	1	1	0	0	1	0	0	0
k16_63d47638	HSat2	chr18	0	0	0	0	0	0	0	0
k16_63d47638	HSat2	chr19	0	0	0	0	0	0	0	0
k16_63d47638	HSat2	chr20	0	0	0	0	0	0	0	0
k16_63d47638	HSat2	chr21	0	0	0	0	0	0	0	0
k16_63d47638	HSat2	chr22	5	5	0	0	5	0	0	0
k16_63d47638	HSat2	chrX	0	0	0	0	0	0	0	0
k16_63d47638	HSat2	chrY	0	0	0	0	0	0	0	0
k16_63e4f600	HSat2	chr1	43	43	0	0	43	0	0	0
k16_63e4f600	HSat2	chr2	0	0	0	0	0	0	0	0
k16_63e4f600	HSat2	chr3	0	0	0	0	0	0	0	0
k16_63e4f600	HSat2	chr4	0	0	0	0	0	0	0	0
k16_63e4f600	HSat2	chr5	0	0	0	0	0	0	0	0
k16_63e4f600	HSat2	chr6	0	0	0	0	0	0	0	0
k16_63e4f600	HSat2	chr7	0	0	0	0	0	0	0	0
k16_63e4f600	HSat2	chr8	0	0	0	0	0	0	0	0
k16_63e4f600	HSat2	chr9	0	0	0	0	0	0	0	0
k16_63e4f600	HSat2	chr10	22	22	0	0	22	0	0	0
k16_63e4f600	HSat2	chr11	0	0	0	0	0	0	0	0
k16_63e4f600	HSat2	chr12	0	0	0	0	0	0	0	0
k16_63e4f600	HSat2	chr13	0	0	0	0	0	0	0	0
k16_63e4f600	HSat2	chr14	0	0	0	0	0	0	0	0
k16_63e4f600	HSat2	chr15	0	0	0	0	0	0	0	0
k16_63e4f600	HSat2	chr16	0	0	0	0	0	0	0	0
k16_63e4f600	HSat2	chr17	0	0	0	0	0	0	0	0
k16_63e4f600	HSat2	chr18	0	0	0	0	0	0	0	0
k16_63e4f600	HSat2	chr19	0	0	0	0	0	0	0	0
k16_63e4f600	HSat2	chr20	0	0	0	0	0	0	0	0
k16_63e4f600	HSat2	chr21	0	0	0	0	0	0	0	0
k16_63e4f600	HSat2	chr22	0	0	0	0	0	0	0	0
k16_63e4f600	HSat2	chrX	0	0	0	0	0	0	0	0
k16_63e4f600	HSat2	chrY	0	0	0	0	0	0	0	0
k16_66fbf53d	HSat3	chr1	0	0	0	0	0	0	0	0
k16_66fbf53d	HSat3	chr2	0	0	0	0	0	0	0	0
k16_66fbf53d	HSat3	chr3	0	0	0	0	0	0	0	0
k16_66fbf53d	HSat3	chr4	0	0	0	0	0	0	0	0
k16_66fbf53d	HSat3	chr5	0	0	0	0	0	0	0	0
k16_66fbf53d	HSat3	chr6	0	0	0	0	0	0	0	0
k16_66fbf53d	HSat3	chr7	0	0	0	0	0	0	0	0
k16_66fbf53d	HSat3	chr8	0	0	0	0	0	0	0	0
k16_66fbf53d	HSat3	chr9	121	121	0	121	0	0	0	0
k16_66fbf53d	HSat3	chr10	0	0	0	0	0	0	0	0
k16_66fbf53d	HSat3	chr11	0	0	0	0	0	0	0	0
k16_66fbf53d	HSat3	chr12	0	0	0	0	0	0	0	0
k16_66fbf53d	HSat3	chr13	1	1	0	1	0	0	0	0
k16_66fbf53d	HSat3	chr14	1	1	0	1	0	0	0	0
k16_66fbf53d	HSat3	chr15	1	1	0	1	0	0	0	0
k16_66fbf53d	HSat3	chr16	0	0	0	0	0	0	0	0
k16_66fbf53d	HSat3	chr17	0	0	0	0	0	0	0	0
k16_66fbf53d	HSat3	chr18	0	0	0	0	0	0	0	0
k16_66fbf53d	HSat3	chr19	0	0	0	0	0	0	0	0
k16_66fbf53d	HSat3	chr20	30	30	0	30	0	0	0	0
k16_66fbf53d	HSat3	chr21	3	3	0	3	0	0	0	0
k16_66fbf53d	HSat3	chr22	0	0	0	0	0	0	0	0
k16_66fbf53d	HSat3	chrX	0	0	0	0	0	0	0	0
k16_66fbf53d	HSat3	chrY	0	0	0	0	0	0	0	0
k16_6834d350	HSat2	chr1	23	23	0	0	23	0	0	0
k16_6834d350	HSat2	chr2	10	10	0	0	10	0	0	0
k16_6834d350	HSat2	chr3	0	0	0	0	0	0	0	0
k16_6834d350	HSat2	chr4	0	0	0	0	0	0	0	0
k16_6834d350	HSat2	chr5	0	0	0	0	0	0	0	0
k16_6834d350	HSat2	chr6	0	0	0	0	0	0	0	0
k16_6834d350	HSat2	chr7	3	3	0	0	3	0	0	0
k16_6834d350	HSat2	chr8	0	0	0	0	0	0	0	0
k16_6834d350	HSat2	chr9	0	0	0	0	0	0	0	0
k16_6834d350	HSat2	chr10	135	135	0	0	135	0	0	0
k16_6834d350	HSat2	chr11	0	0	0	0	0	0	0	0
k16_6834d350	HSat2	chr12	0	0	0	0	0	0	0	0
k16_6834d350	HSat2	chr13	0	0	0	0	0	0	0	0
k16_6834d350	HSat2	chr14	0	0	0	0	0	0	0	0
k16_6834d350	HSat2	chr15	0	0	0	0	0	0	0	0
k16_6834d350	HSat2	chr16	5	5	0	0	5	0	0	0
k16_6834d350	HSat2	chr17	1	1	0	0	1	0	0	0
k16_6834d350	HSat2	chr18	0	0	0	0	0	0	0	0
k16_6834d350	HSat2	chr19	0	0	0	0	0	0	0	0
k16_6834d350	HSat2	chr20	0	0	0	0	0	0	0	0
k16_6834d350	HSat2	chr21	0	0	0	0	0	0	0	0
k16_6834d350	HSat2	chr22	0	0	0	0	0	0	0	0
k16_6834d350	HSat2	chrX	0	0	0	0	0	0	0	0
k16_6834d350	HSat2	chrY	0	0	0	0	0	0	0	0
k16_69f8f53d	HSat3	chr1	0	0	0	0	0	0	0	0
k16_69f8f53d	HSat3	chr2	2	2	0	2	0	0	0	0
k16_69f8f53d	HSat3	chr3	0	0	0	0	0	0	0	0
k16_69f8f53d	HSat3	chr4	1	1	0	1	0	0	0	0
k16_69f8f53d	HSat3	chr5	5	5	0	5	0	0	0	0
k16_69f8f53d	HSat3	chr6	0	0	0	0	0	0	0	0
k16_69f8f53d	HSat3	chr7	0	0	0	0	0	0	0	0
k16_69f8f53d	HSat3	chr8	0	0	0	0	0	0	0	0
k16_69f8f53d	HSat3	chr9	187	187	0	187	0	0	0	0
k16_69f8f53d	HSat3	chr10	1	1	0	1	0	0	0	0
k16_69f8f53d	HSat3	chr11	0	0	0	0	0	0	0	0
k16_69f8f53d	HSat3	chr12	0	0	0	0	0	0	0	0
k16_69f8f53d	HSat3	chr13	20	20	0	20	0	0	0	0
k16_69f8f53d	HSat3	chr14	10	10	0	10	0	0	0	0
k16_69f8f53d	HSat3	chr15	1	1	0	1	0	0	0	0
k16_69f8f53d	HSat3	chr16	0	0	0	0	0	0	0	0
k16_69f8f53d	HSat3	chr17	4	4	0	4	0	0	0	0
k16_69f8f53d	HSat3	chr18	0	0	0	0	0	0	0	0
k16_69f8f53d	HSat3	chr19	0	0	0	0	0	0	0	0
k16_69f8f53d	HSat3	chr20	59	59	0	59	0	0	0	0
k16_69f8f53d	HSat3	chr21	12	12	0	12	0	0	0	0
k16_69f8f53d	HSat3	chr22	17	17	0	17	0	0	0	0
k16_69f8f53d	HSat3	chrX	0	0	0	0	0	0	0	0
k16_69f8f53d	HSat3	chrY	0	0	0	0	0	0	0	0
k16_6c53d4f5	HSat3	chr1	2	2	0	2	0	0	0	0
k16_6c53d4f5	HSat3	chr2	0	0	0	0	0	0	0	0
k16_6c53d4f5	HSat3	chr3	1	1	0	1	0	0	0	0
k16_6c53d4f5	HSat3	chr4	0	0	0	0	0	0	0	0
k16_6c53d4f5	HSat3	chr5	175	175	0	175	0	0	0	0
k16_6c53d4f5	HSat3	chr6	0	0	0	0	0	0	0	0
k16_6c53d4f5	HSat3	chr7	2	2	0	2	0	0	0	0
k16_6c53d4f5	HSat3	chr8	0	0	0	0	0	0	0	0
k16_6c53d4f5	HSat3	chr9	11344	11344	0	11344	0	0	0	0
k16_6c53d4f5	HSat3	chr10	2	2	0	2	0	0	0	0
k16_6c53d4f5	HSat3	chr11	0	0	0	0	0	0	0	0
k16_6c53d4f5	HSat3	chr12	0	0	0	0	0	0	0	0
k16_6c53d4f5	HSat3	chr13	4	4	0	4	0	0	0	0
k16_6c53d4f5	HSat3	chr14	4	4	0	4	0	0	0	0
k16_6c53d4f5	HSat3	chr15	3	3	0	3	0	0	0	0
k16_6c53d4f5	HSat3	chr16	0	0	0	0	0	0	0	0
k16_6c53d4f5	HSat3	chr17	3	3	0	3	0	0	0	0
k16_6c53d4f5	HSat3	chr18	0	0	0	0	0	0	0	0
k16_6c53d4f5	HSat3	chr19	0	0	0	0	0	0	0	0
k16_6c53d4f5	HSat3	chr20	7	7	0	7	0	0	0	0
k16_6c53d4f5	HSat3	chr21	7	7	0	7	0	0	0	0
k16_6c53d4f5	HSat3	chr22	11	11	0	11	0	0	0	0
k16_6c53d4f5	HSat3	chrX	0	0	0	0	0	0	0	0
k16_6c53d4f5	HSat3	chrY	4	4	0	4	0	0	0	0
k16_6f12d4f5	HSat3	chr1	2	2	0	2	0	0	0	0
k16_6f12d4f5	HSat3	chr2	0	0	0	0	0	0	0	0
k16_6f12d4f5	HSat3	chr3	0	0	0	0	0	0	0	0
k16_6f12d4f5	HSat3	chr4	0	0	0	0	0	0	0	0
k16_6f12d4f5	HSat3	chr5	0	0	0	0	0	0	0	0
k16_6f12d4f5	HSat3	chr6	0	0	0	0	0	0	0	0
k16_6f12d4f5	HSat3	chr7	0	0	0	0	0	0	0	0
k16_6f12d4f5	HSat3	chr8	0	0	0	0	0	0	0	0
k16_6f12d4f5	HSat3	chr9	2	2	0	2	0	0	0	0
k16_6f12d4f5	HSat3	chr10	30	30	0	30	0	0	0	0
k16_6f12d4f5	HSat3	chr11	0	0	0	0	0	0	0	0
k16_6f12d4f5	HSat3	chr12	0	0	0	0	0	0	0	0
k16_6f12d4f5	HSat3	chr13	1	1	0	1	0	0	0	0
k16_6f12d4f5	HSat3	chr14	2	2	0	2	0	0	0	0
k16_6f12d4f5	HSat3	chr15	0	0	0	0	0	0	0	0
k16_6f12d4f5	HSat3	chr16	0	0	0	0	0	0	0	0
k16_6f12d4f5	HSat3	chr17	0	0	0	0	0	0	0	0
k16_6f12d4f5	HSat3	chr18	0	0	0	0	0	0	0	0
k16_6f12d4f5	HSat3	chr19	0	0	0	0	0	0	0	0
k16_6f12d4f5	HSat3	chr20	2	2	0	2	0	0	0	0
k16_6f12d4f5	HSat3	chr21	9	9	0	9	0	0	0	0
k16_6f12d4f5	HSat3	chr22	71	71	0	71	0	0	0	0
k16_6f12d4f5	HSat3	chrX	0	0	0	0	0	0	0	0
k16_6f12d4f5	HSat3	chrY	18	18	0	18	0	0	0	0
k16_75ee83a0	HSat3	chr1	0	0	0	0	0	0	0	0
k16_75ee83a0	HSat3	chr2	0	0	0	0	0	0	0	0
k16_75ee83a0	HSat3	chr3	0	0	0	0	0	0	0	0
k16_75ee83a0	HSat3	chr4	0	0	0	0	0	0	0	0
k16_75ee83a0	HSat3	chr5	16	16	0	16	0	0	0	0
k16_75ee83a0	HSat3	chr6	0	0	0	0	0	0	0	0
k16_75ee83a0	HSat3	chr7	0	0	0	0	0	0	0	0
k16_75ee83a0	HSat3	chr8	1	0	1	0	0	0	0	1
k16_75ee83a0	HSat3	chr9	15	15	0	15	0	0	0	0
k16_75ee83a0	HSat3	chr10	0	0	0	0	0	0	0	0
k16_75ee83a0	HSat3	chr11	0	0	0	0	0	0	0	0
k16_75ee83a0	HSat3	chr12	0	0	0	0	0	0	0	0
k16_75ee83a0	HSat3	chr13	0	0	0	0	0	0	0	0
k16_75ee83a0	HSat3	chr14	2	2	0	2	0	0	0	0
k16_75ee83a0	HSat3	chr15	0	0	0	0	0	0	0	0
k16_75ee83a0	HSat3	chr16	0	0	0	0	0	0	0	0
k16_75ee83a0	HSat3	chr17	0	0	0	0	0	0	0	0
k16_75ee83a0	HSat3	chr18	0	0	0	0	0	0	0	0
k16_75ee83a0	HSat3	chr19	0	0	0	0	0	0	0	0
k16_75ee83a0	HSat3	chr20	0	0	0	0	0	0	0	0
k16_75ee83a0	HSat3	chr21	0	0	0	0	0	0	0	0
k16_75ee83a0	HSat3	chr22	0	0	0	0	0	0	0	0
k16_75ee83a0	HSat3	chrX	0	0	0	0	0	0	0	0
k16_75ee83a0	HSat3	chrY	0	0	0	0	0	0	0	0
k16_7c6efbf4	HSat3	chr1	0	0	0	0	0	0	0	0
k16_7c6efbf4	HSat3	chr2	0	0	0	0	0	0	0	0
k16_7c6efbf4	HSat3	chr3	0	0	0	0	0	0	0	0
k16_7c6efbf4	HSat3	chr4	0	0	0	0	0	0	0	0
k16_7c6efbf4	HSat3	chr5	0	0	0	0	0	0	0	0
k16_7c6efbf4	HSat3	chr6	0	0	0	0	0	0	0	0
k16_7c6efbf4	HSat3	chr7	0	0	0	0	0	0	0	0
k16_7c6efbf4	HSat3	chr8	0	0	0	0	0	0	0	0
k16_7c6efbf4	HSat3	chr9	0	0	0	0	0	0	0	0
k16_7c6efbf4	HSat3	chr10	0	0	0	0	0	0	0	0
k16_7c6efbf4	HSat3	chr11	0	0	0	0	0	0	0	0
k16_7c6efbf4	HSat3	chr12	0	0	0	0	0	0	0	0
k16_7c6efbf4	HSat3	chr13	0	0	0	0	0	0	0	0
k16_7c6efbf4	HSat3	chr14	0	0	0	0	0	0	0	0
k16_7c6efbf4	HSat3	chr15	0	0	0	0	0	0	0	0
k16_7c6efbf4	HSat3	chr16	0	0	0	0	0	0	0	0
k16_7c6efbf4	HSat3	chr17	0	0	0	0	0	0	0	0
k16_7c6efbf4	HSat3	chr18	0	0	0	0	0	0	0	0
k16_7c6efbf4	HSat3	chr19	0	0	0	0	0	0	0	0
k16_7c6efbf4	HSat3	chr20	0	0	0	0	0	0	0	0
k16_7c6efbf4	HSat3	chr21	0	0	0	0	0	0	0	0
k16_7c6efbf4	HSat3	chr22	0	0	0	0	0	0	0	0
k16_7c6efbf4	HSat3	chrX	0	0	0	0	0	0	0	0
k16_7c6efbf4	HSat3	chrY	0	0	0	0	0	0	0	0
k16_80a0d3cd	HSat2	chr1	15	15	0	0	15	0	0	0
k16_80a0d3cd	HSat2	chr2	1	1	0	0	1	0	0	0
k16_80a0d3cd	HSat2	chr3	0	0	0	0	0	0	0	0
k16_80a0d3cd	HSat2	chr4	1	0	1	0	0	0	0	1
k16_80a0d3cd	HSat2	chr5	0	0	0	0	0	0	0	0
k16_80a0d3cd	HSat2	chr6	0	0	0	0	0	0	0	0
k16_80a0d3cd	HSat2	chr7	6	5	1	0	5	0	0	1
k16_80a0d3cd	HSat2	chr8	0	0	0	0	0	0	0	0
k16_80a0d3cd	HSat2	chr9	0	0	0	0	0	0	0	0
k16_80a0d3cd	HSat2	chr10	2	1	1	0	1	0	0	1
k16_80a0d3cd	HSat2	chr11	0	0	0	0	0	0	0	0
k16_80a0d3cd	HSat2	chr12	0	0	0	0	0	0	0	0
k16_80a0d3cd	HSat2	chr13	0	0	0	0	0	0	0	0
k16_80a0d3cd	HSat2	chr14	2	0	2	0	0	0	0	2
k16_80a0d3cd	HSat2	chr15	0	0	0	0	0	0	0	0
k16_80a0d3cd	HSat2	chr16	110	110	0	0	110	0	0	0
k16_80a0d3cd	HSat2	chr17	0	0	0	0	0	0	0	0
k16_80a0d3cd	HSat2	chr18	0	0	0	0	0	0	0	0
k16_80a0d3cd	HSat2	chr19	0	0	0	0	0	0	0	0
k16_80a0d3cd	HSat2	chr20	0	0	0	0	0	0	0	0
k16_80a0d3cd	HSat2	chr21	0	0	0	0	0	0	0	0
k16_80a0d3cd	HSat2	chr22	1	1	0	0	1	0	0	0
k16_80a0d3cd	HSat2	chrX	0	0	0	0	0	0	0	0
k16_80a0d3cd	HSat2	chrY	0	0	0	0	0	0	0	0
k16_8320d364	HSat2	chr1	16	16	0	0	16	0	0	0
k16_8320d364	HSat2	chr2	0	0	0	0	0	0	0	0
k16_8320d364	HSat2	chr3	0	0	0	0	0	0	0	0
k16_8320d364	HSat2	chr4	0	0	0	0	0	0	0	0
k16_8320d364	HSat2	chr5	0	0	0	0	0	0	0	0
k16_8320d364	HSat2	chr6	0	0	0	0	0	0	0	0
k16_8320d364	HSat2	chr7	0	0	0	0	0	0	0	0
k16_8320d364	HSat2	chr8	0	0	0	0	0	0	0	0
k16_8320d364	HSat2	chr9	0	0	0	0	0	0	0	0
k16_8320d364	HSat2	chr10	18	18	0	0	18	0	0	0
k16_8320d364	HSat2	chr11	0	0	0	0	0	0	0	0
k16_8320d364	HSat2	chr12	0	0	0	0	0	0	0	0
k16_8320d364	HSat2	chr13	0	0	0	0	0	0	0	0
k16_8320d364	HSat2	chr14	0	0	0	0	0	0	0	0
k16_8320d364	HSat2	chr15	0	0	0	0	0	0	0	0
k16_8320d364	HSat2	chr16	1850	1850	0	0	1850	0	0	0
k16_8320d364	HSat2	chr17	0	0	0	0	0	0	0	0
k16_8320d364	HSat2	chr18	0	0	0	0	0	0	0	0
k16_8320d364	HSat2	chr19	0	0	0	0	0	0	0	0
k16_8320d364	HSat2	chr20	0	0	0	0	0	0	0	0
k16_8320d364	HSat2	chr21	0	0	0	0	0	0	0	0
k16_8320d364	HSat2	chr22	0	0	0	0	0	0	0	0
k16_8320d364	HSat2	chrX	0	0	0	0	0	0	0	0
k16_8320d364	HSat2	chrY	0	0	0	0	0	0	0	0
k16_83415831	HSat3	chr1	0	0	0	0	0	0	0	0
k16_83415831	HSat3	chr2	0	0	0	0	0	0	0	0
k16_83415831	HSat3	chr3	0	0	0	0	0	0	0	0
k16_83415831	HSat3	chr4	0	0	0	0	0	0	0	0
k16_83415831	HSat3	chr5	0	0	0	0	0	0	0	0
k16_83415831	HSat3	chr6	0	0	0	0	0	0	0	0
k16_83415831	HSat3	chr7	0	0	0	0	0	0	0	0
k16_83415831	HSat3	chr8	0	0	0	0	0	0	0	0
k16_83415831	HSat3	chr9	165	165	0	165	0	0	0	0
k16_83415831	HSat3	chr10	0	0	0	0	0	0	0	0
k16_83415831	HSat3	chr11	0	0	0	0	0	0	0	0
k16_83415831	HSat3	chr12	0	0	0	0	0	0	0	0
k16_83415831	HSat3	chr13	0	0	0	0	0	0	0	0
k16_83415831	HSat3	chr14	0	0	0	0	0	0	0	0
k16_83415831	HSat3	chr15	0	0	0	0	0	0	0	0
k16_83415831	HSat3	chr16	0	0	0	0	0	0	0	0
k16_83415831	HSat3	chr17	0	0	0	0	0	0	0	0
k16_83415831	HSat3	chr18	0	0	0	0	0	0	0	0
k16_83415831	HSat3	chr19	0	0	0	0	0	0	0	0
k16_83415831	HSat3	chr20	0	0	0	0	0	0	0	0
k16_83415831	HSat3	chr21	0	0	0	0	0	0	0	0
k16_83415831	HSat3	chr22	0	0	0	0	0	0	0	0
k16_83415831	HSat3	chrX	0	0	0	0	0	0	0	0
k16_83415831	HSat3	chrY	0	0	0	0	0	0	0	0
k16_8b53d0e1	HSat2	chr1	11	11	0	0	11	0	0	0
k16_8b53d0e1	HSat2	chr2	9	8	1	0	8	0	0	1
k16_8b53d0e1	HSat2	chr3	0	0	0	0	0	0	0	0
k16_8b53d0e1	HSat2	chr4	0	0	0	0	0	0	0	0
k16_8b53d0e1	HSat2	chr5	0	0	0	0	0	0	0	0
k16_8b53d0e1	HSat2	chr6	0	0	0	0	0	0	0	0
k16_8b53d0e1	HSat2	chr7	6	6	0	0	6	0	0	0
k16_8b53d0e1	HSat2	chr8	1	0	1	0	0	0	0	1
k16_8b53d0e1	HSat2	chr9	1	1	0	0	1	0	0	0
k16_8b53d0e1	HSat2	chr10	28	28	0	0	28	0	0	0
k16_8b53d0e1	HSat2	chr11	0	0	0	0	0	0	0	0
k16_8b53d0e1	HSat2	chr12	0	0	0	0	0	0	0	0
k16_8b53d0e1	HSat2	chr13	0	0	0	0	0	0	0	0
k16_8b53d0e1	HSat2	chr14	0	0	0	0	0	0	0	0
k16_8b53d0e1	HSat2	chr15	0	0	0	0	0	0	0	0
k16_8b53d0e1	HSat2	chr16	1634	1634	0	0	1634	0	0	0
k16_8b53d0e1	HSat2	chr17	3	3	0	0	3	0	0	0
k16_8b53d0e1	HSat2	chr18	0	0	0	0	0	0	0	0
k16_8b53d0e1	HSat2	chr19	0	0	0	0	0	0	0	0
k16_8b53d0e1	HSat2	chr20	0	0	0	0	0	0	0	0
k16_8b53d0e1	HSat2	chr21	1	1	0	1	0	0	0	0
k16_8b53d0e1	HSat2	chr22	3	3	0	0	3	0	0	0
k16_8b53d0e1	HSat2	chrX	0	0	0	0	0	0	0	0
k16_8b53d0e1	HSat2	chrY	0	0	0	0	0	0	0	0
k16_8ba0e809	HSat3	chr1	4	4	0	4	0	0	0	0
k16_8ba0e809	HSat3	chr2	1	0	1	0	0	0	0	1
k16_8ba0e809	HSat3	chr3	1	0	1	0	0	0	0	1
k16_8ba0e809	HSat3	chr4	1	1	0	1	0	0	0	0
k16_8ba0e809	HSat3	chr5	0	0	0	0	0	0	0	0
k16_8ba0e809	HSat3	chr6	0	0	0	0	0	0	0	0
k16_8ba0e809	HSat3	chr7	0	0	0	0	0	0	0	0
k16_8ba0e809	HSat3	chr8	0	0	0	0	0	0	0	0
k16_8ba0e809	HSat3	chr9	53	53	0	53	0	0	0	0
k16_8ba0e809	HSat3	chr10	6	6	0	6	0	0	0	0
k16_8ba0e809	HSat3	chr11	0	0	0	0	0	0	0	0
k16_8ba0e809	HSat3	chr12	0	0	0	0	0	0	0	0
k16_8ba0e809	HSat3	chr13	13	13	0	13	0	0	0	0
k16_8ba0e809	HSat3	chr14	15	15	0	15	0	0	0	0
k16_8ba0e809	HSat3	chr15	10	10	0	10	0	0	0	0
k16_8ba0e809	HSat3	chr16	0	0	0	0	0	0	0	0
k16_8ba0e809	HSat3	chr17	2	2	0	2	0	0	0	0
k16_8ba0e809	HSat3	chr18	0	0	0	0	0	0	0	0
k16_8ba0e809	HSat3	chr19	0	0	0	0	0	0	0	0
k16_8ba0e809	HSat3	chr20	61	61	0	61	0	0	0	0
k16_8ba0e809	HSat3	chr21	21	21	0	21	0	0	0	0
k16_8ba0e809	HSat3	chr22	22	22	0	22	0	0	0	0
k16_8ba0e809	HSat3	chrX	0	0	0	0	0	0	0	0
k16_8ba0e809	HSat3	chrY	44	44	0	44	0	0	0	0
k16_8f53d4f9	HSat3	chr1	34	34	0	27	7	0	0	0
k16_8f53d4f9	HSat3	chr2	8	8	0	8	0	0	0	0
k16_8f53d4f9	HSat3	chr3	7	7	0	7	0	0	0	0
k16_8f53d4f9	HSat3	chr4	8	8	0	8	0	0	0	0
k16_8f53d4f9	HSat3	chr5	102	102	0	102	0	0	0	0
k16_8f53d4f9	HSat3	chr6	0	0	0	0	0	0	0	0
k16_8f53d4f9	HSat3	chr7	117	117	0	117	0	0	0	0
k16_8f53d4f9	HSat3	chr8	1	0	1	0	0	0	0	1
k16_8f53d4f9	HSat3	chr9	67245	67245	0	67245	0	0	0	0
k16_8f53d4f9	HSat3	chr10	62	62	0	56	6	0	0	0
k16_8f53d4f9	HSat3	chr11	0	0	0	0	0	0	0	0
k16_8f53d4f9	HSat3	chr12	0	0	0	0	0	0	0	0
k16_8f53d4f9	HSat3	chr13	63	63	0	63	0	0	0	0
k16_8f53d4f9	HSat3	chr14	113	113	0	113	0	0	0	0
k16_8f53d4f9	HSat3	chr15	3881	3881	0	3881	0	0	0	0
k16_8f53d4f9	HSat3	chr16	13	13	0	2	10	0	0	1
k16_8f53d4f9	HSat3	chr17	40	40	0	40	0	0	0	0
k16_8f53d4f9	HSat3	chr18	0	0	0	0	0	0	0	0
k16_8f53d4f9	HSat3	chr19	0	0	0	0	0	0	0	0
k16_8f53d4f9	HSat3	chr20	184	184	0	184	0	0	0	0
k16_8f53d4f9	HSat3	chr21	116	116	0	116	0	0	0	0
k16_8f53d4f9	HSat3	chr22	73	73	0	71	2	0	0	0
k16_8f53d4f9	HSat3	chrX	1	0	1	0	0	0	0	1
k16_8f53d4f9	HSat3	chrY	195	195	0	195	0	0	0	0
k16_90ec3acc	HSat3	chr1	2	2	0	2	0	0	0	0
k16_90ec3acc	HSat3	chr2	0	0	0	0	0	0	0	0
k16_90ec3acc	HSat3	chr3	0	0	0	0	0	0	0	0
k16_90ec3acc	HSat3	chr4	0	0	0	0	0	0	0	0
k16_90ec3acc	HSat3	chr5	0	0	0	0	0	0	0	0
k16_90ec3acc	HSat3	chr6	0	0	0	0	0	0	0	0
k16_90ec3acc	HSat3	chr7	0	0	0	0	0	0	0	0
k16_90ec3acc	HSat3	chr8	0	0	0	0	0	0	0	0
k16_90ec3acc	HSat3	chr9	0	0	0	0	0	0	0	0
k16_90ec3acc	HSat3	chr10	49	49	0	49	0	0	0	0
k16_90ec3acc	HSat3	chr11	0	0	0	0	0	0	0	0
k16_90ec3acc	HSat3	chr12	0	0	0	0	0	0	0	0
k16_90ec3acc	HSat3	chr13	0	0	0	0	0	0	0	0
k16_90ec3acc	HSat3	chr14	3	3	0	3	0	0	0	0
k16_90ec3acc	HSat3	chr15	0	0	0	0	0	0	0	0
k16_90ec3acc	HSat3	chr16	0	0	0	0	0	0	0	0
k16_90ec3acc	HSat3	chr17	0	0	0	0	0	0	0	0
k16_90ec3acc	HSat3	chr18	0	0	0	0	0	0	0	0
k16_90ec3acc	HSat3	chr19	0	0	0	0	0	0	0	0
k16_90ec3acc	HSat3	chr20	0	0	0	0	0	0	0	0
k16_90ec3acc	HSat3	chr21	14	14	0	14	0	0	0	0
k16_90ec3acc	HSat3	chr22	85	85	0	85	0	0	0	0
k16_90ec3acc	HSat3	chrX	0	0	0	0	0	0	0	0
k16_90ec3acc	HSat3	chrY	0	0	0	0	0	0	0	0
k16_93d803d4	HSat2	chr1	42	42	0	0	42	0	0	0
k16_93d803d4	HSat2	chr2	0	0	0	0	0	0	0	0
k16_93d803d4	HSat2	chr3	0	0	0	0	0	0	0	0
k16_93d803d4	HSat2	chr4	0	0	0	0	0	0	0	0
k16_93d803d4	HSat2	chr5	0	0	0	0	0	0	0	0
k16_93d803d4	HSat2	chr6	0	0	0	0	0	0	0	0
k16_93d803d4	HSat2	chr7	0	0	0	0	0	0	0	0
k16_93d803d4	HSat2	chr8	0	0	0	0	0	0	0	0
k16_93d803d4	HSat2	chr9	0	0	0	0	0	0	0	0
k16_93d803d4	HSat2	chr10	22	22	0	0	22	0	0	0
k16_93d803d4	HSat2	chr11	0	0	0	0	0	0	0	0
k16_93d803d4	HSat2	chr12	0	0	0	0	0	0	0	0
k16_93d803d4	HSat2	chr13	0	0	0	0	0	0	0	0
k16_93d803d4	HSat2	chr14	0	0	0	0	0	0	0	0
k16_93d803d4	HSat2	chr15	0	0	0	0	0	0	0	0
k16_93d803d4	HSat2	chr16	0	0	0	0	0	0	0	0
k16_93d803d4	HSat2	chr17	0	0	0	0	0	0	0	0
k16_93d803d4	HSat2	chr18	0	0	0	0	0	0	0	0
k16_93d803d4	HSat2	chr19	0	0	0	0	0	0	0	0
k16_93d803d4	HSat2	chr20	0	0	0	0	0	0	0	0
k16_93d803d4	HSat2	chr21	0	0	0	0	0	0	0	0
k16_93d803d4	HSat2	chr22	0	0	0	0	0	0	0	0
k16_93d803d4	HSat2	chrX	0	0	0	0	0	0	0	0
k16_93d803d4	HSat2	chrY	0	0	0	0	0	0	0	0
k16_a0d0562c	HSat3	chr1	15	15	0	15	0	0	0	0
k16_a0d0562c	HSat3	chr2	0	0	0	0	0	0	0	0
k16_a0d0562c	HSat3	chr3	1	1	0	1	0	0	0	0
k16_a0d0562c	HSat3	chr4	4	4	0	4	0	0	0	0
k16_a0d0562c	HSat3	chr5	23	23	0	23	0	0	0	0
k16_a0d0562c	HSat3	chr6	0	0	0	0	0	0	0	0
k16_a0d0562c	HSat3	chr7	14	14	0	14	0	0	0	0
k16_a0d0562c	HSat3	chr8	0	0	0	0	0	0	0	0
k16_a0d0562c	HSat3	chr9	17852	17852	0	17852	0	0	0	0
k16_a0d0562c	HSat3	chr10	57	57	0	57	0	0	0	0
k16_a0d0562c	HSat3	chr11	0	0	0	0	0	0	0	0
k16_a0d0562c	HSat3	chr12	0	0	0	0	0	0	0	0
k16_a0d0562c	HSat3	chr13	56	56	0	56	0	0	0	0
k16_a0d0562c	HSat3	chr14	58	58	0	58	0	0	0	0
k16_a0d0562c	HSat3	chr15	7	7	0	7	0	0	0	0
k16_a0d0562c	HSat3	chr16	0	0	0	0	0	0	0	0
k16_a0d0562c	HSat3	chr17	4	4	0	4	0	0	0	0
k16_a0d0562c	HSat3	chr18	0	0	0	0	0	0	0	0
k16_a0d0562c	HSat3	chr19	0	0	0	0	0	0	0	0
k16_a0d0562c	HSat3	chr20	36	36	0	36	0	0	0	0
k16_a0d0562c	HSat3	chr21	18	18	0	18	0	0	0	0
k16_a0d0562c	HSat3	chr22	7	7	0	7	0	0	0	0
k16_a0d0562c	HSat3	chrX	0	0	0	0	0	0	0	0
k16_a0d0562c	HSat3	chrY	0	0	0	0	0	0	0	0
k16_a0d364c8	HSat2	chr1	14699	14699	0	0	14699	0	0	0
k16_a0d364c8	HSat2	chr2	0	0	0	0	0	0	0	0
k16_a0d364c8	HSat2	chr3	1	0	1	0	0	0	0	1
k16_a0d364c8	HSat2	chr4	0	0	0	0	0	0	0	0
k16_a0d364c8	HSat2	chr5	0	0	0	0	0	0	0	0
k16_a0d364c8	HSat2	chr6	0	0	0	0	0	0	0	0
k16_a0d364c8	HSat2	chr7	1	1	0	0	1	0	0	0
k16_a0d364c8	HSat2	chr8	0	0	0	0	0	0	0	0
k16_a0d364c8	HSat2	chr9	0	0	0	0	0	0	0	0
k16_a0d364c8	HSat2	chr10	408	408	0	0	408	0	0	0
k16_a0d364c8	HSat2	chr11	0	0	0	0	0	0	0	0
k16_a0d364c8	HSat2	chr12	0	0	0	0	0	0	0	0
k16_a0d364c8	HSat2	chr13	0	0	0	0	0	0	0	0
k16_a0d364c8	HSat2	chr14	0	0	0	0	0	0	0	0
k16_a0d364c8	HSat2	chr15	0	0	0	0	0	0	0	0
k16_a0d364c8	HSat2	chr16	0	0	0	0	0	0	0	0
k16_a0d364c8	HSat2	chr17	0	0	0	0	0	0	0	0
k16_a0d364c8	HSat2	chr18	0	0	0	0	0	0	0	0
k16_a0d364c8	HSat2	chr19	0	0	0	0	0	0	0	0
k16_a0d364c8	HSat2	chr20	0	0	0	0	0	0	0	0
k16_a0d364c8	HSat2	chr21	0	0	0	0	0	0	0	0
k16_a0d364c8	HSat2	chr22	1	1	0	0	1	0	0	0
k16_a0d364c8	HSat2	chrX	0	0	0	0	0	0	0	0
k16_a0d364c8	HSat2	chrY	0	0	0	0	0	0	0	0
k16_a0e834c5	HSat3	chr1	2	2	0	2	0	0	0	0
k16_a0e834c5	HSat3	chr2	0	0	0	0	0	0	0	0
k16_a0e834c5	HSat3	chr3	0	0	0	0	0	0	0	0
k16_a0e834c5	HSat3	chr4	0	0	0	0	0	0	0	0
k16_a0e834c5	HSat3	chr5	0	0	0	0	0	0	0	0
k16_a0e834c5	HSat3	chr6	0	0	0	0	0	0	0	0
k16_a0e834c5	HSat3	chr7	0	0	0	0	0	0	0	0
k16_a0e834c5	HSat3	chr8	0	0	0	0	0	0	0	0
k16_a0e834c5	HSat3	chr9	36	36	0	36	0	0	0	0
k16_a0e834c5	HSat3	chr10	0	0	0	0	0	0	0	0
k16_a0e834c5	HSat3	chr11	0	0	0	0	0	0	0	0
k16_a0e834c5	HSat3	chr12	0	0	0	0	0	0	0	0
k16_a0e834c5	HSat3	chr13	1	0	1	0	0	0	0	1
k16_a0e834c5	HSat3	chr14	0	0	0	0	0	0	0	0
k16_a0e834c5	HSat3	chr15	0	0	0	0	0	0	0	0
k16_a0e834c5	HSat3	chr16	0	0	0	0	0	0	0	0
k16_a0e834c5	HSat3	chr17	0	0	0	0	0	0	0	0
k16_a0e834c5	HSat3	chr18	0	0	0	0	0	0	0	0
k16_a0e834c5	HSat3	chr19	0	0	0	0	0	0	0	0
k16_a0e834c5	HSat3	chr20	0	0	0	0	0	0	0	0
k16_a0e834c5	HSat3	chr21	0	0	0	0	0	0	0	0
k16_a0e834c5	HSat3	chr22	1	1	0	1	0	0	0	0
k16_a0e834c5	HSat3	chrX	0	0	0	0	0	0	0	0
k16_a0e834c5	HSat3	chrY	0	0	0	0	0	0	0	0
k16_b60e8760	HSat2	chr1	19	19	0	0	19	0	0	0
k16_b60e8760	HSat2	chr2	6	6	0	0	6	0	0	0
k16_b60e8760	HSat2	chr3	0	0	0	0	0	0	0	0
k16_b60e8760	HSat2	chr4	0	0	0	0	0	0	0	0
k16_b60e8760	HSat2	chr5	0	0	0	0	0	0	0	0
k16_b60e8760	HSat2	chr6	0	0	0	0	0	0	0	0
k16_b60e8760	HSat2	chr7	6	6	0	0	6	0	0	0
k16_b60e8760	HSat2	chr8	0	0	0	0	0	0	0	0
k16_b60e8760	HSat2	chr9	1	1	0	0	1	0	0	0
k16_b60e8760	HSat2	chr10	84	84	0	2	82	0	0	0
k16_b60e8760	HSat2	chr11	0	0	0	0	0	0	0	0
k16_b60e8760	HSat2	chr12	0	0	0	0	0	0	0	0
k16_b60e8760	HSat2	chr13	0	0	0	0	0	0	0	0
k16_b60e8760	HSat2	chr14	0	0	0	0	0	0	0	0
k16_b60e8760	HSat2	chr15	1	1	0	1	0	0	0	0
k16_b60e8760	HSat2	chr16	2046	2046	0	0	2046	0	0	0
k16_b60e8760	HSat2	chr17	5	5	0	4	1	0	0	0
k16_b60e8760	HSat2	chr18	0	0	0	0	0	0	0	0
k16_b60e8760	HSat2	chr19	0	0	0	0	0	0	0	0
k16_b60e8760	HSat2	chr20	0	0	0	0	0	0	0	0
k16_b60e8760	HSat2	chr21	1	1	0	1	0	0	0	0
k16_b60e8760	HSat2	chr22	2	2	0	1	1	0	0	0
k16_b60e8760	HSat2	chrX	0	0	0	0	0	0	0	0
k16_b60e8760	HSat2	chrY	0	0	0	0	0	0	0	0
k16_c1fd4350	HSat3	chr1	0	0	0	0	0	0	0	0
k16_c1fd4350	HSat3	chr2	0	0	0	0	0	0	0	0
k16_c1fd4350	HSat3	chr3	0	0	0	0	0	0	0	0
k16_c1fd4350	HSat3	chr4	0	0	0	0	0	0	0	0
k16_c1fd4350	HSat3	chr5	0	0	0	0	0	0	0	0
k16_c1fd4350	HSat3	chr6	0	0	0	0	0	0	0	0
k16_c1fd4350	HSat3	chr7	0	0	0	0	0	0	0	0
k16_c1fd4350	HSat3	chr8	0	0	0	0	0	0	0	0
k16_c1fd4350	HSat3	chr9	0	0	0	0	0	0	0	0
k16_c1fd4350	HSat3	chr10	0	0	0	0	0	0	0	0
k16_c1fd4350	HSat3	chr11	0	0	0	0	0	0	0	0
k16_c1fd4350	HSat3	chr12	0	0	0	0	0	0	0	0
k16_c1fd4350	HSat3	chr13	1	0	1	0	0	0	0	1
k16_c1fd4350	HSat3	chr14	0	0	0	0	0	0	0	0
k16_c1fd4350	HSat3	chr15	0	0	0	0	0	0	0	0
k16_c1fd4350	HSat3	chr16	0	0	0	0	0	0	0	0
k16_c1fd4350	HSat3	chr17	0	0	0	0	0	0	0	0
k16_c1fd4350	HSat3	chr18	0	0	0	0	0	0	0	0
k16_c1fd4350	HSat3	chr19	0	0	0	0	0	0	0	0
k16_c1fd4350	HSat3	chr20	35	35	0	35	0	0	0	0
k16_c1fd4350	HSat3	chr21	0	0	0	0	0	0	0	0
k16_c1fd4350	HSat3	chr22	0	0	0	0	0	0	0	0
k16_c1fd4350	HSat3	chrX	0	0	0	0	0	0	0	0
k16_c1fd4350	HSat3	chrY	0	0	0	0	0	0	0	0
k16_d34583a0	HSat2	chr1	62	62	0	0	62	0	0	0
k16_d34583a0	HSat2	chr2	19	19	0	0	19	0	0	0
k16_d34583a0	HSat2	chr3	0	0	0	0	0	0	0	0
k16_d34583a0	HSat2	chr4	0	0	0	0	0	0	0	0
k16_d34583a0	HSat2	chr5	0	0	0	0	0	0	0	0
k16_d34583a0	HSat2	chr6	0	0	0	0	0	0	0	0
k16_d34583a0	HSat2	chr7	9	9	0	0	9	0	0	0
k16_d34583a0	HSat2	chr8	0	0	0	0	0	0	0	0
k16_d34583a0	HSat2	chr9	0	0	0	0	0	0	0	0
k16_d34583a0	HSat2	chr10	22	22	0	0	22	0	0	0
k16_d34583a0	HSat2	chr11	0	0	0	0	0	0	0	0
k16_d34583a0	HSat2	chr12	0	0	0	0	0	0	0	0
k16_d34583a0	HSat2	chr13	0	0	0	0	0	0	0	0
k16_d34583a0	HSat2	chr14	0	0	0	0	0	0	0	0
k16_d34583a0	HSat2	chr15	0	0	0	0	0	0	0	0
k16_d34583a0	HSat2	chr16	66	66	0	0	66	0	0	0
k16_d34583a0	HSat2	chr17	3	3	0	0	3	0	0	0
k16_d34583a0	HSat2	chr18	0	0	0	0	0	0	0	0
k16_d34583a0	HSat2	chr19	0	0	0	0	0	0	0	0
k16_d34583a0	HSat2	chr20	0	0	0	0	0	0	0	0
k16_d34583a0	HSat2	chr21	0	0	0	0	0	0	0	0
k16_d34583a0	HSat2	chr22	9	9	0	0	9	0	0	0
k16_d34583a0	HSat2	chrX	0	0	0	0	0	0	0	0
k16_d34583a0	HSat2	chrY	0	0	0	0	0	0	0	0
