kmer_id	target_family	group	hap_count	median_target_hits	mean_target_hits	q25_target_hits	q75_target_hits	median_target_density_per_M	measurable_haps
k16_00c14d34	HSat2	G1	158	4000.5	3646.721518987342	84.75	6117.75	214.8710216424617	158
k16_00c14d34	HSat2	G2	42	3302.5	3292.8571428571427	32.25	5838.25	196.17631365278152	42
k16_00c14d34	HSat2	G3	289	4413.0	3817.2249134948097	25.0	6436.0	226.7227458438019	289
k16_00c14d34	HSat2	NA	84	2161.0	2981.845238095238	26.5	5512.25	128.08375522506898	84
k16_0320c806	HSat3	G1	59	84.0	75.77966101694915	42.0	103.0	4.776881034115468	59
k16_0320c806	HSat3	G2	54	4.0	4.296296296296297	4.0	4.0	0.2560259559608383	54
k16_0320c806	HSat3	G3	70	0.0	0.0	0.0	0.0	0.0	70
k16_0320c806	HSat3	G4	39	4.0	4.461538461538462	0.0	4.0	0.21660724498165687	39
k16_0320c806	HSat3	G5	47	49.0	56.8936170212766	21.0	90.0	3.844461266632251	47
k16_0320c806	HSat3	G6	47	4.0	4.042553191489362	4.0	4.0	0.2517774385636299	47
k16_0320c806	HSat3	G7	126	0.0	0.0	0.0	0.0	0.0	126
k16_0320c806	HSat3	NA	131	0.0	11.083969465648854	0.0	4.0	0.0	131
k16_0534d0fa	HSat2	G1	158	3977.0	3558.9050632911394	72.0	6028.0	213.12103818809345	158
k16_0534d0fa	HSat2	G2	42	3333.0	3244.3333333333335	30.75	5881.5	198.92991324210863	42
k16_0534d0fa	HSat2	G3	289	4405.0	3727.4809688581313	23.0	6220.0	222.68783663487025	289
k16_0534d0fa	HSat2	NA	84	2186.0	2885.5119047619046	22.75	5317.75	123.54075966713928	84
k16_0560c43a	HSat3	G1	59	1789.0	1545.084745762712	1353.5	2109.0	98.60045565052926	59
k16_0560c43a	HSat3	G2	54	1698.5	1590.0555555555557	1317.75	2090.0	103.52059827523829	54
k16_0560c43a	HSat3	G3	70	1755.5	1587.8142857142857	1252.25	2186.25	102.48725432776114	70
k16_0560c43a	HSat3	G4	39	1579.0	1270.2307692307693	1.5	2009.5	95.86692248842085	39
k16_0560c43a	HSat3	G5	47	1886.0	1685.276595744681	1497.0	2221.5	100.8403551237634	47
k16_0560c43a	HSat3	G6	47	1577.0	1433.1489361702127	1324.5	1755.5	98.2783842056957	47
k16_0560c43a	HSat3	G7	126	1601.5	1503.1349206349207	1184.75	2141.0	98.10533909125994	126
k16_0560c43a	HSat3	NA	131	1671.0	1434.9236641221373	18.0	2086.0	104.53929034135876	131
k16_0b34d83a	HSat2	G1	158	19.5	39.11392405063291	0.0	43.0	1.0891917905958883	158
k16_0b34d83a	HSat2	G2	42	38.5	50.0	4.0	63.0	3.065981744907822	42
k16_0b34d83a	HSat2	G3	289	70.0	85.3044982698962	41.0	99.0	4.159358145364094	289
k16_0b34d83a	HSat2	NA	84	40.5	59.273809523809526	3.0	71.75	2.6257363096672375	84
k16_0d340683	HSat2	G1	158	585.0	548.4303797468355	380.75	732.75	33.371353919646765	158
k16_0d340683	HSat2	G2	42	568.5	475.07142857142856	229.25	691.0	30.659824703285288	42
k16_0d340683	HSat2	G3	289	558.0	526.3356401384083	383.0	714.0	28.98554425786153	289
k16_0d340683	HSat2	NA	84	535.5	517.4761904761905	333.25	750.25	33.11601116672489	84
k16_0d34d43a	HSat2	G1	158	1539.0	1613.3417721518988	460.0	2477.5	87.69653574032063	158
k16_0d34d43a	HSat2	G2	42	1304.0	1279.6666666666667	344.75	1816.75	77.80570354392964	42
k16_0d34d43a	HSat2	G3	289	1950.0	2049.2283737024222	812.0	2825.0	115.3701797797314	289
k16_0d34d43a	HSat2	NA	84	1471.5	1551.547619047619	476.5	2315.5	98.9390254401612	84
k16_0d83a0b3	HSat2	G1	158	39.5	47.278481012658226	1.0	71.75	1.9399588749229628	158
k16_0d83a0b3	HSat2	G2	42	57.0	56.19047619047619	8.0	83.75	3.836594994468634	42
k16_0d83a0b3	HSat2	G3	289	84.0	93.33564013840831	47.0	120.0	5.065115296453836	289
k16_0d83a0b3	HSat2	NA	84	45.0	61.57142857142857	7.75	94.25	3.2341116198600806	84
k16_0e834158	HSat3	G1	59	43556.0	38395.30508474576	35124.5	51334.0	2420.231976463147	59
k16_0e834158	HSat3	G2	54	40716.5	37919.18518518518	31538.25	47880.5	2489.528272171342	54
k16_0e834158	HSat3	G3	70	42721.0	38284.18571428571	29752.25	50469.5	2488.206136310785	70
k16_0e834158	HSat3	G4	39	41691.0	32766.48717948718	4965.5	48447.5	2429.570451033879	39
k16_0e834158	HSat3	G5	47	46229.0	41875.574468085106	38945.5	52293.5	2462.35753931825	47
k16_0e834158	HSat3	G6	47	39151.0	35643.574468085106	33857.5	43755.0	2450.285298644763	47
k16_0e834158	HSat3	G7	126	40492.0	37529.09523809524	29942.5	49734.5	2454.7581660800342	126
k16_0e834158	HSat3	NA	131	39323.0	34531.8320610687	4747.5	50122.5	2487.989540940774	131
k16_1483a0d8	HSat3	G1	59	7.0	7.186440677966102	4.0	11.0	0.47353142810330895	59
k16_1483a0d8	HSat3	G2	54	8.0	13.962962962962964	5.0	13.75	0.5015996840180441	54
k16_1483a0d8	HSat3	G3	70	35.0	35.84285714285714	31.0	38.75	2.2223116637286866	70
k16_1483a0d8	HSat3	G4	39	27.0	26.076923076923077	7.0	39.5	1.603001388555425	39
k16_1483a0d8	HSat3	G5	47	7.0	7.914893617021277	5.0	10.5	0.41556607071106033	47
k16_1483a0d8	HSat3	G6	47	7.0	6.76595744680851	3.5	9.5	0.42049931770982135	47
k16_1483a0d8	HSat3	G7	126	36.0	35.976190476190474	32.0	39.0	2.2341613350917937	126
k16_1483a0d8	HSat3	NA	131	10.0	17.290076335877863	4.5	34.0	0.5397335129566464	131
k16_158ba0ed	HSat3	G1	59	30.0	32.23728813559322	18.0	39.5	2.024290428996429	59
k16_158ba0ed	HSat3	G2	54	29.5	31.944444444444443	20.5	39.75	1.9809209729628376	54
k16_158ba0ed	HSat3	G3	70	31.0	31.1	22.25	37.5	1.891465874440025	70
k16_158ba0ed	HSat3	G4	39	26.0	34.743589743589745	13.5	49.5	2.0037517356942813	39
k16_158ba0ed	HSat3	G5	47	10.0	10.382978723404255	7.0	14.0	0.5059913024592807	47
k16_158ba0ed	HSat3	G6	47	10.0	10.957446808510639	6.0	14.5	0.6214641795504477	47
k16_158ba0ed	HSat3	G7	126	9.0	10.079365079365079	5.0	12.0	0.5039981841635525	126
k16_158ba0ed	HSat3	NA	131	18.0	20.72519083969466	7.0	30.5	1.012685795824792	131
k16_1d1f53d4	HSat3	G1	59	10.0	31.93220338983051	3.5	59.0	1.8135515164038483	59
k16_1d1f53d4	HSat3	G2	54	6.0	21.88888888888889	3.0	53.0	0.4409086244857099	54
k16_1d1f53d4	HSat3	G3	70	6.0	26.6	2.25	57.0	0.47448615024450935	70
k16_1d1f53d4	HSat3	G4	39	49.0	34.46153846153846	3.0	60.0	2.6382158951942354	39
k16_1d1f53d4	HSat3	G5	47	25.0	33.61702127659574	6.0	61.0	1.3202432796448482	47
k16_1d1f53d4	HSat3	G6	47	54.0	37.255319148936174	4.5	60.5	2.63804328942702	47
k16_1d1f53d4	HSat3	G7	126	6.0	26.595238095238095	3.0	56.75	0.47896552204635956	126
k16_1d1f53d4	HSat3	NA	131	5.0	21.763358778625953	2.0	52.0	0.3417295573641118	131
k16_1dabe3d4	HSat3	G1	59	40707.0	35749.745762711864	32513.5	47868.5	2261.9025954806675	59
k16_1dabe3d4	HSat3	G2	54	38075.0	35433.12962962963	29338.75	44814.0	2330.882719084767	54
k16_1dabe3d4	HSat3	G3	70	39638.5	35685.62857142857	27770.5	47226.25	2315.7903823968936	70
k16_1dabe3d4	HSat3	G4	39	38225.0	30285.153846153848	4005.0	45127.5	2246.493170545024	39
k16_1dabe3d4	HSat3	G5	47	43061.0	38940.53191489362	35814.5	48957.0	2297.5583813426706	47
k16_1dabe3d4	HSat3	G6	47	36285.0	33105.34042553192	31300.5	40733.0	2276.1301029554425	47
k16_1dabe3d4	HSat3	G7	126	37537.0	34796.73809523809	27546.5	46371.25	2276.2695168593773	126
k16_1dabe3d4	HSat3	NA	131	36669.0	32230.396946564884	3829.0	46720.5	2316.3839802764282	131
k16_238f53da	HSat2	G1	158	6759.0	6342.791139240507	20.0	10951.75	366.9818829818536	158
k16_238f53da	HSat2	G2	42	5324.0	5751.880952380952	16.25	10601.25	348.35285215220824	42
k16_238f53da	HSat2	G3	289	7340.0	6710.782006920415	18.0	11099.0	397.1874320237609	289
k16_238f53da	HSat2	NA	84	3548.0	5164.142857142857	8.0	9621.25	189.19858609204022	84
k16_281a0283	HSat3	G1	59	109.0	105.37288135593221	75.5	132.0	6.429864467250008	59
k16_281a0283	HSat3	G2	54	40.5	38.648148148148145	29.25	52.25	2.3159926807800097	54
k16_281a0283	HSat3	G3	70	33.0	36.75714285714286	25.25	51.75	2.0674103054545774	70
k16_281a0283	HSat3	G4	39	36.0	32.53846153846154	5.5	50.0	2.1110913776470275	39
k16_281a0283	HSat3	G5	47	105.0	93.51063829787235	61.5	126.0	5.797242639302766	47
k16_281a0283	HSat3	G6	47	35.0	35.659574468085104	25.0	47.5	2.2284519835451104	47
k16_281a0283	HSat3	G7	126	34.5	35.198412698412696	19.5	50.0	2.007005293742524	126
k16_281a0283	HSat3	NA	131	36.0	44.50381679389313	11.0	61.5	2.3146658932959445	131
k16_2d0f4f63	HSat2	G1	158	313.0	924.0696202531645	2.0	1201.0	15.226509372555826	158
k16_2d0f4f63	HSat2	G2	42	191.0	620.1904761904761	0.0	650.5	13.472401825650415	42
k16_2d0f4f63	HSat2	G3	289	419.0	1038.674740484429	0.0	1521.0	20.339097679015723	289
k16_2d0f4f63	HSat2	NA	84	89.5	884.797619047619	0.0	1130.0	5.798918123461309	84
k16_2ec3c158	HSat3	G1	59	87.0	74.83050847457628	42.0	98.5	4.735382519895064	59
k16_2ec3c158	HSat3	G2	54	3.0	3.8703703703703702	3.0	3.0	0.19546114897722158	54
k16_2ec3c158	HSat3	G3	70	0.0	0.04285714285714286	0.0	0.0	0.0	70
k16_2ec3c158	HSat3	G4	39	3.0	5.230769230769231	0.0	3.5	0.16245543373624266	39
k16_2ec3c158	HSat3	G5	47	47.0	59.212765957446805	24.0	93.5	3.8867228236574904	47
k16_2ec3c158	HSat3	G6	47	3.0	3.276595744680851	3.0	3.5	0.19254502874087553	47
k16_2ec3c158	HSat3	G7	126	0.0	0.015873015873015872	0.0	0.0	0.0	126
k16_2ec3c158	HSat3	NA	131	0.0	11.641221374045802	0.0	3.0	0.0	131
k16_2f53c4f5	HSat3	G1	59	24.0	23.949152542372882	14.0	35.5	1.373019158691465	59
k16_2f53c4f5	HSat3	G2	54	23.0	23.166666666666668	17.0	31.0	1.3637731957945072	54
k16_2f53c4f5	HSat3	G3	70	22.5	21.12857142857143	11.0	32.0	1.2234176034320678	70
k16_2f53c4f5	HSat3	G4	39	28.0	28.076923076923077	14.0	38.0	2.021920547028512	39
k16_2f53c4f5	HSat3	G5	47	43.0	41.61702127659574	30.5	50.5	2.369623324676309	47
k16_2f53c4f5	HSat3	G6	47	37.0	37.319148936170215	25.5	51.0	2.6119771801176848	47
k16_2f53c4f5	HSat3	G7	126	37.0	36.404761904761905	25.0	46.0	2.4185779997394397	126
k16_2f53c4f5	HSat3	NA	131	26.0	27.6793893129771	16.0	39.0	1.7786278512204836	131
k16_34d83a51	HSat2	G1	158	141.5	150.9493670886076	117.0	168.75	9.456697846406012	158
k16_34d83a51	HSat2	G2	42	34.0	79.21428571428571	28.0	139.25	4.443532100214245	42
k16_34d83a51	HSat2	G3	289	301.0	357.3044982698962	259.0	360.0	18.041386340884383	289
k16_34d83a51	HSat2	NA	84	204.5	205.96428571428572	102.75	266.25	12.946767594007934	84
k16_360e8045	HSat2	G1	158	2641.0	2393.8607594936707	78.5	4002.5	138.99433579040158	158
k16_360e8045	HSat2	G2	42	2419.5	2260.6428571428573	52.5	3596.0	147.33965252420896	42
k16_360e8045	HSat2	G3	289	2889.0	2559.7266435986157	82.0	4174.0	140.84809390690708	289
k16_360e8045	HSat2	NA	84	1811.5	1973.1666666666667	61.25	3645.25	107.29428888658464	84
k16_360e8560	HSat2	G1	158	7019.5	6591.651898734177	82.25	11207.75	383.0854909906342	158
k16_360e8560	HSat2	G2	42	5778.0	5981.261904761905	59.75	10981.75	370.37100604057207	42
k16_360e8560	HSat2	G3	289	7952.0	7081.42214532872	206.0	11602.0	411.6408542175285	289
k16_360e8560	HSat2	NA	84	3859.0	5387.785714285715	76.75	9996.75	202.70893288660392	84
k16_390e83a8	HSat3	G1	59	517.0	502.4406779661017	391.0	651.0	29.299757113892237	59
k16_390e83a8	HSat3	G2	54	472.5	438.51851851851853	319.75	546.0	27.187289065817197	54
k16_390e83a8	HSat3	G3	70	459.5	416.24285714285713	338.75	554.75	25.24877462335825	70
k16_390e83a8	HSat3	G4	39	417.0	354.15384615384613	29.0	520.0	24.639074116663473	39
k16_390e83a8	HSat3	G5	47	532.0	496.48936170212767	457.0	616.5	27.967237759631242	47
k16_390e83a8	HSat3	G6	47	447.0	396.0	338.0	528.0	26.257244284340935	47
k16_390e83a8	HSat3	G7	126	424.5	389.44444444444446	241.75	548.75	24.35688312294748	126
k16_390e83a8	HSat3	NA	131	423.0	375.2748091603053	79.0	550.0	25.703253964459766	131
k16_3a0d0662	HSat3	G1	59	8534.0	7387.71186440678	6690.0	10135.0	462.5602331079257	59
k16_3a0d0662	HSat3	G2	54	8084.0	7547.2037037037035	6248.25	9492.0	497.220009442648	54
k16_3a0d0662	HSat3	G3	70	8604.5	7628.314285714286	5728.0	10543.25	490.7962356318257	70
k16_3a0d0662	HSat3	G4	39	7752.0	6158.48717948718	184.0	9574.5	457.2353692791978	39
k16_3a0d0662	HSat3	G5	47	8813.0	7961.574468085107	6961.5	10378.5	475.0157227171232	47
k16_3a0d0662	HSat3	G6	47	7610.0	6825.63829787234	6217.5	8456.5	472.84785473003944	47
k16_3a0d0662	HSat3	G7	126	7831.0	7209.150793650793	5616.75	9813.75	468.9076412548776	126
k16_3a0d0662	HSat3	NA	131	7847.0	6878.8091603053435	179.5	10098.5	496.9858888001804	131
k16_3a0e80c1	HSat3	G1	59	137.0	125.89830508474576	91.5	169.5	7.796087052505947	59
k16_3a0e80c1	HSat3	G2	54	109.0	109.64814814814815	83.25	143.0	6.31961885843913	54
k16_3a0e80c1	HSat3	G3	70	112.0	105.5	74.25	143.75	6.24969318046837	70
k16_3a0e80c1	HSat3	G4	39	107.0	89.07692307692308	10.5	139.0	5.950576942244647	39
k16_3a0e80c1	HSat3	G5	47	136.0	127.2127659574468	103.5	165.0	6.9450298856802455	47
k16_3a0e80c1	HSat3	G6	47	113.0	104.19148936170212	82.0	136.5	6.719685441924913	47
k16_3a0e80c1	HSat3	G7	126	110.5	101.47619047619048	65.25	142.75	6.282320462293115	126
k16_3a0e80c1	HSat3	NA	131	105.0	95.6030534351145	20.5	141.5	6.513144450664004	131
k16_3d4f91da	HSat3	G1	59	11625.0	10068.406779661016	9049.5	13866.5	632.8813524207477	59
k16_3d4f91da	HSat3	G2	54	11065.5	10118.814814814816	8424.75	12458.75	664.1216731596357	54
k16_3d4f91da	HSat3	G3	70	11445.5	10171.457142857143	7670.5	13866.75	656.2751141326789	70
k16_3d4f91da	HSat3	G4	39	10978.0	8545.435897435897	584.0	13167.5	637.748575772235	39
k16_3d4f91da	HSat3	G5	47	12389.0	10989.978723404256	9828.5	14027.0	644.5429756728546	47
k16_3d4f91da	HSat3	G6	47	10331.0	9411.595744680852	8941.0	11516.0	651.5362654771503	47
k16_3d4f91da	HSat3	G7	126	10707.5	9875.20634920635	7890.75	13244.75	647.2131735637308	126
k16_3d4f91da	HSat3	NA	131	10529.0	9299.12213740458	549.0	13511.0	666.4118772490918	131
k16_3dab53d8	HSat2	G1	158	7041.0	6607.987341772152	84.0	11283.0	384.841705493253	158
k16_3dab53d8	HSat2	G2	42	5792.5	6000.238095238095	61.75	11016.5	371.1176197681335	42
k16_3dab53d8	HSat2	G3	289	7956.0	7089.847750865052	203.0	11619.0	411.5538304336245	289
k16_3dab53d8	HSat2	NA	84	3884.0	5397.416666666667	75.75	10016.5	203.30831416402242	84
k16_3dbf535a	HSat2	G1	158	141.5	162.70253164556962	114.0	191.75	9.727412634786678	158
k16_3dbf535a	HSat2	G2	42	76.0	69.26190476190476	20.25	100.75	3.5889159871892184	42
k16_3dbf535a	HSat2	G3	289	424.0	492.9896193771626	367.0	518.0	26.77475386375915	289
k16_3dbf535a	HSat2	NA	84	252.0	267.45238095238096	101.25	394.5	15.548874852363959	84
k16_3e476af8	HSat3	G1	59	14461.0	12543.762711864407	11210.0	17240.0	796.5451441117468	59
k16_3e476af8	HSat3	G2	54	13736.5	12611.166666666666	10410.0	15829.5	829.9733532061496	54
k16_3e476af8	HSat3	G3	70	14060.5	12597.2	9565.5	17077.5	821.4335369743569	70
k16_3e476af8	HSat3	G4	39	13681.0	10603.076923076924	575.5	16289.0	801.8528394914389	39
k16_3e476af8	HSat3	G5	47	15257.0	13662.851063829787	12268.0	17434.0	808.8300956272936	47
k16_3e476af8	HSat3	G6	47	12928.0	11673.468085106382	11092.5	14477.5	804.2873190554836	47
k16_3e476af8	HSat3	G7	126	13248.5	12200.103174603175	9273.25	16601.0	804.2913950762563	126
k16_3e476af8	HSat3	NA	131	13107.0	11506.458015267175	547.0	16746.0	832.2626909899266	131
k16_4118ba0e	HSat3	G1	59	7053.0	6113.728813559322	5646.5	7949.0	382.8219107558218	59
k16_4118ba0e	HSat3	G2	54	6319.0	5831.259259259259	4945.5	7207.5	379.4424771314548	54
k16_4118ba0e	HSat3	G3	70	6809.0	6076.285714285715	4690.25	7946.5	385.0012768092364	70
k16_4118ba0e	HSat3	G4	39	6298.0	5081.384615384615	961.0	7438.5	370.6305979368248	39
k16_4118ba0e	HSat3	G5	47	7152.0	6527.404255319149	6004.0	8159.0	381.62988456595536	47
k16_4118ba0e	HSat3	G6	47	5948.0	5415.36170212766	5031.0	6631.5	368.4647870564066	47
k16_4118ba0e	HSat3	G7	126	6304.0	5840.976190476191	4638.25	7711.0	382.7809203618451	126
k16_4118ba0e	HSat3	NA	131	5900.0	5338.4503816793895	849.5	7734.0	385.9993336389204	131
k16_411b0a0e	HSat3	G1	59	0.0	56.20338983050848	0.0	113.5	0.0	59
k16_411b0a0e	HSat3	G2	54	0.0	35.22222222222222	0.0	98.75	0.0	54
k16_411b0a0e	HSat3	G3	70	0.0	46.05714285714286	0.0	105.75	0.0	70
k16_411b0a0e	HSat3	G4	39	79.0	61.51282051282051	0.0	121.0	4.871258776517346	39
k16_411b0a0e	HSat3	G5	47	40.0	56.38297872340426	0.0	115.0	2.112389247431757	47
k16_411b0a0e	HSat3	G6	47	94.0	65.06382978723404	0.0	109.0	4.516203073993471	47
k16_411b0a0e	HSat3	G7	126	0.0	44.888888888888886	0.0	102.75	0.0	126
k16_411b0a0e	HSat3	NA	131	0.0	36.83206106870229	0.0	97.0	0.0	131
k16_43143e38	HSat2	G1	158	4458.5	3899.5949367088606	87.5	6577.0	242.18921767197054	158
k16_43143e38	HSat2	G2	42	3670.5	3569.095238095238	34.25	6070.75	234.71067030141603	42
k16_43143e38	HSat2	G3	289	4866.0	4042.6435986159167	32.0	6606.0	245.77843685719824	289
k16_43143e38	HSat2	NA	84	2652.5	3116.8690476190477	31.75	6014.0	149.367087842827	84
k16_43a0e814	HSat3	G1	59	382.0	371.64406779661016	288.0	435.5	22.03808832451662	59
k16_43a0e814	HSat3	G2	54	135.5	128.7962962962963	107.25	155.25	8.398186954818181	54
k16_43a0e814	HSat3	G3	70	143.0	133.0142857142857	109.25	160.5	8.22990050615438	70
k16_43a0e814	HSat3	G4	39	129.0	123.1025641025641	78.0	149.5	8.903679156643511	39
k16_43a0e814	HSat3	G5	47	297.0	326.6170212765957	244.0	391.0	17.685847117525107	47
k16_43a0e814	HSat3	G6	47	125.0	120.74468085106383	109.0	148.0	8.080079591092566	47
k16_43a0e814	HSat3	G7	126	134.5	132.0079365079365	109.25	161.0	8.44574830887191	126
k16_43a0e814	HSat3	NA	131	117.0	141.86259541984734	62.0	159.5	7.601140394025888	131
k16_476afbf4	HSat3	G1	59	12.0	78.2542372881356	4.0	148.0	1.3744887331440432	59
k16_476afbf4	HSat3	G2	54	9.0	58.592592592592595	5.0	158.5	0.5963573587039791	54
k16_476afbf4	HSat3	G3	70	7.0	68.61428571428571	4.0	161.75	0.45790490821568297	70
k16_476afbf4	HSat3	G4	39	135.0	86.53846153846153	3.0	162.0	6.328083831176739	39
k16_476afbf4	HSat3	G5	47	82.0	82.70212765957447	3.0	163.0	4.594446613164072	47
k16_476afbf4	HSat3	G6	47	145.0	98.19148936170212	5.5	163.0	6.923330409649864	47
k16_476afbf4	HSat3	G7	126	9.0	69.98412698412699	4.25	166.0	0.6273993382208922	126
k16_476afbf4	HSat3	NA	131	7.0	56.94656488549618	3.0	153.5	0.5737932554045587	131
k16_4d01a0d0	HSat2	G1	158	1433.5	1459.487341772152	354.25	2223.5	87.31949544238097	158
k16_4d01a0d0	HSat2	G2	42	1378.0	1250.6904761904761	88.5	1930.75	82.88508162555652	42
k16_4d01a0d0	HSat2	G3	289	2061.0	2048.910034602076	941.0	2644.0	112.97429604706556	289
k16_4d01a0d0	HSat2	NA	84	1204.5	1370.0714285714287	360.25	2221.25	85.9464273702979	84
k16_4d83a118	HSat2	G1	158	1982.5	1841.2784810126582	1361.0	2284.0	112.15717991476372	158
k16_4d83a118	HSat2	G2	42	1815.0	1616.8333333333333	932.75	2166.25	109.17055789494191	42
k16_4d83a118	HSat2	G3	289	2374.0	2300.6851211072662	1819.0	2783.0	124.81217484160257	289
k16_4d83a118	HSat2	NA	84	1925.5	1933.654761904762	1233.75	2500.5	154.82883787415966	84
k16_4f5be4f5	HSat3	G1	59	3093.0	2714.8474576271187	2454.5	3628.0	171.26348932918455	59
k16_4f5be4f5	HSat3	G2	54	2905.0	2726.314814814815	2220.5	3447.5	176.24969908878003	54
k16_4f5be4f5	HSat3	G3	70	3101.0	2788.0857142857144	2163.5	3689.25	177.8095815846662	70
k16_4f5be4f5	HSat3	G4	39	2778.0	2252.5641025641025	274.0	3471.5	166.56768354546628	39
k16_4f5be4f5	HSat3	G5	47	3211.0	2909.063829787234	2667.0	3639.0	169.45860883439903	47
k16_4f5be4f5	HSat3	G6	47	2697.0	2481.531914893617	2265.5	3060.5	169.07856141973548	47
k16_4f5be4f5	HSat3	G7	126	2831.5	2638.753968253968	2079.25	3586.25	172.34376610622377	126
k16_4f5be4f5	HSat3	NA	131	2853.0	2460.0763358778627	297.0	3555.5	178.75690892800827	131
k16_4f62d4e8	HSat2	G1	158	7164.0	6420.335443037975	188.5	10799.5	390.6449752884152	158
k16_4f62d4e8	HSat2	G2	42	5638.5	5707.785714285715	43.0	9790.75	360.98808312793915	42
k16_4f62d4e8	HSat2	G3	289	8027.0	7090.3806228373705	520.0	11502.0	414.4980903444331	289
k16_4f62d4e8	HSat2	NA	84	3916.0	5395.321428571428	215.5	9642.0	278.9271528253238	84
k16_4f6fd4d6	HSat2	G1	158	4379.0	3814.740506329114	153.25	6427.0	235.5141565677606	158
k16_4f6fd4d6	HSat2	G2	42	3600.0	3388.7380952380954	36.25	5683.75	229.0650192672291	42
k16_4f6fd4d6	HSat2	G3	289	5173.0	4339.747404844291	474.0	6824.0	261.6526724699354	289
k16_4f6fd4d6	HSat2	NA	84	2540.5	3254.7738095238096	165.5	6042.25	201.80099454929723	84
k16_51d8e3d4	HSat2	G1	158	5860.5	5429.765822784811	1675.0	8192.0	335.45261231323326	158
k16_51d8e3d4	HSat2	G2	42	4560.5	4830.833333333333	1455.0	7773.5	318.3633673370242	42
k16_51d8e3d4	HSat2	G3	289	6569.0	5955.570934256056	2047.0	8923.0	354.0397847865111	289
k16_51d8e3d4	HSat2	NA	84	4254.0	4723.011904761905	1547.5	7812.25	310.8041207015138	84
k16_51da7e3d	HSat3	G1	59	191.0	186.83050847457628	145.0	226.0	11.569400474743622	59
k16_51da7e3d	HSat3	G2	54	67.0	77.77777777777777	58.0	105.5	4.194648168733004	54
k16_51da7e3d	HSat3	G3	70	87.0	93.7	62.25	127.5	5.094014828634491	70
k16_51da7e3d	HSat3	G4	39	86.0	84.6923076923077	51.5	122.5	6.130897455646	39
k16_51da7e3d	HSat3	G5	47	179.0	165.14893617021278	120.5	206.0	9.828383517820695	47
k16_51da7e3d	HSat3	G6	47	94.0	86.46808510638297	50.0	123.5	5.888774596481683	47
k16_51da7e3d	HSat3	G7	126	72.0	84.57936507936508	56.25	120.75	4.546718892186082	126
k16_51da7e3d	HSat3	NA	131	72.0	81.70992366412214	47.0	114.0	4.493299367318487	131
k16_51dabc3c	HSat3	G1	59	86.0	74.40677966101696	42.5	98.0	4.773568028245266	59
k16_51dabc3c	HSat3	G2	54	3.0	3.8703703703703702	3.0	3.0	0.19546114897722158	54
k16_51dabc3c	HSat3	G3	70	0.0	0.04285714285714286	0.0	0.0	0.0	70
k16_51dabc3c	HSat3	G4	39	3.0	5.17948717948718	0.0	3.5	0.16245543373624266	39
k16_51dabc3c	HSat3	G5	47	49.0	59.40425531914894	24.0	92.5	3.8223953896593486	47
k16_51dabc3c	HSat3	G6	47	3.0	3.2127659574468086	3.0	3.0	0.19158550093701274	47
k16_51dabc3c	HSat3	G7	126	0.0	0.015873015873015872	0.0	0.0	0.0	126
k16_51dabc3c	HSat3	NA	131	0.0	11.664122137404581	0.0	3.0	0.0	131
k16_53d43eac	HSat3	G1	59	39.0	39.016949152542374	29.5	47.0	2.3665061288071536	59
k16_53d43eac	HSat3	G2	54	36.0	36.74074074074074	31.0	48.0	2.2100407320280127	54
k16_53d43eac	HSat3	G3	70	39.0	38.114285714285714	31.25	49.0	2.323140599694206	70
k16_53d43eac	HSat3	G4	39	39.0	38.76923076923077	32.0	46.5	2.3705025566166387	39
k16_53d43eac	HSat3	G5	47	40.0	36.319148936170215	25.5	45.0	1.991945447124464	47
k16_53d43eac	HSat3	G6	47	40.0	40.93617021276596	34.0	50.5	2.423710300246746	47
k16_53d43eac	HSat3	G7	126	37.0	39.023809523809526	33.0	48.0	2.264739523520273	126
k16_53d43eac	HSat3	NA	131	37.0	37.38931297709924	30.0	48.0	2.438666520888601	131
k16_562e83b4	HSat3	G1	59	30.0	32.25423728813559	18.0	39.5	2.024290428996429	59
k16_562e83b4	HSat3	G2	54	30.0	32.01851851851852	20.5	39.75	2.0065191957499047	54
k16_562e83b4	HSat3	G3	70	31.5	31.242857142857144	22.25	38.0	1.8970346332412324	70
k16_562e83b4	HSat3	G4	39	26.0	34.743589743589745	13.5	49.5	2.0037517356942813	39
k16_562e83b4	HSat3	G5	47	10.0	10.382978723404255	7.0	14.0	0.5059913024592807	47
k16_562e83b4	HSat3	G6	47	10.0	10.957446808510639	6.0	14.5	0.6214641795504477	47
k16_562e83b4	HSat3	G7	126	9.0	10.087301587301587	5.0	12.0	0.5039981841635525	126
k16_562e83b4	HSat3	NA	131	18.0	20.740458015267176	7.0	30.5	1.012685795824792	131
k16_583a0d74	HSat2	G1	158	4319.5	3799.740506329114	169.75	6334.75	234.62211046646877	158
k16_583a0d74	HSat2	G2	42	3405.0	3317.3571428571427	39.75	5774.0	210.40115547631183	42
k16_583a0d74	HSat2	G3	289	5059.0	4209.141868512111	419.0	6603.0	248.003972435599	289
k16_583a0d74	HSat2	NA	84	2349.0	3180.8214285714284	191.75	5790.25	187.51641243455742	84
k16_60e83458	HSat2	G1	158	4694.0	4168.215189873417	362.5	6856.75	268.0695566822712	158
k16_60e83458	HSat2	G2	42	3768.0	3629.309523809524	100.5	6421.75	234.15488698367778	42
k16_60e83458	HSat2	G3	289	5834.0	5009.948096885813	1012.0	7665.0	299.85766036819416	289
k16_60e83458	HSat2	NA	84	2729.0	3633.3690476190477	336.75	6662.75	247.17338692422263	84
k16_60e836d1	HSat2	G1	158	100.0	121.72784810126582	82.25	137.25	6.976543930378737	158
k16_60e836d1	HSat2	G2	42	6.0	12.69047619047619	3.0	20.75	0.6096715801264719	42
k16_60e836d1	HSat2	G3	289	411.0	471.0415224913495	356.0	491.0	24.97750198009811	289
k16_60e836d1	HSat2	NA	84	246.0	245.71428571428572	66.75	381.0	15.147157442684337	84
k16_6214f638	HSat2	G1	158	12513.0	11312.993670886075	535.0	19142.75	673.5811282133511	158
k16_6214f638	HSat2	G2	42	10595.0	10267.809523809523	114.25	18479.5	643.6294168385438	42
k16_6214f638	HSat2	G3	289	14728.0	12812.820069204152	1418.0	20203.0	748.2427477244578	289
k16_6214f638	HSat2	NA	84	7125.5	9495.809523809523	517.75	17802.0	583.0670526570522	84
k16_62e83a02	HSat3	G1	59	3705.0	3262.0508474576272	2952.5	4242.0	201.73049394042758	59
k16_62e83a02	HSat3	G2	54	3458.5	3209.222222222222	2772.25	3994.0	208.93471340234174	54
k16_62e83a02	HSat3	G3	70	3629.0	3291.5714285714284	2568.25	4338.0	209.07745487590302	70
k16_62e83a02	HSat3	G4	39	3769.0	3012.6923076923076	979.5	4199.0	214.42643773267943	39
k16_62e83a02	HSat3	G5	47	4051.0	3700.3829787234044	3519.0	4462.5	214.4516262789212	47
k16_62e83a02	HSat3	G6	47	3541.0	3228.4893617021276	3102.0	3839.0	220.00990044552006	47
k16_62e83a02	HSat3	G7	126	3661.0	3399.5079365079364	2758.25	4319.25	219.4523785966221	126
k16_62e83a02	HSat3	NA	131	3423.0	3012.5190839694656	829.0	4269.5	220.26870190235596	131
k16_62e83f06	HSat3	G1	59	0.0	45.28813559322034	0.0	90.0	0.0	59
k16_62e83f06	HSat3	G2	54	0.0	31.203703703703702	0.0	92.5	0.0	54
k16_62e83f06	HSat3	G3	70	0.0	38.92857142857143	0.0	91.75	0.0	70
k16_62e83f06	HSat3	G4	39	77.0	50.53846153846154	0.0	98.5	3.9152173343971195	39
k16_62e83f06	HSat3	G5	47	40.0	47.5531914893617	0.0	95.0	2.112389247431757	47
k16_62e83f06	HSat3	G6	47	82.0	55.8936170212766	0.0	94.0	4.114321770250845	47
k16_62e83f06	HSat3	G7	126	0.0	38.82539682539682	0.0	93.0	0.0	126
k16_62e83f06	HSat3	NA	131	0.0	31.671755725190838	0.0	90.5	0.0	131
k16_63d47638	HSat2	G1	158	5555.0	5177.5	1796.25	7756.5	316.7968981551578	158
k16_63d47638	HSat2	G2	42	4105.5	4568.714285714285	1576.0	7294.0	298.219942267414	42
k16_63d47638	HSat2	G3	289	6222.0	5679.955017301038	2152.0	8447.0	335.03002527967396	289
k16_63d47638	HSat2	NA	84	4058.0	4543.702380952381	1685.0	7215.75	289.2794597280021	84
k16_63e4f600	HSat2	G1	158	34.0	42.848101265822784	22.0	53.75	2.2078871952185946	158
k16_63e4f600	HSat2	G2	42	6.5	11.69047619047619	2.0	14.5	0.4823991254852962	42
k16_63e4f600	HSat2	G3	289	9.0	15.349480968858131	0.0	19.0	0.4643270909887113	289
k16_63e4f600	HSat2	NA	84	11.0	17.892857142857142	0.0	24.25	0.5225721537187702	84
k16_66fbf53d	HSat3	G1	59	128.0	125.59322033898304	88.0	160.5	7.828931993456415	59
k16_66fbf53d	HSat3	G2	54	59.5	56.75925925925926	42.25	77.75	3.6125813394710073	54
k16_66fbf53d	HSat3	G3	70	61.5	55.32857142857143	41.0	75.0	3.329203493373254	70
k16_66fbf53d	HSat3	G4	39	61.0	51.35897435897436	7.5	76.0	3.5020799515387857	39
k16_66fbf53d	HSat3	G5	47	113.0	112.76595744680851	79.5	147.5	6.649416035496424	47
k16_66fbf53d	HSat3	G6	47	55.0	50.48936170212766	44.5	62.5	3.3598427209624564	47
k16_66fbf53d	HSat3	G7	126	59.0	54.63492063492063	39.5	76.25	3.515812968017557	126
k16_66fbf53d	HSat3	NA	131	62.0	62.02290076335878	17.0	85.0	3.898880907066084	131
k16_6834d350	HSat2	G1	158	171.0	192.22151898734177	142.25	218.25	11.360052241033014	158
k16_6834d350	HSat2	G2	42	72.5	127.23809523809524	41.25	218.5	6.448188779542091	42
k16_6834d350	HSat2	G3	289	469.0	537.8892733564014	415.0	559.0	29.484357323218752	289
k16_6834d350	HSat2	NA	84	291.5	303.4047619047619	128.0	430.25	19.258139747391226	84
k16_69f8f53d	HSat3	G1	59	260.0	250.38983050847457	188.0	313.5	15.462657452932097	59
k16_69f8f53d	HSat3	G2	54	149.5	140.53703703703704	129.0	173.5	9.105632905838304	54
k16_69f8f53d	HSat3	G3	70	157.0	138.52857142857144	114.75	172.25	9.059535218885966	70
k16_69f8f53d	HSat3	G4	39	147.0	131.46153846153845	41.0	183.0	8.723199173738573	39
k16_69f8f53d	HSat3	G5	47	231.0	219.7872340425532	157.5	289.0	13.519291183563245	47
k16_69f8f53d	HSat3	G6	47	138.0	125.38297872340425	107.5	160.5	8.645442275399038	47
k16_69f8f53d	HSat3	G7	126	147.0	132.4920634920635	105.25	169.0	8.505445213615296	126
k16_69f8f53d	HSat3	NA	131	141.0	133.68702290076337	67.0	171.0	8.708336054688349	131
k16_6c53d4f5	HSat3	G1	59	6147.0	5215.322033898305	4574.5	6987.0	326.6547318765689	59
k16_6c53d4f5	HSat3	G2	54	5589.5	5275.12962962963	4350.5	6793.0	340.3031008062676	54
k16_6c53d4f5	HSat3	G3	70	5885.5	5177.542857142857	4216.25	6907.0	336.638429234191	70
k16_6c53d4f5	HSat3	G4	39	5778.0	4565.948717948718	620.0	6984.5	335.81306638828056	39
k16_6c53d4f5	HSat3	G5	47	6383.0	5746.382978723404	5333.0	7083.0	334.4422561011349	47
k16_6c53d4f5	HSat3	G6	47	5400.0	5025.212765957447	4836.0	6175.5	344.6833133936093	47
k16_6c53d4f5	HSat3	G7	126	5639.5	5140.253968253968	3709.75	6887.0	336.0574517912415	126
k16_6c53d4f5	HSat3	NA	131	5547.0	4752.114503816794	566.5	6924.0	345.11426290527635	131
k16_6f12d4f5	HSat3	G1	59	26.0	27.11864406779661	24.0	30.5	1.538977141335754	59
k16_6f12d4f5	HSat3	G2	54	23.0	24.5	21.0	28.0	1.529858528555979	54
k16_6f12d4f5	HSat3	G3	70	24.0	24.47142857142857	21.0	27.0	1.3252336118565187	70
k16_6f12d4f5	HSat3	G4	39	24.0	25.923076923076923	22.0	28.0	1.6844798404460695	39
k16_6f12d4f5	HSat3	G5	47	26.0	25.5531914893617	23.5	29.0	1.4518157392796112	47
k16_6f12d4f5	HSat3	G6	47	24.0	25.23404255319149	21.0	29.0	1.483570802067828	47
k16_6f12d4f5	HSat3	G7	126	24.0	24.428571428571427	21.0	28.0	1.4860496002699106	126
k16_6f12d4f5	HSat3	NA	131	24.0	23.290076335877863	21.0	27.0	1.5347973253420661	131
k16_75ee83a0	HSat3	G1	59	33.0	35.644067796610166	25.0	42.5	2.308465712003631	59
k16_75ee83a0	HSat3	G2	54	44.0	42.24074074074074	32.0	53.75	2.883205398212369	54
k16_75ee83a0	HSat3	G3	70	44.5	44.114285714285714	31.0	55.75	2.878106677483253	70
k16_75ee83a0	HSat3	G4	39	28.0	36.61538461538461	18.5	48.0	1.6515209416689292	39
k16_75ee83a0	HSat3	G5	47	18.0	16.659574468085108	17.0	20.0	0.9554584385133831	47
k16_75ee83a0	HSat3	G6	47	18.0	15.74468085106383	16.5	19.0	1.049715811543305	47
k16_75ee83a0	HSat3	G7	126	18.0	16.3015873015873	17.0	20.0	1.0146956950983372	126
k16_75ee83a0	HSat3	NA	131	20.0	28.061068702290076	17.0	37.0	1.461157893598677	131
k16_7c6efbf4	HSat3	G1	59	0.0	61.13559322033898	0.0	119.5	0.0	59
k16_7c6efbf4	HSat3	G2	54	0.0	39.370370370370374	0.0	112.0	0.0	54
k16_7c6efbf4	HSat3	G3	70	0.0	50.98571428571429	0.0	117.75	0.0	70
k16_7c6efbf4	HSat3	G4	39	93.0	66.94871794871794	0.0	127.5	5.326516606098407	39
k16_7c6efbf4	HSat3	G5	47	45.0	62.212765957446805	0.0	124.5	2.376437903360727	47
k16_7c6efbf4	HSat3	G6	47	107.0	72.44680851063829	0.0	120.5	4.989709380942514	47
k16_7c6efbf4	HSat3	G7	126	0.0	49.80952380952381	0.0	116.0	0.0	126
k16_7c6efbf4	HSat3	NA	131	0.0	40.80152671755725	0.0	112.0	0.0	131
k16_80a0d3cd	HSat2	G1	158	93.0	88.82278481012658	59.5	114.75	5.587860400892885	158
k16_80a0d3cd	HSat2	G2	42	103.5	101.30952380952381	65.75	146.0	8.29670859176071	42
k16_80a0d3cd	HSat2	G3	289	99.0	91.96193771626298	63.0	122.0	5.2656726646388545	289
k16_80a0d3cd	HSat2	NA	84	85.0	84.53571428571429	51.5	116.25	6.019101048259101	84
k16_8320d364	HSat2	G1	158	1097.5	1015.1835443037975	668.25	1345.75	60.11989432568741	158
k16_8320d364	HSat2	G2	42	1079.5	925.6666666666666	389.75	1297.25	60.63618302539625	42
k16_8320d364	HSat2	G3	289	1060.0	998.0346020761245	708.0	1338.0	54.5035584443422	289
k16_8320d364	HSat2	NA	84	1041.0	988.5238095238095	559.25	1403.75	65.71465008646038	84
k16_83415831	HSat3	G1	59	64.0	59.389830508474574	44.5	84.0	3.597147185578207	59
k16_83415831	HSat3	G2	54	69.0	65.75925925925925	56.0	89.75	4.185683123106845	54
k16_83415831	HSat3	G3	70	71.0	64.64285714285714	42.25	95.5	3.9756382622951207	70
k16_83415831	HSat3	G4	39	63.0	54.51282051282051	1.5	87.5	3.7159221187550906	39
k16_83415831	HSat3	G5	47	86.0	79.51063829787235	70.5	102.5	4.473817278706455	47
k16_83415831	HSat3	G6	47	81.0	77.14893617021276	68.5	98.0	5.170129947625865	47
k16_83415831	HSat3	G7	126	77.5	76.42857142857143	52.25	101.0	4.836281412808448	126
k16_83415831	HSat3	NA	131	64.0	60.900763358778626	18.5	90.5	4.20053636460756	131
k16_8b53d0e1	HSat2	G1	158	992.0	916.0759493670886	597.25	1198.25	54.403210352050976	158
k16_8b53d0e1	HSat2	G2	42	1004.0	846.1428571428571	386.0	1143.0	55.18442387580957	42
k16_8b53d0e1	HSat2	G3	289	970.0	910.1868512110726	657.0	1207.0	48.84521827833108	289
k16_8b53d0e1	HSat2	NA	84	914.0	884.6428571428571	543.75	1211.5	57.96474830695655	84
k16_8ba0e809	HSat3	G1	59	192.0	177.64406779661016	113.5	222.5	10.91527674144844	59
k16_8ba0e809	HSat3	G2	54	47.5	46.407407407407405	39.25	54.75	3.069928908079969	54
k16_8ba0e809	HSat3	G3	70	48.5	49.55714285714286	38.25	59.75	3.0859232069022933	70
k16_8ba0e809	HSat3	G4	39	51.0	49.794871794871796	32.0	63.5	3.8159908484059475	39
k16_8ba0e809	HSat3	G5	47	127.0	155.14893617021278	92.5	218.0	9.680631802072046	47
k16_8ba0e809	HSat3	G6	47	46.0	44.04255319148936	33.5	52.0	2.9390327055559475	47
k16_8ba0e809	HSat3	G7	126	50.0	48.857142857142854	36.5	60.75	3.1218371376130585	126
k16_8ba0e809	HSat3	NA	131	45.0	60.51145038167939	28.0	59.0	3.12034678286006	131
k16_8f53d4f9	HSat3	G1	59	31388.0	27636.610169491527	24875.0	37781.5	1754.3701150645452	59
k16_8f53d4f9	HSat3	G2	54	30119.0	28073.25925925926	23231.0	35548.25	1833.4457432397999	54
k16_8f53d4f9	HSat3	G3	70	31769.0	28164.47142857143	21337.25	38614.0	1823.8610593440706	70
k16_8f53d4f9	HSat3	G4	39	28596.0	23005.51282051282	619.5	36360.5	1714.4874414200638	39
k16_8f53d4f9	HSat3	G5	47	33739.0	29880.55319148936	26538.5	38348.5	1758.5179621824639	47
k16_8f53d4f9	HSat3	G6	47	28384.0	25511.255319148935	23770.5	31515.0	1741.5531079136952	47
k16_8f53d4f9	HSat3	G7	126	29044.5	26754.007936507936	20610.75	37002.25	1765.141441233361	126
k16_8f53d4f9	HSat3	NA	131	28833.0	25353.847328244276	527.0	36593.5	1831.3757488490041	131
k16_90ec3acc	HSat3	G1	59	38.0	37.52542372881356	30.0	45.0	2.157168375674324	59
k16_90ec3acc	HSat3	G2	54	35.0	37.48148148148148	30.0	45.75	2.3751735268835907	54
k16_90ec3acc	HSat3	G3	70	32.5	34.357142857142854	28.25	38.75	1.8432352933740301	70
k16_90ec3acc	HSat3	G4	39	34.0	35.82051282051282	29.0	42.0	2.2360037228034746	39
k16_90ec3acc	HSat3	G5	47	35.0	35.0	29.0	41.0	1.8413767482913175	47
k16_90ec3acc	HSat3	G6	47	37.0	37.91489361702128	30.5	43.5	2.1745305232678587	47
k16_90ec3acc	HSat3	G7	126	34.0	36.8968253968254	30.0	45.0	2.2584353722930905	126
k16_90ec3acc	HSat3	NA	131	34.0	32.908396946564885	28.0	42.5	2.187639789612858	131
k16_93d803d4	HSat2	G1	158	35.0	42.892405063291136	22.0	53.0	2.1750029783689735	158
k16_93d803d4	HSat2	G2	42	6.5	12.119047619047619	2.0	14.75	0.5072880186131852	42
k16_93d803d4	HSat2	G3	289	8.0	15.384083044982699	0.0	19.0	0.4372040060565871	289
k16_93d803d4	HSat2	NA	84	10.5	18.035714285714285	0.0	24.25	0.485683229049552	84
k16_a0d0562c	HSat3	G1	59	8437.0	7348.576271186441	6539.5	9927.5	465.70957461998825	59
k16_a0d0562c	HSat3	G2	54	8144.0	7459.537037037037	6098.25	9323.0	490.929488946951	54
k16_a0d0562c	HSat3	G3	70	8504.0	7513.914285714286	5656.75	10354.75	487.33045801540754	70
k16_a0d0562c	HSat3	G4	39	7675.0	6156.333333333333	178.0	9670.5	452.6936866896083	39
k16_a0d0562c	HSat3	G5	47	9117.0	7994.31914893617	7138.5	10118.5	474.3581323866885	47
k16_a0d0562c	HSat3	G6	47	7465.0	6802.531914893617	6339.5	8360.0	466.4538166638274	47
k16_a0d0562c	HSat3	G7	126	7833.5	7152.341269841269	5569.75	9681.25	470.91668866060706	126
k16_a0d0562c	HSat3	NA	131	7670.0	6782.412213740458	183.5	9757.5	489.3509880827822	131
k16_a0d364c8	HSat2	G1	158	8940.0	7922.879746835443	407.25	13511.0	483.00369213848853	158
k16_a0d364c8	HSat2	G2	42	7130.0	7010.738095238095	74.0	12293.0	453.76565277713337	42
k16_a0d364c8	HSat2	G3	289	10209.0	8901.785467128027	1010.0	14119.0	522.6458041753604	289
k16_a0d364c8	HSat2	NA	84	5002.5	6663.202380952381	416.75	12143.0	409.19897532916025	84
k16_a0e834c5	HSat3	G1	59	21.0	43.152542372881356	9.5	65.5	1.5584358914019534	59
k16_a0e834c5	HSat3	G2	54	47.0	49.7037037037037	12.5	75.25	2.730838739396209	54
k16_a0e834c5	HSat3	G3	70	33.0	39.3	9.0	65.25	1.9031565676738489	70
k16_a0e834c5	HSat3	G4	39	26.0	35.205128205128204	9.0	59.5	2.0743354710743254	39
k16_a0e834c5	HSat3	G5	47	46.0	52.04255319148936	23.5	77.0	2.955019732578826	47
k16_a0e834c5	HSat3	G6	47	54.0	62.276595744680854	32.5	89.0	4.040747798746515	47
k16_a0e834c5	HSat3	G7	126	48.0	55.095238095238095	23.0	75.5	3.3723332498421916	126
k16_a0e834c5	HSat3	NA	131	27.0	38.85496183206107	10.0	55.0	2.0564557658935327	131
k16_b60e8760	HSat2	G1	158	1305.5	1182.0316455696202	819.25	1521.5	70.56669790152617	158
k16_b60e8760	HSat2	G2	42	1268.0	1084.3333333333333	509.75	1471.25	72.4727156843015	42
k16_b60e8760	HSat2	G3	289	1207.0	1135.1107266435986	828.0	1516.0	61.40153598092171	289
k16_b60e8760	HSat2	NA	84	1149.5	1120.5357142857142	727.25	1563.0	74.61825299167174	84
k16_c1fd4350	HSat3	G1	59	81.0	72.67796610169492	42.0	95.0	4.543077914595893	59
k16_c1fd4350	HSat3	G2	54	3.0	4.037037037037037	3.0	3.0	0.19546114897722158	54
k16_c1fd4350	HSat3	G3	70	0.0	0.02857142857142857	0.0	0.0	0.0	70
k16_c1fd4350	HSat3	G4	39	3.0	5.384615384615385	0.0	3.5	0.16245543373624266	39
k16_c1fd4350	HSat3	G5	47	49.0	57.02127659574468	23.5	88.0	3.697752061735674	47
k16_c1fd4350	HSat3	G6	47	3.0	3.127659574468085	3.0	3.0	0.19158550093701274	47
k16_c1fd4350	HSat3	G7	126	0.0	0.007936507936507936	0.0	0.0	0.0	126
k16_c1fd4350	HSat3	NA	131	0.0	11.091603053435115	0.0	3.0	0.0	131
k16_d34583a0	HSat2	G1	158	172.0	223.10759493670886	108.25	316.75	12.595522802409265	158
k16_d34583a0	HSat2	G2	42	125.5	197.54761904761904	84.25	308.75	11.347207315719194	42
k16_d34583a0	HSat2	G3	289	137.0	202.09342560553634	91.0	266.0	9.630556686303787	289
k16_d34583a0	HSat2	NA	84	114.5	166.92857142857142	74.75	210.0	9.84200374942656	84
