row_from_top	hap
1	HG00096_hap1
2	HG00096_hap2
3	HG00097_hap1
4	HG00097_hap2
5	HG00099_hap1
6	HG00099_hap2
7	HG00126_hap2
8	HG00128_hap1
9	HG00128_hap2
10	HG00133_hap1
11	HG00133_hap2
12	HG00140_hap1
13	HG00140_hap2
14	HG00146_hap1
15	HG00146_hap2
16	HG00171_hap1
17	HG00171_hap2
18	HG00232_hap1
19	HG00232_hap2
20	HG00235_hap1
21	HG00235_hap2
22	HG00253_hap1
23	HG00253_hap2
24	HG00268_hap1
25	HG00268_hap2
26	HG00272_hap1
27	HG00280_hap1
28	HG00280_hap2
29	HG00290_hap1
30	HG00290_hap2
31	hg002v1.1_hap1
32	hg002v1.1_hap2
33	HG00320_hap1
34	HG00320_hap2
35	HG00321_hap1
36	HG00321_hap2
37	HG00323_hap1
38	HG00323_hap2
39	HG00329_hap1
40	HG00329_hap2
41	HG00344_hap1
42	HG00344_hap2
43	HG00350_hap1
44	HG00350_hap2
45	HG00358_hap1
46	HG00358_hap2
47	HG00408_hap1
48	HG00408_hap2
49	HG00423_hap1
50	HG00423_hap2
51	HG00438_hap1
52	HG00438_hap2
53	HG00512_hap1
54	HG00512_hap2
55	HG00513_hap1
56	HG00513_hap2
57	HG00514_hap1
58	HG00514_hap2
59	HG00544_hap1
60	HG00544_hap2
61	HG00558_hap1
62	HG00558_hap2
63	HG00597_hap1
64	HG00597_hap2
65	HG00609_hap1
66	HG00609_hap2
67	HG00621_hap1
68	HG00621_hap2
69	HG00639_hap1
70	HG00639_hap2
71	HG00642_hap1
72	HG00642_hap2
73	HG00658_hap1
74	HG00658_hap2
75	HG00673_hap1
76	HG00673_hap2
77	HG00706_hap1
78	HG00706_hap2
79	HG00731_hap1
80	HG00731_hap2
81	HG00732_hap1
82	HG00732_hap2
83	HG00733_hap1
84	HG00733_hap2
85	HG00735_hap1
86	HG00735_hap2
87	HG00738_hap1
88	HG00738_hap2
89	HG00741_hap1
90	HG00741_hap2
91	HG00864_hap1
92	HG00864_hap2
93	HG01071_hap1
94	HG01071_hap2
95	HG01074_hap1
96	HG01074_hap2
97	HG01081_hap1
98	HG01081_hap2
99	HG01099_hap1
100	HG01099_hap2
101	HG01106_hap1
102	HG01106_hap2
103	HG01109_hap1
104	HG01109_hap2
105	HG01114_hap1
106	HG01114_hap2
107	HG01123_hap1
108	HG01123_hap2
109	HG01150_hap1
110	HG01150_hap2
111	HG01167_hap1
112	HG01167_hap2
113	HG01175_hap1
114	HG01175_hap2
115	HG01192_hap1
116	HG01192_hap2
117	HG01243_hap1
118	HG01243_hap2
119	HG01252_hap1
120	HG01252_hap2
121	HG01255_hap1
122	HG01255_hap2
123	HG01258_hap1
124	HG01258_hap2
125	HG01261_hap1
126	HG01261_hap2
127	HG01346_hap1
128	HG01346_hap2
129	HG01352_hap1
130	HG01352_hap2
131	HG01358_hap1
132	HG01358_hap2
133	HG01361_hap1
134	HG01361_hap2
135	HG01433_hap1
136	HG01433_hap2
137	HG01457_hap1
138	HG01457_hap2
139	HG01496_hap1
140	HG01496_hap2
141	HG01505_hap1
142	HG01505_hap2
143	HG01530_hap1
144	HG01530_hap2
145	HG01573_hap1
146	HG01573_hap2
147	HG01596_hap1
148	HG01596_hap2
149	HG01784_hap1
150	HG01784_hap2
151	HG01786_hap1
152	HG01884_hap1
153	HG01884_hap2
154	HG01890_hap1
155	HG01890_hap2
156	HG01891_hap1
157	HG01891_hap2
158	HG01928_hap1
159	HG01928_hap2
160	HG01934_hap1
161	HG01934_hap2
162	HG01940_hap1
163	HG01940_hap2
164	HG01943_hap1
165	HG01943_hap2
166	HG01952_hap1
167	HG01952_hap2
168	HG01960_hap1
169	HG01960_hap2
170	HG01969_hap1
171	HG01969_hap2
172	HG01975_hap1
173	HG01975_hap2
174	HG01978_hap1
175	HG01978_hap2
176	HG01981_hap1
177	HG01981_hap2
178	HG01993_hap1
179	HG01993_hap2
180	HG02004_hap1
181	HG02004_hap2
182	HG02011_hap1
183	HG02011_hap2
184	HG02015_hap1
185	HG02015_hap2
186	HG02018_hap1
187	HG02018_hap2
188	HG02027_hap1
189	HG02027_hap2
190	HG02040_hap1
191	HG02040_hap2
192	HG02055_hap1
193	HG02055_hap2
194	HG02056_hap1
195	HG02056_hap2
196	HG02059_hap1
197	HG02059_hap2
198	HG02071_hap1
199	HG02071_hap2
200	HG02074_hap1
201	HG02074_hap2
202	HG02080_hap1
203	HG02080_hap2
204	HG02083_hap1
205	HG02083_hap2
206	HG02106_hap1
207	HG02106_hap2
208	HG02109_hap1
209	HG02109_hap2
210	HG02129_hap1
211	HG02129_hap2
212	HG02132_hap1
213	HG02132_hap2
214	HG02135_hap1
215	HG02135_hap2
216	HG02145_hap1
217	HG02145_hap2
218	HG02148_hap1
219	HG02148_hap2
220	HG02155_hap1
221	HG02155_hap2
222	HG02165_hap1
223	HG02165_hap2
224	HG02178_hap1
225	HG02178_hap2
226	HG02257_hap1
227	HG02257_hap2
228	HG02258_hap1
229	HG02258_hap2
230	HG02273_hap1
231	HG02273_hap2
232	HG02280_hap2
233	HG02282_hap1
234	HG02282_hap2
235	HG02293_hap1
236	HG02293_hap2
237	HG02300_hap1
238	HG02300_hap2
239	HG02391_hap1
240	HG02391_hap2
241	HG02392_hap1
242	HG02392_hap2
243	HG02451_hap1
244	HG02451_hap2
245	HG02486_hap1
246	HG02486_hap2
247	HG02492_hap1
248	HG02492_hap2
249	HG02514_hap1
250	HG02514_hap2
251	HG02523_hap1
252	HG02523_hap2
253	HG02554_hap1
254	HG02554_hap2
255	HG02559_hap1
256	HG02559_hap2
257	HG02572_hap1
258	HG02572_hap2
259	HG02583_hap1
260	HG02583_hap2
261	HG02587_hap1
262	HG02587_hap2
263	HG02602_hap1
264	HG02602_hap2
265	HG02615_hap1
266	HG02615_hap2
267	HG02622_hap1
268	HG02622_hap2
269	HG02630_hap1
270	HG02630_hap2
271	HG02647_hap1
272	HG02647_hap2
273	HG02666_hap1
274	HG02666_hap2
275	HG02668_hap1
276	HG02668_hap2
277	HG02698_hap1
278	HG02698_hap2
279	HG02717_hap1
280	HG02717_hap2
281	HG02723_hap1
282	HG02723_hap2
283	HG02735_hap1
284	HG02735_hap2
285	HG02738_hap1
286	HG02738_hap2
287	HG02769_hap1
288	HG02769_hap2
289	HG02809_hap1
290	HG02809_hap2
291	HG02818_hap1
292	HG02818_hap2
293	HG02841_hap1
294	HG02841_hap2
295	HG02886_hap1
296	HG02886_hap2
297	HG02922_hap1
298	HG02922_hap2
299	HG02953_hap1
300	HG02953_hap2
301	HG02965_hap1
302	HG02965_hap2
303	HG02976_hap1
304	HG02976_hap2
305	HG02984_hap1
306	HG02984_hap2
307	HG03009_hap1
308	HG03009_hap2
309	HG03017_hap1
310	HG03017_hap2
311	HG03041_hap1
312	HG03041_hap2
313	HG03050_hap1
314	HG03050_hap2
315	HG03065_hap1
316	HG03065_hap2
317	HG03098_hap1
318	HG03098_hap2
319	HG03130_hap1
320	HG03130_hap2
321	HG03139_hap1
322	HG03139_hap2
323	HG03195_hap1
324	HG03195_hap2
325	HG03209_hap1
326	HG03209_hap2
327	HG03225_hap1
328	HG03225_hap2
329	HG03239_hap1
330	HG03239_hap2
331	HG03248_hap1
332	HG03248_hap2
333	HG03270_hap1
334	HG03270_hap2
335	HG03369_hap1
336	HG03369_hap2
337	HG03371_hap1
338	HG03371_hap2
339	HG03452_hap1
340	HG03452_hap2
341	HG03453_hap1
342	HG03453_hap2
343	HG03456_hap1
344	HG03456_hap2
345	HG03470_hap1
346	HG03470_hap2
347	HG03471_hap1
348	HG03471_hap2
349	HG03486_hap1
350	HG03486_hap2
351	HG03516_hap1
352	HG03516_hap2
353	HG03520_hap1
354	HG03520_hap2
355	HG03521_hap1
356	HG03521_hap2
357	HG03540_hap1
358	HG03540_hap2
359	HG03579_hap1
360	HG03579_hap2
361	HG03583_hap1
362	HG03583_hap2
363	HG03654_hap1
364	HG03654_hap2
365	HG03669_hap1
366	HG03669_hap2
367	HG03683_hap1
368	HG03683_hap2
369	HG03688_hap1
370	HG03688_hap2
371	HG03704_hap1
372	HG03704_hap2
373	HG03710_hap1
374	HG03710_hap2
375	HG03732_hap2
376	HG03742_hap1
377	HG03742_hap2
378	HG03784_hap1
379	HG03784_hap2
380	HG03804_hap1
381	HG03804_hap2
382	HG03807_hap1
383	HG03807_hap2
384	HG03816_hap1
385	HG03816_hap2
386	HG03831_hap1
387	HG03831_hap2
388	HG03834_hap1
389	HG03834_hap2
390	HG03874_hap1
391	HG03874_hap2
392	HG03927_hap1
393	HG03927_hap2
394	HG03942_hap1
395	HG03942_hap2
396	HG04036_hap1
397	HG04036_hap2
398	HG04115_hap1
399	HG04115_hap2
400	HG04157_hap1
401	HG04157_hap2
402	HG04160_hap1
403	HG04160_hap2
404	HG04184_hap1
405	HG04184_hap2
406	HG04187_hap1
407	HG04187_hap2
408	HG04199_hap1
409	HG04199_hap2
410	HG04204_hap1
411	HG04204_hap2
412	HG04217_hap1
413	HG04217_hap2
414	HG04228_hap1
415	HG04228_hap2
416	HG06807_hap1
417	HG06807_hap2
418	NA12329_hap1
419	NA12329_hap2
420	NA18505_hap1
421	NA18505_hap2
422	NA18508_hap1
423	NA18508_hap2
424	NA18522_hap1
425	NA18522_hap2
426	NA18534_hap1
427	NA18534_hap2
428	NA18565_hap1
429	NA18565_hap2
430	NA18570_hap1
431	NA18570_hap2
432	NA18608_hap1
433	NA18608_hap2
434	NA18620_hap1
435	NA18620_hap2
436	NA18747_hap1
437	NA18747_hap2
438	NA18879_hap1
439	NA18879_hap2
440	NA18906_hap1
441	NA18906_hap2
442	NA18939_hap1
443	NA18939_hap2
444	NA18940_hap1
445	NA18940_hap2
446	NA18943_hap1
447	NA18943_hap2
448	NA18944_hap1
449	NA18944_hap2
450	NA18945_hap1
451	NA18945_hap2
452	NA18948_hap1
453	NA18948_hap2
454	NA18952_hap1
455	NA18952_hap2
456	NA18959_hap1
457	NA18959_hap2
458	NA18960_hap1
459	NA18960_hap2
460	NA18967_hap1
461	NA18967_hap2
462	NA18970_hap1
463	NA18970_hap2
464	NA18971_hap1
465	NA18971_hap2
466	NA18974_hap1
467	NA18974_hap2
468	NA18976_hap1
469	NA18976_hap2
470	NA18982_hap1
471	NA18982_hap2
472	NA18983_hap2
473	NA18989_hap1
474	NA18989_hap2
475	NA19036_hap2
476	NA19043_hap1
477	NA19043_hap2
478	NA19087_hap1
479	NA19087_hap2
480	NA19129_hap1
481	NA19129_hap2
482	NA19159_hap1
483	NA19159_hap2
484	NA19185_hap1
485	NA19185_hap2
486	NA19238_hap1
487	NA19238_hap2
488	NA19239_hap1
489	NA19239_hap2
490	NA19240_hap1
491	NA19240_hap2
492	NA19317_hap1
493	NA19317_hap2
494	NA19331_hap1
495	NA19331_hap2
496	NA19338_hap1
497	NA19338_hap2
498	NA19347_hap1
499	NA19347_hap2
500	NA19384_hap1
501	NA19384_hap2
502	NA19391_hap1
503	NA19391_hap2
504	NA19434_hap1
505	NA19434_hap2
506	NA19443_hap1
507	NA19443_hap2
508	NA19468_hap1
509	NA19468_hap2
510	NA19650_hap1
511	NA19650_hap2
512	NA19682_hap1
513	NA19682_hap2
514	NA19700_hap1
515	NA19705_hap1
516	NA19705_hap2
517	NA19776_hap1
518	NA19776_hap2
519	NA19835_hap1
520	NA19835_hap2
521	NA19836_hap1
522	NA19836_hap2
523	NA19909_hap1
524	NA19983_hap1
525	NA19983_hap2
526	NA20129_hap1
527	NA20129_hap2
528	NA20282_hap1
529	NA20282_hap2
530	NA20346_hap1
531	NA20346_hap2
532	NA20355_hap1
533	NA20355_hap2
534	NA20503_hap1
535	NA20503_hap2
536	NA20509_hap1
537	NA20509_hap2
538	NA20752_hap1
539	NA20752_hap2
540	NA20762_hap1
541	NA20762_hap2
542	NA20799_hap1
543	NA20799_hap2
544	NA20805_hap1
545	NA20805_hap2
546	NA20806_hap1
547	NA20806_hap2
548	NA20809_hap1
549	NA20809_hap2
550	NA20827_hap1
551	NA20827_hap2
552	NA20847_hap1
553	NA20847_hap2
554	NA20850_hap1
555	NA20850_hap2
556	NA20870_hap1
557	NA20870_hap2
558	NA20905_hap1
559	NA20905_hap2
560	NA21093_hap1
561	NA21093_hap2
562	NA21102_hap1
563	NA21102_hap2
564	NA21106_hap1
565	NA21106_hap2
566	NA21110_hap1
567	NA21110_hap2
568	NA21144_hap1
569	NA21144_hap2
570	NA21309_hap1
571	NA21309_hap2
572	NA21487_hap1
573	NA21487_hap2
574	chm13v2.0
