query_index	kmer_id	target_family	query_category	max_mismatches	dominant_chromosome	max_target_count_fraction	informative_haps	same_unique_dominant_chromosome_haps	recurrence_fraction	passes_chromosome_screen
0	k16_00c14d34	HSat2	regional_HSat2_G1_group_enriched_exact	0	chr1	0.9875515863326136	357	357	1.0	1
0	k16_00c14d34	HSat2	regional_HSat2_G1_group_enriched_exact	1	chr1	0.9164454830133205	357	357	1.0	1
0	k16_00c14d34	HSat2	regional_HSat2_G1_group_enriched_exact	2	chr1	0.8852853793305312	357	357	1.0	0
1	k16_0320c806	HSat3	G5_specific	0	chr20	0.9997824431632764	266	266	1.0	1
1	k16_0320c806	HSat3	G5_specific	1	chr17	0.6600557712856063	357	315	0.8823529411764706	0
1	k16_0320c806	HSat3	G5_specific	2	chr17	0.3299219294976541	357	345	0.9663865546218487	0
2	k16_0534d0fa	HSat2	regional_HSat2_G1_group_enriched_exact	0	chr1	0.98910312883697	357	357	1.0	1
2	k16_0534d0fa	HSat2	regional_HSat2_G1_group_enriched_exact	1	chr1	0.9185254553139819	357	357	1.0	1
2	k16_0534d0fa	HSat2	regional_HSat2_G1_group_enriched_exact	2	chr1	0.6335481160272697	357	356	0.9971988795518207	0
3	k16_0560c43a	HSat3	G6_enriched	0	chr9	0.9954389568789931	456	456	1.0	1
3	k16_0560c43a	HSat3	G6_enriched	1	chr9	0.9867425444951655	458	456	0.9956331877729258	1
3	k16_0560c43a	HSat3	G6_enriched	2	chr9	0.9521063657909647	458	456	0.9956331877729258	1
4	k16_0b34d83a	HSat2	G3_specific	0	chr1	0.6104663431103609	357	250	0.7002801120448179	0
4	k16_0b34d83a	HSat2	G3_specific	1	chr1	0.8945638861822051	357	357	1.0	0
4	k16_0b34d83a	HSat2	G3_specific	2	chr1	0.5115188363143051	357	327	0.9159663865546218	0
5	k16_0d340683	HSat2	regional_HSat2_G1_group_specific_exact	0	chr16	0.9371541842056496	468	468	1.0	1
5	k16_0d340683	HSat2	regional_HSat2_G1_group_specific_exact	1	chr16	0.7939960544642352	468	468	1.0	0
5	k16_0d340683	HSat2	regional_HSat2_G1_group_specific_exact	2	chr1	0.4476032669340167	357	299	0.8375350140056023	0
6	k16_0d34d43a	HSat2	pan	0	chr1	0.6633928458870202	357	355	0.9943977591036415	0
6	k16_0d34d43a	HSat2	pan	1	chr1	0.5201504820194788	357	334	0.9355742296918768	0
6	k16_0d34d43a	HSat2	pan	2	chr1	0.49698432557708433	357	319	0.8935574229691877	0
7	k16_0d83a0b3	HSat2	G3_specific	0	chr1	0.617757766342672	357	293	0.8207282913165266	0
7	k16_0d83a0b3	HSat2	G3_specific	1	chr1	0.9201264518280068	357	357	1.0	1
7	k16_0d83a0b3	HSat2	G3_specific	2	chr1	0.5498309431919458	357	339	0.9495798319327731	0
8	k16_0e834158	HSat3	pan	0	chr9	0.8967727323214473	458	456	0.9956331877729258	0
8	k16_0e834158	HSat3	pan	1	chr9	0.8750025022884113	458	456	0.9956331877729258	0
8	k16_0e834158	HSat3	pan	2	chr9	0.8467231341157375	458	456	0.9956331877729258	0
9	k16_1483a0d8	HSat3	G3_enriched	0	chr20	0.7298228346456693	517	312	0.6034816247582205	0
9	k16_1483a0d8	HSat3	G3_enriched	1	chr9	0.552495297460235	458	451	0.9847161572052402	0
9	k16_1483a0d8	HSat3	G3_enriched	2	chr9	0.7834377222304618	458	455	0.9934497816593887	0
10	k16_158ba0ed	HSat3	G3_enriched	0	chr5	0.5982547130978842	553	266	0.4810126582278481	0
10	k16_158ba0ed	HSat3	G3_enriched	1	chr9	0.8612835782471828	458	456	0.9956331877729258	0
10	k16_158ba0ed	HSat3	G3_enriched	2	chr9	0.72760514160104	458	456	0.9956331877729258	0
11	k16_1d1f53d4	HSat3	chromosome_HSat3_chr1	0	chr1	0.9049035115469788	350	350	1.0	1
11	k16_1d1f53d4	HSat3	chromosome_HSat3_chr1	1	chr9	0.22559710388062337	458	326	0.7117903930131004	0
11	k16_1d1f53d4	HSat3	chromosome_HSat3_chr1	2	chr9	0.5416010468252933	458	453	0.9890829694323144	0
12	k16_1dabe3d4	HSat3	chromosome	0	chr9	0.9088792252605377	458	456	0.9956331877729258	1
12	k16_1dabe3d4	HSat3	chromosome	1	chr9	0.8478163093524378	458	456	0.9956331877729258	0
12	k16_1dabe3d4	HSat3	chromosome	2	chr9	0.8264811460130296	458	456	0.9956331877729258	0
13	k16_238f53da	HSat2	chromosome_HSat2_chr1	0	chr1	0.9975418474822945	357	357	1.0	1
13	k16_238f53da	HSat2	chromosome_HSat2_chr1	1	chr1	0.7653189074994576	357	357	1.0	0
13	k16_238f53da	HSat2	chromosome_HSat2_chr1	2	chr1	0.5046646514792367	357	321	0.8991596638655462	0
14	k16_281a0283	HSat3	regional_HSat3_G1_group_specific_exact	0	chr9	0.6287830910750649	458	378	0.8253275109170306	0
14	k16_281a0283	HSat3	regional_HSat3_G1_group_specific_exact	1	chr9	0.7788510373887049	458	456	0.9956331877729258	0
14	k16_281a0283	HSat3	regional_HSat3_G1_group_specific_exact	2	chr9	0.7981808970371678	458	456	0.9956331877729258	0
15	k16_2d0f4f63	HSat2	chromosome	0	chr1	0.9992333743786033	357	357	1.0	1
15	k16_2d0f4f63	HSat2	chromosome	1	chr1	0.9061315072707675	357	357	1.0	1
15	k16_2d0f4f63	HSat2	chromosome	2	chr1	0.9164966683625335	357	357	1.0	1
16	k16_2ec3c158	HSat3	G1_specific	0	chr20	0.9984938138784293	274	269	0.9817518248175182	1
16	k16_2ec3c158	HSat3	G1_specific	1	chr9	0.6648014523393694	458	435	0.9497816593886463	0
16	k16_2ec3c158	HSat3	G1_specific	2	chr9	0.9558686994714034	458	456	0.9956331877729258	1
17	k16_2f53c4f5	HSat3	G7_enriched	0	chr9	0.7187226851582076	456	404	0.8859649122807017	0
17	k16_2f53c4f5	HSat3	G7_enriched	1	chr9	0.8973549006193784	458	456	0.9956331877729258	0
17	k16_2f53c4f5	HSat3	G7_enriched	2	chr9	0.8617459719323008	458	456	0.9956331877729258	0
18	k16_34d83a51	HSat2	chromosome_HSat2_chr10	0	chr10	0.971368426752584	560	558	0.9964285714285714	1
18	k16_34d83a51	HSat2	chromosome_HSat2_chr10	1	chr16	0.5564514854406272	468	421	0.8995726495726496	0
18	k16_34d83a51	HSat2	chromosome_HSat2_chr10	2	chr1	0.6045599324165178	357	349	0.9775910364145658	0
19	k16_360e8045	HSat2	chromosome	0	chr1	0.9684140818345611	357	357	1.0	1
19	k16_360e8045	HSat2	chromosome	1	chr1	0.8500200917410956	357	357	1.0	0
19	k16_360e8045	HSat2	chromosome	2	chr1	0.5037920109420477	357	318	0.8907563025210085	0
20	k16_360e8560	HSat2	chromosome_HSat2_chr1	0	chr1	0.9787393793816602	357	357	1.0	1
20	k16_360e8560	HSat2	chromosome_HSat2_chr1	1	chr1	0.5923669318384965	357	344	0.9635854341736695	0
20	k16_360e8560	HSat2	chromosome_HSat2_chr1	2	chr1	0.5467708741323813	357	336	0.9411764705882353	0
21	k16_390e83a8	HSat3	regional_HSat3_G1_group_enriched_exact	0	chr9	0.9081839366295765	458	456	0.9956331877729258	1
21	k16_390e83a8	HSat3	regional_HSat3_G1_group_enriched_exact	1	chr9	0.8403402865041041	458	456	0.9956331877729258	0
21	k16_390e83a8	HSat3	regional_HSat3_G1_group_enriched_exact	2	chr9	0.8300647339832482	458	456	0.9956331877729258	0
22	k16_3a0d0662	HSat3	pan_HSat3	0	chr9	0.9805674973914761	458	456	0.9956331877729258	1
22	k16_3a0d0662	HSat3	pan_HSat3	1	chr9	0.9045150176098409	458	456	0.9956331877729258	1
22	k16_3a0d0662	HSat3	pan_HSat3	2	chr9	0.8557549206546317	458	456	0.9956331877729258	0
23	k16_3a0e80c1	HSat3	regional_HSat3_G1_group_specific_exact	0	chr9	0.8938139550286452	458	454	0.9912663755458515	0
23	k16_3a0e80c1	HSat3	regional_HSat3_G1_group_specific_exact	1	chr9	0.9557284970493584	458	456	0.9956331877729258	1
23	k16_3a0e80c1	HSat3	regional_HSat3_G1_group_specific_exact	2	chr9	0.8837899192468862	458	456	0.9956331877729258	0
24	k16_3d4f91da	HSat3	pan_HSat3	0	chr9	0.958481992616096	458	456	0.9956331877729258	1
24	k16_3d4f91da	HSat3	pan_HSat3	1	chr9	0.8365794188076024	458	456	0.9956331877729258	0
24	k16_3d4f91da	HSat3	pan_HSat3	2	chr9	0.8203477681046254	458	456	0.9956331877729258	0
25	k16_3dab53d8	HSat2	pan_HSat2	0	chr1	0.9790936812954646	357	357	1.0	1
25	k16_3dab53d8	HSat2	pan_HSat2	1	chr1	0.6257802043219263	357	349	0.9775910364145658	0
25	k16_3dab53d8	HSat2	pan_HSat2	2	chr1	0.5252901359340928	357	331	0.927170868347339	0
26	k16_3dbf535a	HSat2	chromosome_HSat2_chr10	0	chr10	0.9366178263654963	560	545	0.9732142857142857	1
26	k16_3dbf535a	HSat2	chromosome_HSat2_chr10	1	chr1	0.9071074268792664	357	357	1.0	1
26	k16_3dbf535a	HSat2	chromosome_HSat2_chr10	2	chr1	0.8065610782999756	357	357	1.0	0
27	k16_3e476af8	HSat3	pan_HSat3	0	chr9	0.9675816607988608	458	456	0.9956331877729258	1
27	k16_3e476af8	HSat3	pan_HSat3	1	chr9	0.8571610451626984	458	456	0.9956331877729258	0
27	k16_3e476af8	HSat3	pan_HSat3	2	chr9	0.8216536792471567	458	456	0.9956331877729258	0
28	k16_4118ba0e	HSat3	pan_HSat3	0	chr9	0.8720341096730853	458	456	0.9956331877729258	0
28	k16_4118ba0e	HSat3	pan_HSat3	1	chr9	0.7104483495851752	458	456	0.9956331877729258	0
28	k16_4118ba0e	HSat3	pan_HSat3	2	chr9	0.7264976854940993	458	456	0.9956331877729258	0
29	k16_411b0a0e	HSat3	chromosome_HSat3_chr1	0	chr1	1.0	233	233	1.0	1
29	k16_411b0a0e	HSat3	chromosome_HSat3_chr1	1	chr1	0.8731661953654324	348	233	0.6695402298850575	0
29	k16_411b0a0e	HSat3	chromosome_HSat3_chr1	2	chr9	0.5696487873936571	458	449	0.980349344978166	0
30	k16_43143e38	HSat2	regional_HSat2_G1_group_enriched_exact	0	chr1	0.9870607086216561	357	357	1.0	1
30	k16_43143e38	HSat2	regional_HSat2_G1_group_enriched_exact	1	chr1	0.9173392567826739	357	357	1.0	1
30	k16_43143e38	HSat2	regional_HSat2_G1_group_enriched_exact	2	chr1	0.6465419715983747	357	356	0.9971988795518207	0
31	k16_43a0e814	HSat3	regional_HSat3_G1_group_enriched_exact	0	chr20	0.599604986043512	526	259	0.4923954372623574	0
31	k16_43a0e814	HSat3	regional_HSat3_G1_group_enriched_exact	1	chr9	0.9639448340519613	458	456	0.9956331877729258	1
31	k16_43a0e814	HSat3	regional_HSat3_G1_group_enriched_exact	2	chr9	0.8790221633095511	458	456	0.9956331877729258	0
32	k16_476afbf4	HSat3	chromosome_HSat3_chr1	0	chr1	0.9531898181104101	350	350	1.0	1
32	k16_476afbf4	HSat3	chromosome_HSat3_chr1	1	chr9	0.3347218856551908	458	262	0.5720524017467249	0
32	k16_476afbf4	HSat3	chromosome_HSat3_chr1	2	chr9	0.8534796183081159	458	456	0.9956331877729258	0
33	k16_4d01a0d0	HSat2	pan	0	chr1	0.6224553162571982	357	342	0.957983193277311	0
33	k16_4d01a0d0	HSat2	pan	1	chr1	0.6509697030582843	357	356	0.9971988795518207	0
33	k16_4d01a0d0	HSat2	pan	2	chr16	0.48104735695524614	468	296	0.6324786324786325	0
34	k16_4d83a118	HSat2	pan_HSat2	0	chr16	0.6507527690333633	468	460	0.9829059829059829	0
34	k16_4d83a118	HSat2	pan_HSat2	1	chr1	0.5355973481675204	357	334	0.9355742296918768	0
34	k16_4d83a118	HSat2	pan_HSat2	2	chr1	0.5689383398683878	357	342	0.957983193277311	0
35	k16_4f5be4f5	HSat3	pan_HSat3	0	chr9	0.9153867405527039	458	456	0.9956331877729258	1
35	k16_4f5be4f5	HSat3	pan_HSat3	1	chr9	0.8731829593674735	458	456	0.9956331877729258	0
35	k16_4f5be4f5	HSat3	pan_HSat3	2	chr9	0.8267643390388918	458	456	0.9956331877729258	0
36	k16_4f62d4e8	HSat2	pan_HSat2	0	chr1	0.944603000638632	357	357	1.0	1
36	k16_4f62d4e8	HSat2	pan_HSat2	1	chr1	0.9079485849671705	357	357	1.0	1
36	k16_4f62d4e8	HSat2	pan_HSat2	2	chr1	0.621964175472167	357	354	0.9915966386554622	0
37	k16_4f6fd4d6	HSat2	pan_HSat2	0	chr1	0.9182705254320518	357	357	1.0	1
37	k16_4f6fd4d6	HSat2	pan_HSat2	1	chr1	0.9228979204945171	357	357	1.0	1
37	k16_4f6fd4d6	HSat2	pan_HSat2	2	chr1	0.6431975055550032	357	355	0.9943977591036415	0
38	k16_51d8e3d4	HSat2	pan_HSat2	0	chr1	0.7257883827021878	357	356	0.9971988795518207	0
38	k16_51d8e3d4	HSat2	pan_HSat2	1	chr1	0.49308802276036895	357	311	0.8711484593837535	0
38	k16_51d8e3d4	HSat2	pan_HSat2	2	chr16	0.5046312140718724	468	311	0.6645299145299145	0
39	k16_51da7e3d	HSat3	regional_HSat3_G1_group_enriched_exact	0	chr20	0.37185955518945635	526	166	0.3155893536121673	0
39	k16_51da7e3d	HSat3	regional_HSat3_G1_group_enriched_exact	1	chr9	0.6592143139857188	458	456	0.9956331877729258	0
39	k16_51da7e3d	HSat3	regional_HSat3_G1_group_enriched_exact	2	chr9	0.7389633866509394	458	456	0.9956331877729258	0
40	k16_51dabc3c	HSat3	G5_specific	0	chr20	0.9983830979842622	273	269	0.9853479853479854	1
40	k16_51dabc3c	HSat3	G5_specific	1	chr20	0.380016769900733	526	359	0.6825095057034221	0
40	k16_51dabc3c	HSat3	G5_specific	2	chr9	0.6718586655253002	458	456	0.9956331877729258	0
41	k16_53d43eac	HSat3	chromosome_HSat3_chr10	0	chr10	0.9179445052939029	560	548	0.9785714285714285	1
41	k16_53d43eac	HSat3	chromosome_HSat3_chr10	1	chr9	0.39647488640282147	458	297	0.648471615720524	0
41	k16_53d43eac	HSat3	chromosome_HSat3_chr10	2	chr9	0.6999069437843826	458	455	0.9934497816593887	0
42	k16_562e83b4	HSat3	G2_enriched	0	chr5	0.598766954377312	553	266	0.4810126582278481	0
42	k16_562e83b4	HSat3	G2_enriched	1	chr9	0.8605307416957451	458	456	0.9956331877729258	0
42	k16_562e83b4	HSat3	G2_enriched	2	chr9	0.7278614090952215	458	456	0.9956331877729258	0
43	k16_583a0d74	HSat2	pan_HSat2	0	chr1	0.9244651802103072	357	357	1.0	1
43	k16_583a0d74	HSat2	pan_HSat2	1	chr1	0.7807648902316007	357	357	1.0	0
43	k16_583a0d74	HSat2	pan_HSat2	2	chr1	0.504498438804372	357	328	0.9187675070028011	0
44	k16_60e83458	HSat2	pan_HSat2	0	chr1	0.8481354181819883	357	357	1.0	0
44	k16_60e83458	HSat2	pan_HSat2	1	chr1	0.6012462507462328	357	346	0.969187675070028	0
44	k16_60e83458	HSat2	pan_HSat2	2	chr16	0.4706054535022218	468	274	0.5854700854700855	0
45	k16_60e836d1	HSat2	chromosome_HSat2_chr10	0	chr10	0.9668964579663186	560	523	0.9339285714285714	1
45	k16_60e836d1	HSat2	chromosome_HSat2_chr10	1	chr1	0.3699341090807869	357	283	0.7927170868347339	0
45	k16_60e836d1	HSat2	chromosome_HSat2_chr10	2	chr1	0.5054660989157386	357	325	0.9103641456582633	0
46	k16_6214f638	HSat2	chromosome_HSat2_chr1	0	chr1	0.9157692208093339	357	357	1.0	1
46	k16_6214f638	HSat2	chromosome_HSat2_chr1	1	chr1	0.6459855273480954	357	354	0.9915966386554622	0
46	k16_6214f638	HSat2	chromosome_HSat2_chr1	2	chr1	0.5762298470792638	357	344	0.9635854341736695	0
47	k16_62e83a02	HSat3	pan_HSat3	0	chr9	0.8133822764228515	458	456	0.9956331877729258	0
47	k16_62e83a02	HSat3	pan_HSat3	1	chr9	0.6632844646749134	458	456	0.9956331877729258	0
47	k16_62e83a02	HSat3	pan_HSat3	2	chr9	0.7467130139825512	458	456	0.9956331877729258	0
48	k16_62e83f06	HSat3	chromosome_HSat3_chr1	0	chr1	0.9991287680780624	235	233	0.9914893617021276	1
48	k16_62e83f06	HSat3	chromosome_HSat3_chr1	1	chr1	0.6455827067669173	350	253	0.7228571428571429	0
48	k16_62e83f06	HSat3	chromosome_HSat3_chr1	2	chr9	0.23926436384704905	458	313	0.6834061135371179	0
49	k16_63d47638	HSat2	pan_HSat2	0	chr1	0.701981366314234	357	356	0.9971988795518207	0
49	k16_63d47638	HSat2	pan_HSat2	1	chr1	0.6120123126701834	357	347	0.9719887955182073	0
49	k16_63d47638	HSat2	pan_HSat2	2	chr1	0.4609007881930538	357	298	0.834733893557423	0
50	k16_63e4f600	HSat2	G1_specific	0	chr1	0.6010606060606061	357	279	0.7815126050420168	0
50	k16_63e4f600	HSat2	G1_specific	1	chr1	0.9341900216639153	357	357	1.0	1
50	k16_63e4f600	HSat2	G1_specific	2	chr1	0.7485812190599793	357	357	1.0	0
51	k16_66fbf53d	HSat3	regional_HSat3_G1_group_specific_exact	0	chr9	0.7439858581200522	458	402	0.8777292576419214	0
51	k16_66fbf53d	HSat3	regional_HSat3_G1_group_specific_exact	1	chr9	0.9512182921128457	458	456	0.9956331877729258	1
51	k16_66fbf53d	HSat3	regional_HSat3_G1_group_specific_exact	2	chr9	0.907106288330195	458	456	0.9956331877729258	1
52	k16_6834d350	HSat2	chromosome_HSat2_chr10	0	chr10	0.9080964315881302	560	551	0.9839285714285714	1
52	k16_6834d350	HSat2	chromosome_HSat2_chr10	1	chr1	0.5394495294511888	357	343	0.9607843137254902	0
52	k16_6834d350	HSat2	chromosome_HSat2_chr10	2	chr16	0.5088445203935706	468	334	0.7136752136752137	0
53	k16_69f8f53d	HSat3	regional_HSat3_G1_group_enriched_exact	0	chr9	0.6482377647918188	458	409	0.8930131004366813	0
53	k16_69f8f53d	HSat3	regional_HSat3_G1_group_enriched_exact	1	chr9	0.881991111211682	458	456	0.9956331877729258	0
53	k16_69f8f53d	HSat3	regional_HSat3_G1_group_enriched_exact	2	chr9	0.8672411352197097	458	456	0.9956331877729258	0
54	k16_6c53d4f5	HSat3	pan_HSat3	0	chr9	0.9366449850061436	458	456	0.9956331877729258	1
54	k16_6c53d4f5	HSat3	pan_HSat3	1	chr9	0.9038568441587416	458	456	0.9956331877729258	1
54	k16_6c53d4f5	HSat3	pan_HSat3	2	chr9	0.8331640972239154	458	456	0.9956331877729258	0
55	k16_6f12d4f5	HSat3	chromosome_HSat3_chr10	0	chr10	0.9045399985878698	560	553	0.9875	1
55	k16_6f12d4f5	HSat3	chromosome_HSat3_chr10	1	chr9	0.4629473475360234	458	434	0.9475982532751092	0
55	k16_6f12d4f5	HSat3	chromosome_HSat3_chr10	2	chr9	0.8671326890587296	458	456	0.9956331877729258	0
56	k16_75ee83a0	HSat3	G2_enriched	0	chr5	0.5597721785426856	556	289	0.5197841726618705	0
56	k16_75ee83a0	HSat3	G2_enriched	1	chr9	0.27216981132075474	458	240	0.5240174672489083	0
56	k16_75ee83a0	HSat3	G2_enriched	2	chr9	0.39493623290769714	458	447	0.9759825327510917	0
57	k16_7c6efbf4	HSat3	chromosome_HSat3_chr1	0	chr1	1.0	233	233	1.0	1
57	k16_7c6efbf4	HSat3	chromosome_HSat3_chr1	1	chr1	0.999940819647877	233	233	1.0	1
57	k16_7c6efbf4	HSat3	chromosome_HSat3_chr1	2	chr1	0.9749009704035564	318	233	0.7327044025157232	0
58	k16_80a0d3cd	HSat2	G2_specific	0	chr16	0.7714703561875805	468	462	0.9871794871794872	0
58	k16_80a0d3cd	HSat2	G2_specific	1	chr16	0.5951969366057944	468	441	0.9423076923076923	0
58	k16_80a0d3cd	HSat2	G2_specific	2	chr1	0.4986667210402196	357	321	0.8991596638655462	0
59	k16_8320d364	HSat2	regional_HSat2_G1_group_specific_exact	0	chr16	0.9831903915058389	468	468	1.0	1
59	k16_8320d364	HSat2	regional_HSat2_G1_group_specific_exact	1	chr1	0.6902018659580701	357	356	0.9971988795518207	0
59	k16_8320d364	HSat2	regional_HSat2_G1_group_specific_exact	2	chr1	0.5934802611375486	357	346	0.969187675070028	0
60	k16_83415831	HSat3	G6_enriched	0	chr9	0.8911497789383872	456	455	0.9978070175438597	0
60	k16_83415831	HSat3	G6_enriched	1	chr9	0.9792386937436499	458	456	0.9956331877729258	1
60	k16_83415831	HSat3	G6_enriched	2	chr9	0.9556427957236698	458	456	0.9956331877729258	1
61	k16_8b53d0e1	HSat2	regional_HSat2_G1_group_specific_exact	0	chr16	0.9622589020771514	468	468	1.0	1
61	k16_8b53d0e1	HSat2	regional_HSat2_G1_group_specific_exact	1	chr1	0.4643717530094451	357	307	0.8599439775910365	0
61	k16_8b53d0e1	HSat2	regional_HSat2_G1_group_specific_exact	2	chr1	0.4636016103795486	357	299	0.8375350140056023	0
62	k16_8ba0e809	HSat3	regional_HSat3_G1_group_enriched_exact	0	chr20	0.5073727983175202	526	189	0.3593155893536122	0
62	k16_8ba0e809	HSat3	regional_HSat3_G1_group_enriched_exact	1	chr9	0.6417274734992557	458	454	0.9912663755458515	0
62	k16_8ba0e809	HSat3	regional_HSat3_G1_group_enriched_exact	2	chr9	0.7697262523416324	458	456	0.9956331877729258	0
63	k16_8f53d4f9	HSat3	pan	0	chr9	0.9824301036025168	458	456	0.9956331877729258	1
63	k16_8f53d4f9	HSat3	pan	1	chr9	0.8637539699489085	458	456	0.9956331877729258	0
63	k16_8f53d4f9	HSat3	pan	2	chr9	0.8219681675616229	458	456	0.9956331877729258	0
64	k16_90ec3acc	HSat3	chromosome_HSat3_chr10	0	chr10	0.9166789053703431	559	555	0.9928443649373881	1
64	k16_90ec3acc	HSat3	chromosome_HSat3_chr10	1	chr10	0.48960102175585263	560	463	0.8267857142857142	0
64	k16_90ec3acc	HSat3	chromosome_HSat3_chr10	2	chr9	0.8023184397188459	458	456	0.9956331877729258	0
65	k16_93d803d4	HSat2	G1_specific	0	chr1	0.6025515210991168	357	278	0.7787114845938375	0
65	k16_93d803d4	HSat2	G1_specific	1	chr1	0.9528606598327846	357	357	1.0	1
65	k16_93d803d4	HSat2	G1_specific	2	chr1	0.7198170021982039	357	356	0.9971988795518207	0
66	k16_a0d0562c	HSat3	pan_HSat3	0	chr9	0.9813482010815651	458	456	0.9956331877729258	1
66	k16_a0d0562c	HSat3	pan_HSat3	1	chr9	0.8967390930666482	458	456	0.9956331877729258	0
66	k16_a0d0562c	HSat3	pan_HSat3	2	chr9	0.8552838704549397	458	456	0.9956331877729258	0
67	k16_a0d364c8	HSat2	chromosome_HSat2_chr1	0	chr1	0.9148581271583688	357	357	1.0	1
67	k16_a0d364c8	HSat2	chromosome_HSat2_chr1	1	chr1	0.8940863469157763	357	357	1.0	0
67	k16_a0d364c8	HSat2	chromosome_HSat2_chr1	2	chr1	0.4893034020327805	357	305	0.8543417366946778	0
68	k16_a0e834c5	HSat3	G7_enriched	0	chr9	0.769348630367353	457	390	0.8533916849015317	0
68	k16_a0e834c5	HSat3	G7_enriched	1	chr9	0.6413773196142781	458	452	0.9868995633187773	0
68	k16_a0e834c5	HSat3	G7_enriched	2	chr9	0.8696386801206454	458	456	0.9956331877729258	0
69	k16_b60e8760	HSat2	regional_HSat2_G1_group_enriched_exact	0	chr16	0.9395240459910615	468	468	1.0	1
69	k16_b60e8760	HSat2	regional_HSat2_G1_group_enriched_exact	1	chr1	0.4659802859279862	357	302	0.84593837535014	0
69	k16_b60e8760	HSat2	regional_HSat2_G1_group_enriched_exact	2	chr1	0.5266358321350539	357	331	0.927170868347339	0
70	k16_c1fd4350	HSat3	G1_specific	0	chr20	1.0	270	270	1.0	1
70	k16_c1fd4350	HSat3	G1_specific	1	chr20	0.9986164238626191	523	523	1.0	1
70	k16_c1fd4350	HSat3	G1_specific	2	chr20	0.5513190758663753	526	512	0.973384030418251	0
71	k16_d34583a0	HSat2	regional_HSat2_G1_group_enriched_exact	0	chr1	0.5891959474024574	357	284	0.7955182072829131	0
71	k16_d34583a0	HSat2	regional_HSat2_G1_group_enriched_exact	1	chr16	0.4798779116705971	468	288	0.6153846153846154	0
71	k16_d34583a0	HSat2	regional_HSat2_G1_group_enriched_exact	2	chr1	0.47032299730089483	357	311	0.8711484593837535	0
