kmer_id	canonical_kmer	family	group	category	in_group_haps	out_group_haps	in_group_count_ge10_fraction	out_group_count_ge10_fraction	in_group_median_density_per_M	out_group_median_density_per_M	log2_median_density_ratio	family_background_E	family_count_fraction
k16_562e83b4	CCCGAGTGGAATGTCA	HSat3	G2	group_enriched_exact	54	388	0.9074074074074074	0.35051546391752575	12.710152380805624	0.44695974987585174	4.826581910459149	10.439400846181094	1.0
k16_158ba0ed	ACCCGAGTGGAATGTC	HSat3	G2	group_enriched_exact	54	388	0.9074074074074074	0.35051546391752575	12.322880090033744	0.44695974987585174	4.781943631145065	10.437266113032827	1.0
k16_384f51da	ATGACATTCCACTCGG	HSat3	G2	group_enriched_exact	54	388	0.9074074074074074	0.3479381443298969	12.241958194675426	0.7390726342671723	4.048141509244962	10.365735539961259	1.0
k16_4e13d476	CATGACATTCCACTCG	HSat3	G2	group_enriched_exact	54	388	0.9074074074074074	0.35051546391752575	12.241958194675426	0.7390726342671723	4.048141509244962	11.534900984646562	1.0
k16_75ee83a0	CTCCTGTGGAATGGAA	HSat3	G2	group_enriched_exact	54	388	1.0	0.37628865979381443	14.762476141510398	1.4699404133189615	3.3272217414568246	10.300324324272012	1.0
k16_3d4f5128	ATTCCATTCCACAGGA	HSat3	G2	group_enriched_exact	54	388	1.0	0.37628865979381443	14.762476141510398	1.5074250612460116	3.290917521763922	10.288463339040371	1.0
k16_1d7ba0e8	ACTCCTGTGGAATGGA	HSat3	G2	group_enriched_exact	54	388	1.0	0.37371134020618557	14.233210212133903	1.8744135882622301	2.924081751204333	10.865961083794184	1.0
k16_3d44a2f8	ATTCCACAGGAGTTGA	HSat3	G2	group_enriched_exact	54	388	0.9629629629629629	0.36855670103092786	13.715701952991445	1.8147109445578988	2.9173271877433904	10.44628924793563	1.0
k16_41d7ba0e	CAACTCCTGTGGAATG	HSat3	G2	group_enriched_exact	54	388	0.9629629629629629	0.36855670103092786	13.715701952991445	1.8147109445578988	2.9173271877433904	10.332222248318885	1.0
k16_0eb1e0c8	AATGGTACTGAATAGA	HSat3	G2	group_enriched_exact	54	388	0.8703703703703703	0.2860824742268041	6.302215013115764	0.8810383453415338	2.8371745949521636	10.206207662516702	1.0
k16_3ac78320	ATGGTACTGAATAGAA	HSat3	G2	group_enriched_exact	54	388	0.8703703703703703	0.2860824742268041	6.302215013115764	0.8810383453415338	2.8371745949521636	10.34026697044949	1.0
k16_73d2c53d	CTATTCAGTACCATTC	HSat3	G2	group_enriched_exact	54	388	0.8703703703703703	0.2860824742268041	6.302215013115764	0.8810383453415338	2.8371745949521636	10.521014228513922	1.0
k16_4f73d2c5	CATTCTATTCAGTACC	HSat3	G2	group_enriched_exact	54	388	0.8703703703703703	0.2860824742268041	6.236868546189578	0.8810383453415338	2.822139869038817	10.632969934826297	1.0
k16_53dcf4b1	CCATTCTATTCAGTAC	HSat3	G2	group_enriched_exact	54	388	0.8703703703703703	0.2860824742268041	6.236868546189578	0.8810383453415338	2.822139869038817	10.05829011236409	0.9999481542928246
k16_58b90e80	CCGAGTGCAATGGAAA	HSat3	G2	group_enriched_exact	54	388	0.9074074074074074	0.30412371134020616	6.0985485327577145	0.9186572582762207	2.7295342665779065	12.45351623916608	1.0
k16_0c8180e0	AATAGAACGAAATGAA	HSat3	G2	group_enriched_exact	54	388	1.0	0.38144329896907214	14.859343522518529	2.2775856607726457	2.7052569535186124	10.13222871749467	1.0
k16_44a2f8f5	CACAGGAGTTGATTCC	HSat3	G2	group_enriched_exact	54	388	0.9629629629629629	0.37371134020618557	13.71849089946317	2.7932440097235434	2.295697031294672	10.015850457671238	1.0
k16_5128be3d	CCACAGGAGTTGATTC	HSat3	G2	group_enriched_exact	54	388	0.9629629629629629	0.37371134020618557	13.71849089946317	2.7954357314318337	2.2945658678770036	10.41230973961514	1.0
k16_0d075ee8	AATCAACTCCTGTGGA	HSat3	G2	group_enriched_exact	54	388	0.9629629629629629	0.37628865979381443	13.71849089946317	2.803651519535414	2.290333516291077	10.089257526239276	1.0
k16_0e8341d7	AATGGAATCAACTCCT	HSat3	G2	group_enriched_exact	54	388	0.9629629629629629	0.37371134020618557	13.459366704248096	2.7764330708596354	2.2768936623677014	10.869384517028669	1.0
k16_128be3d4	ACAGGAGTTGATTCCA	HSat3	G2	group_enriched_exact	54	388	0.9629629629629629	0.37371134020618557	13.459366704248096	2.790796411549076	2.2694520705306407	10.401981106286064	1.0
k16_53d477bd	CCATTCCACTCTGTTC	HSat3	G2	group_enriched_exact	54	388	0.8148148148148148	0.2706185567010309	7.232047837225924	1.5652851173546745	2.2072568369719314	11.009706343522959	0.9981460794333659
k16_2f8f53d6	AGTTGATTCCATTCCG	HSat3	G2	group_enriched_exact	54	388	1.0	0.6443298969072165	18.65058160243733	4.075902068073432	2.1937527650660567	12.22813077988538	0.9999052132701421
k16_03a3e81a	AAATGGATTGGAACGG	HSat3	G2	group_enriched_exact	54	388	0.9259259259259259	0.37628865979381443	12.437633732474467	2.800627883979815	2.1504907747287825	10.439874802667083	1.0
k16_0dabd3f4	AATCGGGTTCATTTCA	HSat3	G2	group_enriched_exact	54	388	0.9814814814814815	0.6932989690721649	18.53381911296748	4.27507267931666	2.1158797560195803	11.193656811720244	1.0
k16_436af4fd	CAATCGGGTTCATTTC	HSat3	G2	group_enriched_exact	54	388	0.9814814814814815	0.7010309278350515	18.567856848866967	4.2921578463183305	2.112773879267127	11.059185741498872	1.0
k16_3e4362f8	ATTGCAATCGAGTTGA	HSat3	G2	group_enriched_exact	54	388	0.9074074074074074	0.3582474226804124	8.14208227139095	1.9209662688114382	2.0829919617453774	19.43574869293275	1.0
k16_0d0763e4	AATCAACTCGATTGCA	HSat3	G2	group_enriched_exact	54	388	0.9074074074074074	0.3582474226804124	8.14208227139095	1.9378384189618485	2.070382402714236	19.065503745404556	1.0
k16_341d8f90	ATCAACTCGATTGCAA	HSat3	G2	group_enriched_exact	54	388	0.9074074074074074	0.3582474226804124	8.14208227139095	1.9378384189618485	2.070382402714236	19.036475377007054	1.0
k16_8341d8f9	GAATCAACTCGATTGC	HSat3	G2	group_enriched_exact	54	388	0.9074074074074074	0.3582474226804124	8.14208227139095	1.9378384189618485	2.070382402714236	19.049110234577565	1.0
k16_41d8f90e	CAACTCGATTGCAATG	HSat3	G2	group_enriched_exact	54	388	0.9074074074074074	0.3556701030927835	7.6932062910324355	1.9209662688114382	2.0011894940374497	18.805864168219856	1.0
